{
  "batch_number": 3,
  "timestamp": "2025-11-15T00:59:38.456081",
  "unix_timestamp": 1763148578,
  "session_id": "20251115_005808",
  "databases": {
    "bmdb": {
      "db_name": "bmdb",
      "status": "success",
      "filepath": "2025/11/15/00/BM_20251115_005938_0003.json",
      "error": null,
      "record_count": 1,
      "data_size_bytes": 8450
    },
    "lmdb": {
      "db_name": "lmdb",
      "status": "success",
      "filepath": "2025/11/15/00/LM_20251115_005938_0003.json",
      "error": null,
      "record_count": 1,
      "data_size_bytes": 297
    },
    "qoedb": {
      "db_name": "qoedb",
      "status": "success",
      "filepath": "2025/11/15/00/QOE_20251115_005938_0003.json",
      "error": null,
      "record_count": 1,
      "data_size_bytes": 28
    },
    "stdb": {
      "db_name": "stdb",
      "status": "success",
      "filepath": "2025/11/15/00/ST_20251115_005938_0003.json",
      "error": null,
      "record_count": 1,
      "data_size_bytes": 4386
    },
    "neighbordb": {
      "db_name": "neighbordb",
      "status": "success",
      "filepath": "2025/11/15/00/NB_20251115_005938_0003.json",
      "error": null,
      "record_count": 0,
      "data_size_bytes": 2
    },
    "bsstmdb": {
      "db_name": "bsstmdb",
      "status": "success",
      "filepath": "2025/11/15/00/BSSTM_20251115_005938_0003.json",
      "error": null,
      "record_count": 0,
      "data_size_bytes": 2
    }
  },
  "summary": {
    "total_databases": 6,
    "successful_saves": 6,
    "failed_saves": 0,
    "total_records": 4,
    "total_size_bytes": 13165
  }
}