{
  "batch_number": 15,
  "timestamp": "2025-11-15T00:50:52.146331",
  "unix_timestamp": 1763148052,
  "session_id": "20251115_004322",
  "databases": {
    "bmdb": {
      "db_name": "bmdb",
      "status": "success",
      "filepath": "2025/11/15/00/BM_20251115_005052_0015.json",
      "error": null,
      "record_count": 1,
      "data_size_bytes": 27276
    },
    "lmdb": {
      "db_name": "lmdb",
      "status": "success",
      "filepath": "2025/11/15/00/LM_20251115_005052_0015.json",
      "error": null,
      "record_count": 0,
      "data_size_bytes": 2
    },
    "qoedb": {
      "db_name": "qoedb",
      "status": "success",
      "filepath": "2025/11/15/00/QOE_20251115_005052_0015.json",
      "error": null,
      "record_count": 1,
      "data_size_bytes": 41
    },
    "stdb": {
      "db_name": "stdb",
      "status": "success",
      "filepath": "2025/11/15/00/ST_20251115_005052_0015.json",
      "error": null,
      "record_count": 1,
      "data_size_bytes": 4412
    },
    "neighbordb": {
      "db_name": "neighbordb",
      "status": "success",
      "filepath": "2025/11/15/00/NB_20251115_005052_0015.json",
      "error": null,
      "record_count": 0,
      "data_size_bytes": 2
    },
    "bsstmdb": {
      "db_name": "bsstmdb",
      "status": "success",
      "filepath": "2025/11/15/00/BSSTM_20251115_005052_0015.json",
      "error": null,
      "record_count": 0,
      "data_size_bytes": 2
    }
  },
  "summary": {
    "total_databases": 6,
    "successful_saves": 6,
    "failed_saves": 0,
    "total_records": 3,
    "total_size_bytes": 31735
  }
}