{
  "metadata": {
    "db_name": "lmdb",
    "db_type": "LinkMeasurementDB",
    "session_id": "20251115_004322",
    "batch_number": 8,
    "timestamp": "2025-11-15T00:47:22.078990",
    "unix_timestamp": 1763147842,
    "record_count": 1,
    "data_size_bytes": 297,
    "version": "1.0"
  },
  "data": {
    "0e:ed:c0:e3:59:0e": {
      "sta_mac": "0e:ed:c0:e3:59:0e",
      "measurement_token": 105,
      "tx_power": 8,
      "link_margin": 0,
      "rx_antenna_id": 0,
      "tx_antenna_id": 0,
      "rcpi": 148,
      "rsni": 59,
      "bssid": "0e:ed:c0:e3:59:0e",
      "operating_class": null,
      "channel_number": null,
      "parent_tsf": null,
      "rssi_dbm": -36.0
    }
  }
}