{
  "batch_number": 1053,
  "timestamp": "2025-11-15T18:04:00.306311",
  "unix_timestamp": 1763210040,
  "session_id": "20251115_091652",
  "databases": {
    "bmdb": {
      "db_name": "bmdb",
      "status": "success",
      "filepath": "2025/11/15/18/BM_20251115_180400_1053.json",
      "error": null,
      "record_count": 0,
      "data_size_bytes": 2
    },
    "lmdb": {
      "db_name": "lmdb",
      "status": "success",
      "filepath": "2025/11/15/18/LM_20251115_180400_1053.json",
      "error": null,
      "record_count": 0,
      "data_size_bytes": 2
    },
    "qoedb": {
      "db_name": "qoedb",
      "status": "success",
      "filepath": "2025/11/15/18/QOE_20251115_180400_1053.json",
      "error": null,
      "record_count": 1,
      "data_size_bytes": 41
    },
    "stdb": {
      "db_name": "stdb",
      "status": "success",
      "filepath": "2025/11/15/18/ST_20251115_180400_1053.json",
      "error": null,
      "record_count": 1,
      "data_size_bytes": 3158
    },
    "neighbordb": {
      "db_name": "neighbordb",
      "status": "success",
      "filepath": "2025/11/15/18/NB_20251115_180400_1053.json",
      "error": null,
      "record_count": 0,
      "data_size_bytes": 2
    },
    "bsstmdb": {
      "db_name": "bsstmdb",
      "status": "failed",
      "filepath": null,
      "error": "Object of type bytes is not JSON serializable"
    }
  },
  "summary": {
    "total_databases": 6,
    "successful_saves": 5,
    "failed_saves": 1,
    "total_records": 2,
    "total_size_bytes": 3205
  }
}