{
  "batch_number": 2,
  "timestamp": "2025-11-15T18:56:11.889200",
  "unix_timestamp": 1763213171,
  "session_id": "20251115_185511",
  "databases": {
    "bmdb": {
      "db_name": "bmdb",
      "status": "success",
      "filepath": "2025/11/15/18/BM_20251115_185611_0002.json",
      "error": null,
      "record_count": 1,
      "data_size_bytes": 2077
    },
    "lmdb": {
      "db_name": "lmdb",
      "status": "success",
      "filepath": "2025/11/15/18/LM_20251115_185611_0002.json",
      "error": null,
      "record_count": 1,
      "data_size_bytes": 295
    },
    "qoedb": {
      "db_name": "qoedb",
      "status": "success",
      "filepath": "2025/11/15/18/QOE_20251115_185611_0002.json",
      "error": null,
      "record_count": 1,
      "data_size_bytes": 41
    },
    "stdb": {
      "db_name": "stdb",
      "status": "success",
      "filepath": "2025/11/15/18/ST_20251115_185611_0002.json",
      "error": null,
      "record_count": 1,
      "data_size_bytes": 4408
    },
    "neighbordb": {
      "db_name": "neighbordb",
      "status": "success",
      "filepath": "2025/11/15/18/NB_20251115_185611_0002.json",
      "error": null,
      "record_count": 0,
      "data_size_bytes": 2
    },
    "bsstmdb": {
      "db_name": "bsstmdb",
      "status": "success",
      "filepath": "2025/11/15/18/BSSTM_20251115_185611_0002.json",
      "error": null,
      "record_count": 0,
      "data_size_bytes": 2
    }
  },
  "summary": {
    "total_databases": 6,
    "successful_saves": 6,
    "failed_saves": 0,
    "total_records": 4,
    "total_size_bytes": 6825
  }
}