{
  "metadata": {
    "db_name": "lmdb",
    "db_type": "LinkMeasurementDB",
    "session_id": "20251115_185511",
    "batch_number": 7,
    "timestamp": "2025-11-15T18:58:41.942267",
    "unix_timestamp": 1763213321,
    "record_count": 3,
    "data_size_bytes": 886,
    "version": "1.0"
  },
  "data": {
    "0e:ed:c0:e3:59:0e": {
      "sta_mac": "0e:ed:c0:e3:59:0e",
      "measurement_token": 1,
      "tx_power": 8,
      "link_margin": 0,
      "rx_antenna_id": 0,
      "tx_antenna_id": 0,
      "rcpi": 128,
      "rsni": 49,
      "bssid": "0e:ed:c0:e3:59:0e",
      "operating_class": null,
      "channel_number": null,
      "parent_tsf": null,
      "rssi_dbm": -46.0
    },
    "c2:fd:57:35:97:a9": {
      "sta_mac": "c2:fd:57:35:97:a9",
      "measurement_token": 3,
      "tx_power": 13,
      "link_margin": 0,
      "rx_antenna_id": 1,
      "tx_antenna_id": 1,
      "rcpi": 136,
      "rsni": 54,
      "bssid": "c2:fd:57:35:97:a9",
      "operating_class": null,
      "channel_number": null,
      "parent_tsf": null,
      "rssi_dbm": -42.0
    },
    "72:97:c7:a1:d4:59": {
      "sta_mac": "72:97:c7:a1:d4:59",
      "measurement_token": 4,
      "tx_power": 8,
      "link_margin": 0,
      "rx_antenna_id": 0,
      "tx_antenna_id": 0,
      "rcpi": 122,
      "rsni": 41,
      "bssid": "72:97:c7:a1:d4:59",
      "operating_class": null,
      "channel_number": null,
      "parent_tsf": null,
      "rssi_dbm": -49.0
    }
  }
}