{
  "metadata": {
    "db_name": "lmdb",
    "db_type": "LinkMeasurementDB",
    "session_id": "20251115_185511",
    "batch_number": 3,
    "timestamp": "2025-11-15T18:56:41.896054",
    "unix_timestamp": 1763213201,
    "record_count": 1,
    "data_size_bytes": 295,
    "version": "1.0"
  },
  "data": {
    "0e:ed:c0:e3:59:0e": {
      "sta_mac": "0e:ed:c0:e3:59:0e",
      "measurement_token": 1,
      "tx_power": 8,
      "link_margin": 0,
      "rx_antenna_id": 0,
      "tx_antenna_id": 0,
      "rcpi": 128,
      "rsni": 49,
      "bssid": "0e:ed:c0:e3:59:0e",
      "operating_class": null,
      "channel_number": null,
      "parent_tsf": null,
      "rssi_dbm": -46.0
    }
  }
}