{
  "metadata": {
    "db_name": "stdb",
    "db_type": "StationDB",
    "session_id": "20251115_091652",
    "batch_number": 1076,
    "timestamp": "2025-11-15T18:15:31.463764",
    "unix_timestamp": 1763210731,
    "record_count": 1,
    "data_size_bytes": 3152,
    "version": "1.0"
  },
  "data": {
    "f2:9a:ce:72:09:fc": {
      "info_dict": {
        "mac": "f2:9a:ce:72:09:fc",
        "flags": [
          "AUTH",
          "ASSOC",
          "AUTHORIZED",
          "SHORT_PREAMBLE",
          "WMM"
        ],
        "aid": 3,
        "listen_interval": 5,
        "supported_rates": [
          1.0,
          2.0,
          5.5,
          6.0,
          9.0,
          11.0,
          12.0,
          18.0,
          24.0,
          36.0,
          48.0,
          54.0
        ],
        "timeout_next": "NULLFUNC POLL",
        "rx_packets": 40157,
        "tx_packets": 6887,
        "rx_bytes": 3643976,
        "tx_bytes": 627119,
        "rx_airtime": 0,
        "tx_airtime": 0,
        "beacons_count": 0,
        "inactive_msec": 529,
        "connected_sec": 28283,
        "signal": -69,
        "avg_signal": -68,
        "avg_beacon_signal": 0,
        "avg_ack_signal": 0,
        "tx_retries": 147,
        "tx_failed": 1183,
        "rx_drop_misc": 727,
        "backlog_packets": 0,
        "backlog_bytes": 0,
        "fcs_error_count": 0,
        "beacon_loss_count": 0,
        "expected_throughput": 0,
        "tx_bitrate": 24,
        "rx_bitrate": 36,
        "tx_duration": 0,
        "rx_duration": 0,
        "rx_mcs": 0,
        "tx_mcs": 0,
        "rx_vhtmcs": 0,
        "tx_vhtmcs": 0,
        "rx_he_nss": 0,
        "tx_he_nss": 0,
        "rx_vht_nss": 0,
        "tx_vht_nss": 0,
        "rx_dcm": 0,
        "tx_dcm": 0,
        "rx_guard_interval": 0,
        "tx_guard_interval": 0,
        "rx_rate_info": 360,
        "tx_rate_info": 240,
        "connected_time": 28282
      },
      "raw": "f2:9a:ce:72:09:fc\nflags=[AUTH][ASSOC][AUTHORIZED][SHORT_PREAMBLE][WMM]\naid=3\ncapability=0x421\nlisten_interval=5\nsupported_rates=82 84 8b 0c 12 96 18 24 30 48 60 6c\ntimeout_next=NULLFUNC POLL\nrx_packets=40157\ntx_packets=6887\nrx_bytes=3643976\ntx_bytes=627119\nrx_airtime=0\ntx_airtime=0\nbeacons_count=0\ninactive_msec=529\nconnected_sec=28283\nsignal=-69\navg_signal=-68\navg_beacon_signal=0\navg_ack_signal=0\ntx_retries=147\ntx_failed=1183\nrx_drop_misc=727\nbacklog_packets=0\nbacklog_bytes=0\nfcs_error_count=0\nbeacon_loss_count=0\nexpected_throughput=0\ntx_bitrate=24\nrx_bitrate=36\ntx_duration=0\nrx_duration=0\nrx_mcs=0\ntx_mcs=0\nrx_vhtmcs=0\ntx_vhtmcs=0\nrx_he_nss=0\ntx_he_nss=0\nrx_vht_nss=0\ntx_vht_nss=0\nrx_dcm=0\ntx_dcm=0\nrx_guard_interval=0\ntx_guard_interval=0\nrx_rate_info=360\ntx_rate_info=240\nconnected_time=28282\next_capab=0400000000000040\n",
      "mac": "f2:9a:ce:72:09:fc",
      "flags": [
        "AUTH",
        "ASSOC",
        "AUTHORIZED",
        "SHORT_PREAMBLE",
        "WMM"
      ],
      "aid": 3,
      "capability": [
        "ESS",
        "SHORT_PREAMBLE",
        "SHORT_SLOT_TIME"
      ],
      "listen_interval": 5,
      "supported_rates": [
        1.0,
        2.0,
        5.5,
        6.0,
        9.0,
        11.0,
        12.0,
        18.0,
        24.0,
        36.0,
        48.0,
        54.0
      ],
      "timeout_next": "NULLFUNC POLL",
      "rx_packets": 40157,
      "tx_packets": 6887,
      "rx_bytes": 3643976,
      "tx_bytes": 627119,
      "rx_airtime": 0,
      "tx_airtime": 0,
      "beacons_count": 0,
      "rx_drop_misc": 727,
      "backlog_packets": 0,
      "backlog_bytes": 0,
      "fcs_error_count": 0,
      "beacon_loss_count": 0,
      "expected_throughput": 0,
      "tx_retry_count": null,
      "tx_retry_failed": null,
      "tx_bitrate": 24,
      "rx_bitrate": 36,
      "tx_duration": 0,
      "rx_duration": 0,
      "rx_mcs": 0,
      "tx_mcs": 0,
      "rx_vhtmcs": 0,
      "tx_vhtmcs": 0,
      "rx_he_nss": 0,
      "tx_he_nss": 0,
      "rx_vht_nss": 0,
      "tx_vht_nss": 0,
      "rx_dcm": 0,
      "tx_dcm": 0,
      "rx_guard_interval": 0,
      "tx_guard_interval": 0,
      "signal": -69,
      "avg_signal": -68,
      "avg_beacon_signal": 0,
      "avg_ack_signal": 0,
      "inactive_msec": 529,
      "connected_sec": 28283,
      "rx_rate_info": 360,
      "tx_rate_info": 240,
      "connected_time": 28282,
      "mbo_cell_capa": null,
      "supp_op_classes": null,
      "min_txpower": null,
      "max_txpower": null,
      "ext_capab": [
        "PSMP_CAP"
      ]
    }
  }
}