{
  "metadata": {
    "db_name": "stdb",
    "db_type": "StationDB",
    "session_id": "20251115_185511",
    "batch_number": 4,
    "timestamp": "2025-11-15T18:57:11.909784",
    "unix_timestamp": 1763213231,
    "record_count": 4,
    "data_size_bytes": 17414,
    "version": "1.0"
  },
  "data": {
    "72:97:c7:a1:d4:59": {
      "info_dict": {
        "mac": "72:97:c7:a1:d4:59",
        "flags": [
          "AUTH",
          "ASSOC",
          "AUTHORIZED",
          "WMM"
        ],
        "aid": 4,
        "listen_interval": 1,
        "supported_rates": [
          1.0,
          2.0,
          5.5,
          11.0,
          6.0,
          9.0,
          12.0,
          18.0,
          24.0,
          36.0,
          48.0,
          54.0
        ],
        "timeout_next": "NULLFUNC POLL",
        "rx_packets": 123,
        "tx_packets": 14,
        "rx_bytes": 6104,
        "tx_bytes": 2303,
        "rx_airtime": 0,
        "tx_airtime": 0,
        "beacons_count": 0,
        "inactive_msec": 2694,
        "connected_sec": 15,
        "signal": -46,
        "avg_signal": -50,
        "avg_beacon_signal": 0,
        "avg_ack_signal": 0,
        "tx_retries": 2,
        "tx_failed": 0,
        "rx_drop_misc": 1,
        "backlog_packets": 0,
        "backlog_bytes": 0,
        "fcs_error_count": 0,
        "beacon_loss_count": 0,
        "expected_throughput": 0,
        "tx_bitrate": 54,
        "rx_bitrate": 48,
        "tx_duration": 0,
        "rx_duration": 0,
        "rx_mcs": 0,
        "tx_mcs": 0,
        "rx_vhtmcs": 0,
        "tx_vhtmcs": 0,
        "rx_he_nss": 0,
        "tx_he_nss": 0,
        "rx_vht_nss": 0,
        "tx_vht_nss": 0,
        "rx_dcm": 0,
        "tx_dcm": 0,
        "rx_guard_interval": 0,
        "tx_guard_interval": 0,
        "rx_rate_info": 480,
        "tx_rate_info": 540,
        "connected_time": 15,
        "mbo_cell_capa": 1,
        "min_txpower": 8,
        "max_txpower": 19
      },
      "raw": "72:97:c7:a1:d4:59\nflags=[AUTH][ASSOC][AUTHORIZED][WMM]\naid=4\ncapability=0x1401\nlisten_interval=1\nsupported_rates=82 84 8b 96 0c 12 18 24 30 48 60 6c\ntimeout_next=NULLFUNC POLL\nrx_packets=123\ntx_packets=14\nrx_bytes=6104\ntx_bytes=2303\nrx_airtime=0\ntx_airtime=0\nbeacons_count=0\ninactive_msec=2694\nconnected_sec=15\nsignal=-46\navg_signal=-50\navg_beacon_signal=0\navg_ack_signal=0\ntx_retries=2\ntx_failed=0\nrx_drop_misc=1\nbacklog_packets=0\nbacklog_bytes=0\nfcs_error_count=0\nbeacon_loss_count=0\nexpected_throughput=0\ntx_bitrate=54\nrx_bitrate=48\ntx_duration=0\nrx_duration=0\nrx_mcs=0\ntx_mcs=0\nrx_vhtmcs=0\ntx_vhtmcs=0\nrx_he_nss=0\ntx_he_nss=0\nrx_vht_nss=0\ntx_vht_nss=0\nrx_dcm=0\ntx_dcm=0\nrx_guard_interval=0\ntx_guard_interval=0\nrx_rate_info=480\ntx_rate_info=540\nconnected_time=15\nmbo_cell_capa=1\nsupp_op_classes=51515354737475767778797a7b7c7d7e7f808182\nmin_txpower=8\nmax_txpower=19\next_capab=040008020140\n",
      "mac": "72:97:c7:a1:d4:59",
      "flags": [
        "AUTH",
        "ASSOC",
        "AUTHORIZED",
        "WMM"
      ],
      "aid": 4,
      "capability": [
        "ESS",
        "SHORT_SLOT_TIME",
        "RADIO_MEASUREMENT"
      ],
      "listen_interval": 1,
      "supported_rates": [
        1.0,
        2.0,
        5.5,
        11.0,
        6.0,
        9.0,
        12.0,
        18.0,
        24.0,
        36.0,
        48.0,
        54.0
      ],
      "timeout_next": "NULLFUNC POLL",
      "rx_packets": 123,
      "tx_packets": 14,
      "rx_bytes": 6104,
      "tx_bytes": 2303,
      "rx_airtime": 0,
      "tx_airtime": 0,
      "beacons_count": 0,
      "rx_drop_misc": 1,
      "backlog_packets": 0,
      "backlog_bytes": 0,
      "fcs_error_count": 0,
      "beacon_loss_count": 0,
      "expected_throughput": 0,
      "tx_retry_count": null,
      "tx_retry_failed": null,
      "tx_bitrate": 54,
      "rx_bitrate": 48,
      "tx_duration": 0,
      "rx_duration": 0,
      "rx_mcs": 0,
      "tx_mcs": 0,
      "rx_vhtmcs": 0,
      "tx_vhtmcs": 0,
      "rx_he_nss": 0,
      "tx_he_nss": 0,
      "rx_vht_nss": 0,
      "tx_vht_nss": 0,
      "rx_dcm": 0,
      "tx_dcm": 0,
      "rx_guard_interval": 0,
      "tx_guard_interval": 0,
      "signal": -46,
      "avg_signal": -50,
      "avg_beacon_signal": 0,
      "avg_ack_signal": 0,
      "inactive_msec": 2694,
      "connected_sec": 15,
      "rx_rate_info": 480,
      "tx_rate_info": 540,
      "connected_time": 15,
      "mbo_cell_capa": 1,
      "supp_op_classes": [
        {
          "op_class": 81,
          "description": "2.4GHz 20MHz (channels 1\u201313)"
        },
        {
          "op_class": 81,
          "description": "2.4GHz 20MHz (channels 1\u201313)"
        },
        {
          "op_class": 83,
          "description": "2.4GHz 20MHz (channel 14)"
        },
        {
          "op_class": 84,
          "description": "Unknown"
        },
        {
          "op_class": 115,
          "description": "5GHz 20MHz (36\u201348)"
        },
        {
          "op_class": 116,
          "description": "5GHz 40MHz (38\u201346)"
        },
        {
          "op_class": 117,
          "description": "5GHz 80MHz (42)"
        },
        {
          "op_class": 118,
          "description": "5GHz 160MHz (50)"
        },
        {
          "op_class": 119,
          "description": "5GHz 20MHz (52\u201364)"
        },
        {
          "op_class": 120,
          "description": "5GHz 40MHz (54\u201362)"
        },
        {
          "op_class": 121,
          "description": "5GHz 80MHz (58)"
        },
        {
          "op_class": 122,
          "description": "5GHz 160MHz (50)"
        },
        {
          "op_class": 123,
          "description": "Unknown"
        },
        {
          "op_class": 124,
          "description": "Unknown"
        },
        {
          "op_class": 125,
          "description": "6GHz 20MHz (1\u2013233)"
        },
        {
          "op_class": 126,
          "description": "6GHz 40MHz (3\u2013231)"
        },
        {
          "op_class": 127,
          "description": "6GHz 80MHz (7\u2013227)"
        },
        {
          "op_class": 128,
          "description": "6GHz 160MHz (15\u2013219)"
        },
        {
          "op_class": 129,
          "description": "6GHz 20MHz (low band)"
        },
        {
          "op_class": 130,
          "description": "6GHz 40MHz (low band)"
        }
      ],
      "min_txpower": 8,
      "max_txpower": 19,
      "ext_capab": [
        "PSMP_CAP",
        "BSS_TRANSITION",
        "CHANNEL_USAGE"
      ]
    },
    "c2:fd:57:35:97:a9": {
      "info_dict": {
        "mac": "c2:fd:57:35:97:a9",
        "flags": [
          "AUTH",
          "ASSOC",
          "AUTHORIZED",
          "SHORT_PREAMBLE",
          "WMM"
        ],
        "aid": 3,
        "listen_interval": 10,
        "supported_rates": [
          1.0,
          2.0,
          5.5,
          11.0,
          6.0,
          9.0,
          12.0,
          18.0,
          24.0,
          36.0,
          48.0,
          54.0
        ],
        "timeout_next": "NULLFUNC POLL",
        "rx_packets": 128,
        "tx_packets": 34,
        "rx_bytes": 9327,
        "tx_bytes": 5908,
        "rx_airtime": 0,
        "tx_airtime": 0,
        "beacons_count": 0,
        "inactive_msec": 5303,
        "connected_sec": 24,
        "signal": -45,
        "avg_signal": -47,
        "avg_beacon_signal": 0,
        "avg_ack_signal": 0,
        "tx_retries": 2,
        "tx_failed": 0,
        "rx_drop_misc": 1,
        "backlog_packets": 0,
        "backlog_bytes": 0,
        "fcs_error_count": 0,
        "beacon_loss_count": 0,
        "expected_throughput": 0,
        "tx_bitrate": 54,
        "rx_bitrate": 54,
        "tx_duration": 0,
        "rx_duration": 0,
        "rx_mcs": 0,
        "tx_mcs": 0,
        "rx_vhtmcs": 0,
        "tx_vhtmcs": 0,
        "rx_he_nss": 0,
        "tx_he_nss": 0,
        "rx_vht_nss": 0,
        "tx_vht_nss": 0,
        "rx_dcm": 0,
        "tx_dcm": 0,
        "rx_guard_interval": 0,
        "tx_guard_interval": 0,
        "rx_rate_info": 540,
        "tx_rate_info": 540,
        "connected_time": 24,
        "min_txpower": -10,
        "max_txpower": 18
      },
      "raw": "c2:fd:57:35:97:a9\nflags=[AUTH][ASSOC][AUTHORIZED][SHORT_PREAMBLE][WMM]\naid=3\ncapability=0x1521\nlisten_interval=10\nsupported_rates=82 84 8b 96 0c 12 18 24 30 48 60 6c\ntimeout_next=NULLFUNC POLL\nrx_packets=128\ntx_packets=34\nrx_bytes=9327\ntx_bytes=5908\nrx_airtime=0\ntx_airtime=0\nbeacons_count=0\ninactive_msec=5303\nconnected_sec=24\nsignal=-45\navg_signal=-47\navg_beacon_signal=0\navg_ack_signal=0\ntx_retries=2\ntx_failed=0\nrx_drop_misc=1\nbacklog_packets=0\nbacklog_bytes=0\nfcs_error_count=0\nbeacon_loss_count=0\nexpected_throughput=0\ntx_bitrate=54\nrx_bitrate=54\ntx_duration=0\nrx_duration=0\nrx_mcs=0\ntx_mcs=0\nrx_vhtmcs=0\ntx_vhtmcs=0\nrx_he_nss=0\ntx_he_nss=0\nrx_vht_nss=0\ntx_vht_nss=0\nrx_dcm=0\ntx_dcm=0\nrx_guard_interval=0\ntx_guard_interval=0\nrx_rate_info=540\ntx_rate_info=540\nconnected_time=24\nsupp_op_classes=51515354737475767778797a7b7c7d7e7f80\nmin_txpower=-10\nmax_txpower=18\next_capab=04000800000000408020\n",
      "mac": "c2:fd:57:35:97:a9",
      "flags": [
        "AUTH",
        "ASSOC",
        "AUTHORIZED",
        "SHORT_PREAMBLE",
        "WMM"
      ],
      "aid": 3,
      "capability": [
        "ESS",
        "SHORT_PREAMBLE",
        "SPECTRUM_MGMT",
        "SHORT_SLOT_TIME",
        "RADIO_MEASUREMENT"
      ],
      "listen_interval": 10,
      "supported_rates": [
        1.0,
        2.0,
        5.5,
        11.0,
        6.0,
        9.0,
        12.0,
        18.0,
        24.0,
        36.0,
        48.0,
        54.0
      ],
      "timeout_next": "NULLFUNC POLL",
      "rx_packets": 128,
      "tx_packets": 34,
      "rx_bytes": 9327,
      "tx_bytes": 5908,
      "rx_airtime": 0,
      "tx_airtime": 0,
      "beacons_count": 0,
      "rx_drop_misc": 1,
      "backlog_packets": 0,
      "backlog_bytes": 0,
      "fcs_error_count": 0,
      "beacon_loss_count": 0,
      "expected_throughput": 0,
      "tx_retry_count": null,
      "tx_retry_failed": null,
      "tx_bitrate": 54,
      "rx_bitrate": 54,
      "tx_duration": 0,
      "rx_duration": 0,
      "rx_mcs": 0,
      "tx_mcs": 0,
      "rx_vhtmcs": 0,
      "tx_vhtmcs": 0,
      "rx_he_nss": 0,
      "tx_he_nss": 0,
      "rx_vht_nss": 0,
      "tx_vht_nss": 0,
      "rx_dcm": 0,
      "tx_dcm": 0,
      "rx_guard_interval": 0,
      "tx_guard_interval": 0,
      "signal": -45,
      "avg_signal": -47,
      "avg_beacon_signal": 0,
      "avg_ack_signal": 0,
      "inactive_msec": 5303,
      "connected_sec": 24,
      "rx_rate_info": 540,
      "tx_rate_info": 540,
      "connected_time": 24,
      "mbo_cell_capa": null,
      "supp_op_classes": [
        {
          "op_class": 81,
          "description": "2.4GHz 20MHz (channels 1\u201313)"
        },
        {
          "op_class": 81,
          "description": "2.4GHz 20MHz (channels 1\u201313)"
        },
        {
          "op_class": 83,
          "description": "2.4GHz 20MHz (channel 14)"
        },
        {
          "op_class": 84,
          "description": "Unknown"
        },
        {
          "op_class": 115,
          "description": "5GHz 20MHz (36\u201348)"
        },
        {
          "op_class": 116,
          "description": "5GHz 40MHz (38\u201346)"
        },
        {
          "op_class": 117,
          "description": "5GHz 80MHz (42)"
        },
        {
          "op_class": 118,
          "description": "5GHz 160MHz (50)"
        },
        {
          "op_class": 119,
          "description": "5GHz 20MHz (52\u201364)"
        },
        {
          "op_class": 120,
          "description": "5GHz 40MHz (54\u201362)"
        },
        {
          "op_class": 121,
          "description": "5GHz 80MHz (58)"
        },
        {
          "op_class": 122,
          "description": "5GHz 160MHz (50)"
        },
        {
          "op_class": 123,
          "description": "Unknown"
        },
        {
          "op_class": 124,
          "description": "Unknown"
        },
        {
          "op_class": 125,
          "description": "6GHz 20MHz (1\u2013233)"
        },
        {
          "op_class": 126,
          "description": "6GHz 40MHz (3\u2013231)"
        },
        {
          "op_class": 127,
          "description": "6GHz 80MHz (7\u2013227)"
        },
        {
          "op_class": 128,
          "description": "6GHz 160MHz (15\u2013219)"
        }
      ],
      "min_txpower": -10,
      "max_txpower": 18,
      "ext_capab": [
        "PSMP_CAP",
        "BSS_TRANSITION"
      ]
    },
    "74:3a:f4:f5:86:b0": {
      "info_dict": {
        "mac": "74:3a:f4:f5:86:b0",
        "flags": [
          "AUTH",
          "ASSOC",
          "AUTHORIZED",
          "SHORT_PREAMBLE",
          "WMM"
        ],
        "aid": 2,
        "listen_interval": 10,
        "supported_rates": [
          1.0,
          2.0,
          5.5,
          11.0,
          6.0,
          9.0,
          12.0,
          18.0,
          24.0,
          36.0,
          48.0,
          54.0
        ],
        "timeout_next": "NULLFUNC POLL",
        "rx_packets": 171,
        "tx_packets": 23,
        "rx_bytes": 14330,
        "tx_bytes": 4527,
        "rx_airtime": 0,
        "tx_airtime": 0,
        "beacons_count": 0,
        "inactive_msec": 57,
        "connected_sec": 30,
        "signal": -33,
        "avg_signal": -31,
        "avg_beacon_signal": 0,
        "avg_ack_signal": 0,
        "tx_retries": 0,
        "tx_failed": 0,
        "rx_drop_misc": 0,
        "backlog_packets": 0,
        "backlog_bytes": 0,
        "fcs_error_count": 0,
        "beacon_loss_count": 0,
        "expected_throughput": 0,
        "tx_bitrate": 54,
        "rx_bitrate": 36,
        "tx_duration": 0,
        "rx_duration": 0,
        "rx_mcs": 0,
        "tx_mcs": 0,
        "rx_vhtmcs": 0,
        "tx_vhtmcs": 0,
        "rx_he_nss": 0,
        "tx_he_nss": 0,
        "rx_vht_nss": 0,
        "tx_vht_nss": 0,
        "rx_dcm": 0,
        "tx_dcm": 0,
        "rx_guard_interval": 0,
        "tx_guard_interval": 0,
        "rx_rate_info": 360,
        "tx_rate_info": 540,
        "connected_time": 30,
        "mbo_cell_capa": 3,
        "min_txpower": 0,
        "max_txpower": 22
      },
      "raw": "74:3a:f4:f5:86:b0\nflags=[AUTH][ASSOC][AUTHORIZED][SHORT_PREAMBLE][WMM]\naid=2\ncapability=0x1421\nlisten_interval=10\nsupported_rates=02 04 0b 16 0c 12 18 24 30 48 60 6c\ntimeout_next=NULLFUNC POLL\nrx_packets=171\ntx_packets=23\nrx_bytes=14330\ntx_bytes=4527\nrx_airtime=0\ntx_airtime=0\nbeacons_count=0\ninactive_msec=57\nconnected_sec=30\nsignal=-33\navg_signal=-31\navg_beacon_signal=0\navg_ack_signal=0\ntx_retries=0\ntx_failed=0\nrx_drop_misc=0\nbacklog_packets=0\nbacklog_bytes=0\nfcs_error_count=0\nbeacon_loss_count=0\nexpected_throughput=0\ntx_bitrate=54\nrx_bitrate=36\ntx_duration=0\nrx_duration=0\nrx_mcs=0\ntx_mcs=0\nrx_vhtmcs=0\ntx_vhtmcs=0\nrx_he_nss=0\ntx_he_nss=0\nrx_vht_nss=0\ntx_vht_nss=0\nrx_dcm=0\ntx_dcm=0\nrx_guard_interval=0\ntx_guard_interval=0\nrx_rate_info=360\ntx_rate_info=540\nconnected_time=30\nmbo_cell_capa=3\nsupp_op_classes=51515354737475767778797a7b7c7d7e7f\nmin_txpower=0\nmax_txpower=22\next_capab=0400ca02014040c0012120\n",
      "mac": "74:3a:f4:f5:86:b0",
      "flags": [
        "AUTH",
        "ASSOC",
        "AUTHORIZED",
        "SHORT_PREAMBLE",
        "WMM"
      ],
      "aid": 2,
      "capability": [
        "ESS",
        "SHORT_PREAMBLE",
        "SHORT_SLOT_TIME",
        "RADIO_MEASUREMENT"
      ],
      "listen_interval": 10,
      "supported_rates": [
        1.0,
        2.0,
        5.5,
        11.0,
        6.0,
        9.0,
        12.0,
        18.0,
        24.0,
        36.0,
        48.0,
        54.0
      ],
      "timeout_next": "NULLFUNC POLL",
      "rx_packets": 171,
      "tx_packets": 23,
      "rx_bytes": 14330,
      "tx_bytes": 4527,
      "rx_airtime": 0,
      "tx_airtime": 0,
      "beacons_count": 0,
      "rx_drop_misc": 0,
      "backlog_packets": 0,
      "backlog_bytes": 0,
      "fcs_error_count": 0,
      "beacon_loss_count": 0,
      "expected_throughput": 0,
      "tx_retry_count": null,
      "tx_retry_failed": null,
      "tx_bitrate": 54,
      "rx_bitrate": 36,
      "tx_duration": 0,
      "rx_duration": 0,
      "rx_mcs": 0,
      "tx_mcs": 0,
      "rx_vhtmcs": 0,
      "tx_vhtmcs": 0,
      "rx_he_nss": 0,
      "tx_he_nss": 0,
      "rx_vht_nss": 0,
      "tx_vht_nss": 0,
      "rx_dcm": 0,
      "tx_dcm": 0,
      "rx_guard_interval": 0,
      "tx_guard_interval": 0,
      "signal": -33,
      "avg_signal": -31,
      "avg_beacon_signal": 0,
      "avg_ack_signal": 0,
      "inactive_msec": 57,
      "connected_sec": 30,
      "rx_rate_info": 360,
      "tx_rate_info": 540,
      "connected_time": 30,
      "mbo_cell_capa": 3,
      "supp_op_classes": [
        {
          "op_class": 81,
          "description": "2.4GHz 20MHz (channels 1\u201313)"
        },
        {
          "op_class": 81,
          "description": "2.4GHz 20MHz (channels 1\u201313)"
        },
        {
          "op_class": 83,
          "description": "2.4GHz 20MHz (channel 14)"
        },
        {
          "op_class": 84,
          "description": "Unknown"
        },
        {
          "op_class": 115,
          "description": "5GHz 20MHz (36\u201348)"
        },
        {
          "op_class": 116,
          "description": "5GHz 40MHz (38\u201346)"
        },
        {
          "op_class": 117,
          "description": "5GHz 80MHz (42)"
        },
        {
          "op_class": 118,
          "description": "5GHz 160MHz (50)"
        },
        {
          "op_class": 119,
          "description": "5GHz 20MHz (52\u201364)"
        },
        {
          "op_class": 120,
          "description": "5GHz 40MHz (54\u201362)"
        },
        {
          "op_class": 121,
          "description": "5GHz 80MHz (58)"
        },
        {
          "op_class": 122,
          "description": "5GHz 160MHz (50)"
        },
        {
          "op_class": 123,
          "description": "Unknown"
        },
        {
          "op_class": 124,
          "description": "Unknown"
        },
        {
          "op_class": 125,
          "description": "6GHz 20MHz (1\u2013233)"
        },
        {
          "op_class": 126,
          "description": "6GHz 40MHz (3\u2013231)"
        },
        {
          "op_class": 127,
          "description": "6GHz 80MHz (7\u2013227)"
        }
      ],
      "min_txpower": 0,
      "max_txpower": 22,
      "ext_capab": [
        "PSMP_CAP",
        "WNM_SLEEP_MODE",
        "BSS_TRANSITION",
        "CHANNEL_USAGE"
      ]
    },
    "0e:ed:c0:e3:59:0e": {
      "info_dict": {
        "mac": "0e:ed:c0:e3:59:0e",
        "flags": [
          "AUTH",
          "ASSOC",
          "AUTHORIZED",
          "WMM"
        ],
        "aid": 1,
        "listen_interval": 1,
        "supported_rates": [
          1.0,
          2.0,
          5.5,
          11.0,
          6.0,
          9.0,
          12.0,
          18.0,
          24.0,
          36.0,
          48.0,
          54.0
        ],
        "timeout_next": "NULLFUNC POLL",
        "rx_packets": 3948,
        "tx_packets": 2019,
        "rx_bytes": 454701,
        "tx_bytes": 1738053,
        "rx_airtime": 0,
        "tx_airtime": 0,
        "beacons_count": 0,
        "inactive_msec": 209,
        "connected_sec": 124,
        "signal": -25,
        "avg_signal": -24,
        "avg_beacon_signal": 0,
        "avg_ack_signal": 0,
        "tx_retries": 126,
        "tx_failed": 0,
        "rx_drop_misc": 65,
        "backlog_packets": 0,
        "backlog_bytes": 0,
        "fcs_error_count": 0,
        "beacon_loss_count": 0,
        "expected_throughput": 0,
        "tx_bitrate": 54,
        "rx_bitrate": 1,
        "tx_duration": 0,
        "rx_duration": 0,
        "rx_mcs": 0,
        "tx_mcs": 0,
        "rx_vhtmcs": 0,
        "tx_vhtmcs": 0,
        "rx_he_nss": 0,
        "tx_he_nss": 0,
        "rx_vht_nss": 0,
        "tx_vht_nss": 0,
        "rx_dcm": 0,
        "tx_dcm": 0,
        "rx_guard_interval": 0,
        "tx_guard_interval": 0,
        "rx_rate_info": 10,
        "tx_rate_info": 540,
        "connected_time": 123,
        "mbo_cell_capa": 2,
        "min_txpower": 8,
        "max_txpower": 19
      },
      "raw": "0e:ed:c0:e3:59:0e\nflags=[AUTH][ASSOC][AUTHORIZED][WMM]\naid=1\ncapability=0x1401\nlisten_interval=1\nsupported_rates=82 84 8b 96 0c 12 18 24 30 48 60 6c\ntimeout_next=NULLFUNC POLL\nrx_packets=3948\ntx_packets=2019\nrx_bytes=454701\ntx_bytes=1738053\nrx_airtime=0\ntx_airtime=0\nbeacons_count=0\ninactive_msec=209\nconnected_sec=124\nsignal=-25\navg_signal=-24\navg_beacon_signal=0\navg_ack_signal=0\ntx_retries=126\ntx_failed=0\nrx_drop_misc=65\nbacklog_packets=0\nbacklog_bytes=0\nfcs_error_count=0\nbeacon_loss_count=0\nexpected_throughput=0\ntx_bitrate=54\nrx_bitrate=1\ntx_duration=0\nrx_duration=0\nrx_mcs=0\ntx_mcs=0\nrx_vhtmcs=0\ntx_vhtmcs=0\nrx_he_nss=0\ntx_he_nss=0\nrx_vht_nss=0\ntx_vht_nss=0\nrx_dcm=0\ntx_dcm=0\nrx_guard_interval=0\ntx_guard_interval=0\nrx_rate_info=10\ntx_rate_info=540\nconnected_time=123\nmbo_cell_capa=2\nsupp_op_classes=51515354737475767778797a7b7c7d7e7f808182\nmin_txpower=8\nmax_txpower=19\next_capab=040008020140\n",
      "mac": "0e:ed:c0:e3:59:0e",
      "flags": [
        "AUTH",
        "ASSOC",
        "AUTHORIZED",
        "WMM"
      ],
      "aid": 1,
      "capability": [
        "ESS",
        "SHORT_SLOT_TIME",
        "RADIO_MEASUREMENT"
      ],
      "listen_interval": 1,
      "supported_rates": [
        1.0,
        2.0,
        5.5,
        11.0,
        6.0,
        9.0,
        12.0,
        18.0,
        24.0,
        36.0,
        48.0,
        54.0
      ],
      "timeout_next": "NULLFUNC POLL",
      "rx_packets": 3948,
      "tx_packets": 2019,
      "rx_bytes": 454701,
      "tx_bytes": 1738053,
      "rx_airtime": 0,
      "tx_airtime": 0,
      "beacons_count": 0,
      "rx_drop_misc": 65,
      "backlog_packets": 0,
      "backlog_bytes": 0,
      "fcs_error_count": 0,
      "beacon_loss_count": 0,
      "expected_throughput": 0,
      "tx_retry_count": null,
      "tx_retry_failed": null,
      "tx_bitrate": 54,
      "rx_bitrate": 1,
      "tx_duration": 0,
      "rx_duration": 0,
      "rx_mcs": 0,
      "tx_mcs": 0,
      "rx_vhtmcs": 0,
      "tx_vhtmcs": 0,
      "rx_he_nss": 0,
      "tx_he_nss": 0,
      "rx_vht_nss": 0,
      "tx_vht_nss": 0,
      "rx_dcm": 0,
      "tx_dcm": 0,
      "rx_guard_interval": 0,
      "tx_guard_interval": 0,
      "signal": -25,
      "avg_signal": -24,
      "avg_beacon_signal": 0,
      "avg_ack_signal": 0,
      "inactive_msec": 209,
      "connected_sec": 124,
      "rx_rate_info": 10,
      "tx_rate_info": 540,
      "connected_time": 123,
      "mbo_cell_capa": 2,
      "supp_op_classes": [
        {
          "op_class": 81,
          "description": "2.4GHz 20MHz (channels 1\u201313)"
        },
        {
          "op_class": 81,
          "description": "2.4GHz 20MHz (channels 1\u201313)"
        },
        {
          "op_class": 83,
          "description": "2.4GHz 20MHz (channel 14)"
        },
        {
          "op_class": 84,
          "description": "Unknown"
        },
        {
          "op_class": 115,
          "description": "5GHz 20MHz (36\u201348)"
        },
        {
          "op_class": 116,
          "description": "5GHz 40MHz (38\u201346)"
        },
        {
          "op_class": 117,
          "description": "5GHz 80MHz (42)"
        },
        {
          "op_class": 118,
          "description": "5GHz 160MHz (50)"
        },
        {
          "op_class": 119,
          "description": "5GHz 20MHz (52\u201364)"
        },
        {
          "op_class": 120,
          "description": "5GHz 40MHz (54\u201362)"
        },
        {
          "op_class": 121,
          "description": "5GHz 80MHz (58)"
        },
        {
          "op_class": 122,
          "description": "5GHz 160MHz (50)"
        },
        {
          "op_class": 123,
          "description": "Unknown"
        },
        {
          "op_class": 124,
          "description": "Unknown"
        },
        {
          "op_class": 125,
          "description": "6GHz 20MHz (1\u2013233)"
        },
        {
          "op_class": 126,
          "description": "6GHz 40MHz (3\u2013231)"
        },
        {
          "op_class": 127,
          "description": "6GHz 80MHz (7\u2013227)"
        },
        {
          "op_class": 128,
          "description": "6GHz 160MHz (15\u2013219)"
        },
        {
          "op_class": 129,
          "description": "6GHz 20MHz (low band)"
        },
        {
          "op_class": 130,
          "description": "6GHz 40MHz (low band)"
        }
      ],
      "min_txpower": 8,
      "max_txpower": 19,
      "ext_capab": [
        "PSMP_CAP",
        "BSS_TRANSITION",
        "CHANNEL_USAGE"
      ]
    }
  }
}