{
  "metadata": {
    "db_name": "stdb",
    "db_type": "StationDB",
    "session_id": "20251115_091652",
    "batch_number": 1087,
    "timestamp": "2025-11-15T18:21:01.982674",
    "unix_timestamp": 1763211061,
    "record_count": 2,
    "data_size_bytes": 7508,
    "version": "1.0"
  },
  "data": {
    "0e:ed:c0:e3:59:0e": {
      "info_dict": {
        "mac": "0e:ed:c0:e3:59:0e",
        "flags": [
          "AUTH",
          "ASSOC",
          "AUTHORIZED",
          "WMM"
        ],
        "aid": 1,
        "listen_interval": 1,
        "supported_rates": [
          1.0,
          2.0,
          5.5,
          11.0,
          6.0,
          9.0,
          12.0,
          18.0,
          24.0,
          36.0,
          48.0,
          54.0
        ],
        "timeout_next": "NULLFUNC POLL",
        "rx_packets": 60,
        "tx_packets": 4,
        "rx_bytes": 4068,
        "tx_bytes": 395,
        "rx_airtime": 0,
        "tx_airtime": 0,
        "beacons_count": 0,
        "inactive_msec": 102,
        "connected_sec": 7,
        "signal": -25,
        "avg_signal": -24,
        "avg_beacon_signal": 0,
        "avg_ack_signal": 0,
        "tx_retries": 0,
        "tx_failed": 0,
        "rx_drop_misc": 0,
        "backlog_packets": 0,
        "backlog_bytes": 0,
        "fcs_error_count": 0,
        "beacon_loss_count": 0,
        "expected_throughput": 0,
        "tx_bitrate": 0,
        "rx_bitrate": 1,
        "tx_duration": 0,
        "rx_duration": 0,
        "rx_mcs": 0,
        "tx_mcs": 0,
        "rx_vhtmcs": 0,
        "tx_vhtmcs": 0,
        "rx_he_nss": 0,
        "tx_he_nss": 0,
        "rx_vht_nss": 0,
        "tx_vht_nss": 0,
        "rx_dcm": 0,
        "tx_dcm": 0,
        "rx_guard_interval": 0,
        "tx_guard_interval": 0,
        "rx_rate_info": 10,
        "tx_rate_info": 0,
        "connected_time": 6,
        "mbo_cell_capa": 1,
        "min_txpower": 8,
        "max_txpower": 19
      },
      "raw": "0e:ed:c0:e3:59:0e\nflags=[AUTH][ASSOC][AUTHORIZED][WMM]\naid=1\ncapability=0x1401\nlisten_interval=1\nsupported_rates=82 84 8b 96 0c 12 18 24 30 48 60 6c\ntimeout_next=NULLFUNC POLL\nrx_packets=60\ntx_packets=4\nrx_bytes=4068\ntx_bytes=395\nrx_airtime=0\ntx_airtime=0\nbeacons_count=0\ninactive_msec=102\nconnected_sec=7\nsignal=-25\navg_signal=-24\navg_beacon_signal=0\navg_ack_signal=0\ntx_retries=0\ntx_failed=0\nrx_drop_misc=0\nbacklog_packets=0\nbacklog_bytes=0\nfcs_error_count=0\nbeacon_loss_count=0\nexpected_throughput=0\ntx_bitrate=0\nrx_bitrate=1\ntx_duration=0\nrx_duration=0\nrx_mcs=0\ntx_mcs=0\nrx_vhtmcs=0\ntx_vhtmcs=0\nrx_he_nss=0\ntx_he_nss=0\nrx_vht_nss=0\ntx_vht_nss=0\nrx_dcm=0\ntx_dcm=0\nrx_guard_interval=0\ntx_guard_interval=0\nrx_rate_info=10\ntx_rate_info=0\nconnected_time=6\nmbo_cell_capa=1\nsupp_op_classes=51515354737475767778797a7b7c7d7e7f808182\nmin_txpower=8\nmax_txpower=19\next_capab=040008020140\n",
      "mac": "0e:ed:c0:e3:59:0e",
      "flags": [
        "AUTH",
        "ASSOC",
        "AUTHORIZED",
        "WMM"
      ],
      "aid": 1,
      "capability": [
        "ESS",
        "SHORT_SLOT_TIME",
        "RADIO_MEASUREMENT"
      ],
      "listen_interval": 1,
      "supported_rates": [
        1.0,
        2.0,
        5.5,
        11.0,
        6.0,
        9.0,
        12.0,
        18.0,
        24.0,
        36.0,
        48.0,
        54.0
      ],
      "timeout_next": "NULLFUNC POLL",
      "rx_packets": 60,
      "tx_packets": 4,
      "rx_bytes": 4068,
      "tx_bytes": 395,
      "rx_airtime": 0,
      "tx_airtime": 0,
      "beacons_count": 0,
      "rx_drop_misc": 0,
      "backlog_packets": 0,
      "backlog_bytes": 0,
      "fcs_error_count": 0,
      "beacon_loss_count": 0,
      "expected_throughput": 0,
      "tx_retry_count": null,
      "tx_retry_failed": null,
      "tx_bitrate": 0,
      "rx_bitrate": 1,
      "tx_duration": 0,
      "rx_duration": 0,
      "rx_mcs": 0,
      "tx_mcs": 0,
      "rx_vhtmcs": 0,
      "tx_vhtmcs": 0,
      "rx_he_nss": 0,
      "tx_he_nss": 0,
      "rx_vht_nss": 0,
      "tx_vht_nss": 0,
      "rx_dcm": 0,
      "tx_dcm": 0,
      "rx_guard_interval": 0,
      "tx_guard_interval": 0,
      "signal": -25,
      "avg_signal": -24,
      "avg_beacon_signal": 0,
      "avg_ack_signal": 0,
      "inactive_msec": 102,
      "connected_sec": 7,
      "rx_rate_info": 10,
      "tx_rate_info": 0,
      "connected_time": 6,
      "mbo_cell_capa": 1,
      "supp_op_classes": [
        {
          "op_class": 81,
          "description": "2.4GHz 20MHz (channels 1\u201313)"
        },
        {
          "op_class": 81,
          "description": "2.4GHz 20MHz (channels 1\u201313)"
        },
        {
          "op_class": 83,
          "description": "2.4GHz 20MHz (channel 14)"
        },
        {
          "op_class": 84,
          "description": "Unknown"
        },
        {
          "op_class": 115,
          "description": "5GHz 20MHz (36\u201348)"
        },
        {
          "op_class": 116,
          "description": "5GHz 40MHz (38\u201346)"
        },
        {
          "op_class": 117,
          "description": "5GHz 80MHz (42)"
        },
        {
          "op_class": 118,
          "description": "5GHz 160MHz (50)"
        },
        {
          "op_class": 119,
          "description": "5GHz 20MHz (52\u201364)"
        },
        {
          "op_class": 120,
          "description": "5GHz 40MHz (54\u201362)"
        },
        {
          "op_class": 121,
          "description": "5GHz 80MHz (58)"
        },
        {
          "op_class": 122,
          "description": "5GHz 160MHz (50)"
        },
        {
          "op_class": 123,
          "description": "Unknown"
        },
        {
          "op_class": 124,
          "description": "Unknown"
        },
        {
          "op_class": 125,
          "description": "6GHz 20MHz (1\u2013233)"
        },
        {
          "op_class": 126,
          "description": "6GHz 40MHz (3\u2013231)"
        },
        {
          "op_class": 127,
          "description": "6GHz 80MHz (7\u2013227)"
        },
        {
          "op_class": 128,
          "description": "6GHz 160MHz (15\u2013219)"
        },
        {
          "op_class": 129,
          "description": "6GHz 20MHz (low band)"
        },
        {
          "op_class": 130,
          "description": "6GHz 40MHz (low band)"
        }
      ],
      "min_txpower": 8,
      "max_txpower": 19,
      "ext_capab": [
        "PSMP_CAP",
        "BSS_TRANSITION",
        "CHANNEL_USAGE"
      ]
    },
    "f2:9a:ce:72:09:fc": {
      "info_dict": {
        "mac": "f2:9a:ce:72:09:fc",
        "flags": [
          "AUTH",
          "ASSOC",
          "AUTHORIZED",
          "SHORT_PREAMBLE",
          "WMM"
        ],
        "aid": 3,
        "listen_interval": 5,
        "supported_rates": [
          1.0,
          2.0,
          5.5,
          6.0,
          9.0,
          11.0,
          12.0,
          18.0,
          24.0,
          36.0,
          48.0,
          54.0
        ],
        "timeout_next": "NULLFUNC POLL",
        "rx_packets": 40261,
        "tx_packets": 6932,
        "rx_bytes": 3649205,
        "tx_bytes": 632430,
        "rx_airtime": 0,
        "tx_airtime": 0,
        "beacons_count": 0,
        "inactive_msec": 5260,
        "connected_sec": 28613,
        "signal": -69,
        "avg_signal": -69,
        "avg_beacon_signal": 0,
        "avg_ack_signal": 0,
        "tx_retries": 147,
        "tx_failed": 1184,
        "rx_drop_misc": 727,
        "backlog_packets": 0,
        "backlog_bytes": 0,
        "fcs_error_count": 0,
        "beacon_loss_count": 0,
        "expected_throughput": 0,
        "tx_bitrate": 24,
        "rx_bitrate": 36,
        "tx_duration": 0,
        "rx_duration": 0,
        "rx_mcs": 0,
        "tx_mcs": 0,
        "rx_vhtmcs": 0,
        "tx_vhtmcs": 0,
        "rx_he_nss": 0,
        "tx_he_nss": 0,
        "rx_vht_nss": 0,
        "tx_vht_nss": 0,
        "rx_dcm": 0,
        "tx_dcm": 0,
        "rx_guard_interval": 0,
        "tx_guard_interval": 0,
        "rx_rate_info": 360,
        "tx_rate_info": 240,
        "connected_time": 28613
      },
      "raw": "f2:9a:ce:72:09:fc\nflags=[AUTH][ASSOC][AUTHORIZED][SHORT_PREAMBLE][WMM]\naid=3\ncapability=0x421\nlisten_interval=5\nsupported_rates=82 84 8b 0c 12 96 18 24 30 48 60 6c\ntimeout_next=NULLFUNC POLL\nrx_packets=40261\ntx_packets=6932\nrx_bytes=3649205\ntx_bytes=632430\nrx_airtime=0\ntx_airtime=0\nbeacons_count=0\ninactive_msec=5260\nconnected_sec=28613\nsignal=-69\navg_signal=-69\navg_beacon_signal=0\navg_ack_signal=0\ntx_retries=147\ntx_failed=1184\nrx_drop_misc=727\nbacklog_packets=0\nbacklog_bytes=0\nfcs_error_count=0\nbeacon_loss_count=0\nexpected_throughput=0\ntx_bitrate=24\nrx_bitrate=36\ntx_duration=0\nrx_duration=0\nrx_mcs=0\ntx_mcs=0\nrx_vhtmcs=0\ntx_vhtmcs=0\nrx_he_nss=0\ntx_he_nss=0\nrx_vht_nss=0\ntx_vht_nss=0\nrx_dcm=0\ntx_dcm=0\nrx_guard_interval=0\ntx_guard_interval=0\nrx_rate_info=360\ntx_rate_info=240\nconnected_time=28613\next_capab=0400000000000040\n",
      "mac": "f2:9a:ce:72:09:fc",
      "flags": [
        "AUTH",
        "ASSOC",
        "AUTHORIZED",
        "SHORT_PREAMBLE",
        "WMM"
      ],
      "aid": 3,
      "capability": [
        "ESS",
        "SHORT_PREAMBLE",
        "SHORT_SLOT_TIME"
      ],
      "listen_interval": 5,
      "supported_rates": [
        1.0,
        2.0,
        5.5,
        6.0,
        9.0,
        11.0,
        12.0,
        18.0,
        24.0,
        36.0,
        48.0,
        54.0
      ],
      "timeout_next": "NULLFUNC POLL",
      "rx_packets": 40261,
      "tx_packets": 6932,
      "rx_bytes": 3649205,
      "tx_bytes": 632430,
      "rx_airtime": 0,
      "tx_airtime": 0,
      "beacons_count": 0,
      "rx_drop_misc": 727,
      "backlog_packets": 0,
      "backlog_bytes": 0,
      "fcs_error_count": 0,
      "beacon_loss_count": 0,
      "expected_throughput": 0,
      "tx_retry_count": null,
      "tx_retry_failed": null,
      "tx_bitrate": 24,
      "rx_bitrate": 36,
      "tx_duration": 0,
      "rx_duration": 0,
      "rx_mcs": 0,
      "tx_mcs": 0,
      "rx_vhtmcs": 0,
      "tx_vhtmcs": 0,
      "rx_he_nss": 0,
      "tx_he_nss": 0,
      "rx_vht_nss": 0,
      "tx_vht_nss": 0,
      "rx_dcm": 0,
      "tx_dcm": 0,
      "rx_guard_interval": 0,
      "tx_guard_interval": 0,
      "signal": -69,
      "avg_signal": -69,
      "avg_beacon_signal": 0,
      "avg_ack_signal": 0,
      "inactive_msec": 5260,
      "connected_sec": 28613,
      "rx_rate_info": 360,
      "tx_rate_info": 240,
      "connected_time": 28613,
      "mbo_cell_capa": null,
      "supp_op_classes": null,
      "min_txpower": null,
      "max_txpower": null,
      "ext_capab": [
        "PSMP_CAP"
      ]
    }
  }
}