{
  "metadata": {
    "db_name": "stdb",
    "db_type": "StationDB",
    "session_id": "20251115_185511",
    "batch_number": 9,
    "timestamp": "2025-11-15T18:59:41.964079",
    "unix_timestamp": 1763213381,
    "record_count": 4,
    "data_size_bytes": 17472,
    "version": "1.0"
  },
  "data": {
    "12:57:32:b7:40:75": {
      "info_dict": {
        "mac": "12:57:32:b7:40:75",
        "flags": [
          "AUTH",
          "ASSOC",
          "AUTHORIZED",
          "WMM"
        ],
        "aid": 2,
        "listen_interval": 10,
        "supported_rates": [
          1.0,
          2.0,
          5.5,
          11.0,
          6.0,
          9.0,
          12.0,
          18.0,
          24.0,
          36.0,
          48.0,
          54.0
        ],
        "timeout_next": "NULLFUNC POLL",
        "rx_packets": 178,
        "tx_packets": 18,
        "rx_bytes": 14516,
        "tx_bytes": 2570,
        "rx_airtime": 0,
        "tx_airtime": 0,
        "beacons_count": 0,
        "inactive_msec": 3836,
        "connected_sec": 67,
        "signal": -32,
        "avg_signal": -35,
        "avg_beacon_signal": 0,
        "avg_ack_signal": 0,
        "tx_retries": 0,
        "tx_failed": 0,
        "rx_drop_misc": 0,
        "backlog_packets": 0,
        "backlog_bytes": 0,
        "fcs_error_count": 0,
        "beacon_loss_count": 0,
        "expected_throughput": 0,
        "tx_bitrate": 54,
        "rx_bitrate": 54,
        "tx_duration": 0,
        "rx_duration": 0,
        "rx_mcs": 0,
        "tx_mcs": 0,
        "rx_vhtmcs": 0,
        "tx_vhtmcs": 0,
        "rx_he_nss": 0,
        "tx_he_nss": 0,
        "rx_vht_nss": 0,
        "tx_vht_nss": 0,
        "rx_dcm": 0,
        "tx_dcm": 0,
        "rx_guard_interval": 0,
        "tx_guard_interval": 0,
        "rx_rate_info": 540,
        "tx_rate_info": 540,
        "connected_time": 67,
        "mbo_cell_capa": 1,
        "min_txpower": 8,
        "max_txpower": 20
      },
      "raw": "12:57:32:b7:40:75\nflags=[AUTH][ASSOC][AUTHORIZED][WMM]\naid=2\ncapability=0x1401\nlisten_interval=10\nsupported_rates=02 04 0b 16 0c 12 18 24 30 48 60 6c\ntimeout_next=NULLFUNC POLL\nrx_packets=178\ntx_packets=18\nrx_bytes=14516\ntx_bytes=2570\nrx_airtime=0\ntx_airtime=0\nbeacons_count=0\ninactive_msec=3836\nconnected_sec=67\nsignal=-32\navg_signal=-35\navg_beacon_signal=0\navg_ack_signal=0\ntx_retries=0\ntx_failed=0\nrx_drop_misc=0\nbacklog_packets=0\nbacklog_bytes=0\nfcs_error_count=0\nbeacon_loss_count=0\nexpected_throughput=0\ntx_bitrate=54\nrx_bitrate=54\ntx_duration=0\nrx_duration=0\nrx_mcs=0\ntx_mcs=0\nrx_vhtmcs=0\ntx_vhtmcs=0\nrx_he_nss=0\ntx_he_nss=0\nrx_vht_nss=0\ntx_vht_nss=0\nrx_dcm=0\ntx_dcm=0\nrx_guard_interval=0\ntx_guard_interval=0\nrx_rate_info=540\ntx_rate_info=540\nconnected_time=67\nmbo_cell_capa=1\nsupp_op_classes=51515354737475767778797a7b7c7d7e7f808182\nmin_txpower=8\nmax_txpower=20\n",
      "mac": "12:57:32:b7:40:75",
      "flags": [
        "AUTH",
        "ASSOC",
        "AUTHORIZED",
        "WMM"
      ],
      "aid": 2,
      "capability": [
        "ESS",
        "SHORT_SLOT_TIME",
        "RADIO_MEASUREMENT"
      ],
      "listen_interval": 10,
      "supported_rates": [
        1.0,
        2.0,
        5.5,
        11.0,
        6.0,
        9.0,
        12.0,
        18.0,
        24.0,
        36.0,
        48.0,
        54.0
      ],
      "timeout_next": "NULLFUNC POLL",
      "rx_packets": 178,
      "tx_packets": 18,
      "rx_bytes": 14516,
      "tx_bytes": 2570,
      "rx_airtime": 0,
      "tx_airtime": 0,
      "beacons_count": 0,
      "rx_drop_misc": 0,
      "backlog_packets": 0,
      "backlog_bytes": 0,
      "fcs_error_count": 0,
      "beacon_loss_count": 0,
      "expected_throughput": 0,
      "tx_retry_count": null,
      "tx_retry_failed": null,
      "tx_bitrate": 54,
      "rx_bitrate": 54,
      "tx_duration": 0,
      "rx_duration": 0,
      "rx_mcs": 0,
      "tx_mcs": 0,
      "rx_vhtmcs": 0,
      "tx_vhtmcs": 0,
      "rx_he_nss": 0,
      "tx_he_nss": 0,
      "rx_vht_nss": 0,
      "tx_vht_nss": 0,
      "rx_dcm": 0,
      "tx_dcm": 0,
      "rx_guard_interval": 0,
      "tx_guard_interval": 0,
      "signal": -32,
      "avg_signal": -35,
      "avg_beacon_signal": 0,
      "avg_ack_signal": 0,
      "inactive_msec": 3836,
      "connected_sec": 67,
      "rx_rate_info": 540,
      "tx_rate_info": 540,
      "connected_time": 67,
      "mbo_cell_capa": 1,
      "supp_op_classes": [
        {
          "op_class": 81,
          "description": "2.4GHz 20MHz (channels 1\u201313)"
        },
        {
          "op_class": 81,
          "description": "2.4GHz 20MHz (channels 1\u201313)"
        },
        {
          "op_class": 83,
          "description": "2.4GHz 20MHz (channel 14)"
        },
        {
          "op_class": 84,
          "description": "Unknown"
        },
        {
          "op_class": 115,
          "description": "5GHz 20MHz (36\u201348)"
        },
        {
          "op_class": 116,
          "description": "5GHz 40MHz (38\u201346)"
        },
        {
          "op_class": 117,
          "description": "5GHz 80MHz (42)"
        },
        {
          "op_class": 118,
          "description": "5GHz 160MHz (50)"
        },
        {
          "op_class": 119,
          "description": "5GHz 20MHz (52\u201364)"
        },
        {
          "op_class": 120,
          "description": "5GHz 40MHz (54\u201362)"
        },
        {
          "op_class": 121,
          "description": "5GHz 80MHz (58)"
        },
        {
          "op_class": 122,
          "description": "5GHz 160MHz (50)"
        },
        {
          "op_class": 123,
          "description": "Unknown"
        },
        {
          "op_class": 124,
          "description": "Unknown"
        },
        {
          "op_class": 125,
          "description": "6GHz 20MHz (1\u2013233)"
        },
        {
          "op_class": 126,
          "description": "6GHz 40MHz (3\u2013231)"
        },
        {
          "op_class": 127,
          "description": "6GHz 80MHz (7\u2013227)"
        },
        {
          "op_class": 128,
          "description": "6GHz 160MHz (15\u2013219)"
        },
        {
          "op_class": 129,
          "description": "6GHz 20MHz (low band)"
        },
        {
          "op_class": 130,
          "description": "6GHz 40MHz (low band)"
        }
      ],
      "min_txpower": 8,
      "max_txpower": 20,
      "ext_capab": null
    },
    "72:97:c7:a1:d4:59": {
      "info_dict": {
        "mac": "72:97:c7:a1:d4:59",
        "flags": [
          "AUTH",
          "ASSOC",
          "AUTHORIZED",
          "WMM"
        ],
        "aid": 4,
        "listen_interval": 1,
        "supported_rates": [
          1.0,
          2.0,
          5.5,
          11.0,
          6.0,
          9.0,
          12.0,
          18.0,
          24.0,
          36.0,
          48.0,
          54.0
        ],
        "timeout_next": "NULLFUNC POLL",
        "rx_packets": 151,
        "tx_packets": 19,
        "rx_bytes": 8406,
        "tx_bytes": 2830,
        "rx_airtime": 0,
        "tx_airtime": 0,
        "beacons_count": 0,
        "inactive_msec": 58246,
        "connected_sec": 166,
        "signal": -38,
        "avg_signal": -41,
        "avg_beacon_signal": 0,
        "avg_ack_signal": 0,
        "tx_retries": 2,
        "tx_failed": 0,
        "rx_drop_misc": 1,
        "backlog_packets": 0,
        "backlog_bytes": 0,
        "fcs_error_count": 0,
        "beacon_loss_count": 0,
        "expected_throughput": 0,
        "tx_bitrate": 54,
        "rx_bitrate": 48,
        "tx_duration": 0,
        "rx_duration": 0,
        "rx_mcs": 0,
        "tx_mcs": 0,
        "rx_vhtmcs": 0,
        "tx_vhtmcs": 0,
        "rx_he_nss": 0,
        "tx_he_nss": 0,
        "rx_vht_nss": 0,
        "tx_vht_nss": 0,
        "rx_dcm": 0,
        "tx_dcm": 0,
        "rx_guard_interval": 0,
        "tx_guard_interval": 0,
        "rx_rate_info": 480,
        "tx_rate_info": 540,
        "connected_time": 165,
        "mbo_cell_capa": 1,
        "min_txpower": 8,
        "max_txpower": 19
      },
      "raw": "72:97:c7:a1:d4:59\nflags=[AUTH][ASSOC][AUTHORIZED][WMM]\naid=4\ncapability=0x1401\nlisten_interval=1\nsupported_rates=82 84 8b 96 0c 12 18 24 30 48 60 6c\ntimeout_next=NULLFUNC POLL\nrx_packets=151\ntx_packets=19\nrx_bytes=8406\ntx_bytes=2830\nrx_airtime=0\ntx_airtime=0\nbeacons_count=0\ninactive_msec=58246\nconnected_sec=166\nsignal=-38\navg_signal=-41\navg_beacon_signal=0\navg_ack_signal=0\ntx_retries=2\ntx_failed=0\nrx_drop_misc=1\nbacklog_packets=0\nbacklog_bytes=0\nfcs_error_count=0\nbeacon_loss_count=0\nexpected_throughput=0\ntx_bitrate=54\nrx_bitrate=48\ntx_duration=0\nrx_duration=0\nrx_mcs=0\ntx_mcs=0\nrx_vhtmcs=0\ntx_vhtmcs=0\nrx_he_nss=0\ntx_he_nss=0\nrx_vht_nss=0\ntx_vht_nss=0\nrx_dcm=0\ntx_dcm=0\nrx_guard_interval=0\ntx_guard_interval=0\nrx_rate_info=480\ntx_rate_info=540\nconnected_time=165\nmbo_cell_capa=1\nsupp_op_classes=51515354737475767778797a7b7c7d7e7f808182\nmin_txpower=8\nmax_txpower=19\next_capab=040008020140\n",
      "mac": "72:97:c7:a1:d4:59",
      "flags": [
        "AUTH",
        "ASSOC",
        "AUTHORIZED",
        "WMM"
      ],
      "aid": 4,
      "capability": [
        "ESS",
        "SHORT_SLOT_TIME",
        "RADIO_MEASUREMENT"
      ],
      "listen_interval": 1,
      "supported_rates": [
        1.0,
        2.0,
        5.5,
        11.0,
        6.0,
        9.0,
        12.0,
        18.0,
        24.0,
        36.0,
        48.0,
        54.0
      ],
      "timeout_next": "NULLFUNC POLL",
      "rx_packets": 151,
      "tx_packets": 19,
      "rx_bytes": 8406,
      "tx_bytes": 2830,
      "rx_airtime": 0,
      "tx_airtime": 0,
      "beacons_count": 0,
      "rx_drop_misc": 1,
      "backlog_packets": 0,
      "backlog_bytes": 0,
      "fcs_error_count": 0,
      "beacon_loss_count": 0,
      "expected_throughput": 0,
      "tx_retry_count": null,
      "tx_retry_failed": null,
      "tx_bitrate": 54,
      "rx_bitrate": 48,
      "tx_duration": 0,
      "rx_duration": 0,
      "rx_mcs": 0,
      "tx_mcs": 0,
      "rx_vhtmcs": 0,
      "tx_vhtmcs": 0,
      "rx_he_nss": 0,
      "tx_he_nss": 0,
      "rx_vht_nss": 0,
      "tx_vht_nss": 0,
      "rx_dcm": 0,
      "tx_dcm": 0,
      "rx_guard_interval": 0,
      "tx_guard_interval": 0,
      "signal": -38,
      "avg_signal": -41,
      "avg_beacon_signal": 0,
      "avg_ack_signal": 0,
      "inactive_msec": 58246,
      "connected_sec": 166,
      "rx_rate_info": 480,
      "tx_rate_info": 540,
      "connected_time": 165,
      "mbo_cell_capa": 1,
      "supp_op_classes": [
        {
          "op_class": 81,
          "description": "2.4GHz 20MHz (channels 1\u201313)"
        },
        {
          "op_class": 81,
          "description": "2.4GHz 20MHz (channels 1\u201313)"
        },
        {
          "op_class": 83,
          "description": "2.4GHz 20MHz (channel 14)"
        },
        {
          "op_class": 84,
          "description": "Unknown"
        },
        {
          "op_class": 115,
          "description": "5GHz 20MHz (36\u201348)"
        },
        {
          "op_class": 116,
          "description": "5GHz 40MHz (38\u201346)"
        },
        {
          "op_class": 117,
          "description": "5GHz 80MHz (42)"
        },
        {
          "op_class": 118,
          "description": "5GHz 160MHz (50)"
        },
        {
          "op_class": 119,
          "description": "5GHz 20MHz (52\u201364)"
        },
        {
          "op_class": 120,
          "description": "5GHz 40MHz (54\u201362)"
        },
        {
          "op_class": 121,
          "description": "5GHz 80MHz (58)"
        },
        {
          "op_class": 122,
          "description": "5GHz 160MHz (50)"
        },
        {
          "op_class": 123,
          "description": "Unknown"
        },
        {
          "op_class": 124,
          "description": "Unknown"
        },
        {
          "op_class": 125,
          "description": "6GHz 20MHz (1\u2013233)"
        },
        {
          "op_class": 126,
          "description": "6GHz 40MHz (3\u2013231)"
        },
        {
          "op_class": 127,
          "description": "6GHz 80MHz (7\u2013227)"
        },
        {
          "op_class": 128,
          "description": "6GHz 160MHz (15\u2013219)"
        },
        {
          "op_class": 129,
          "description": "6GHz 20MHz (low band)"
        },
        {
          "op_class": 130,
          "description": "6GHz 40MHz (low band)"
        }
      ],
      "min_txpower": 8,
      "max_txpower": 19,
      "ext_capab": [
        "PSMP_CAP",
        "BSS_TRANSITION",
        "CHANNEL_USAGE"
      ]
    },
    "c2:fd:57:35:97:a9": {
      "info_dict": {
        "mac": "c2:fd:57:35:97:a9",
        "flags": [
          "AUTH",
          "ASSOC",
          "AUTHORIZED",
          "SHORT_PREAMBLE",
          "WMM"
        ],
        "aid": 3,
        "listen_interval": 10,
        "supported_rates": [
          1.0,
          2.0,
          5.5,
          11.0,
          6.0,
          9.0,
          12.0,
          18.0,
          24.0,
          36.0,
          48.0,
          54.0
        ],
        "timeout_next": "NULLFUNC POLL",
        "rx_packets": 171,
        "tx_packets": 48,
        "rx_bytes": 11701,
        "tx_bytes": 7428,
        "rx_airtime": 0,
        "tx_airtime": 0,
        "beacons_count": 0,
        "inactive_msec": 20972,
        "connected_sec": 175,
        "signal": -45,
        "avg_signal": -45,
        "avg_beacon_signal": 0,
        "avg_ack_signal": 0,
        "tx_retries": 2,
        "tx_failed": 0,
        "rx_drop_misc": 1,
        "backlog_packets": 0,
        "backlog_bytes": 0,
        "fcs_error_count": 0,
        "beacon_loss_count": 0,
        "expected_throughput": 0,
        "tx_bitrate": 54,
        "rx_bitrate": 54,
        "tx_duration": 0,
        "rx_duration": 0,
        "rx_mcs": 0,
        "tx_mcs": 0,
        "rx_vhtmcs": 0,
        "tx_vhtmcs": 0,
        "rx_he_nss": 0,
        "tx_he_nss": 0,
        "rx_vht_nss": 0,
        "tx_vht_nss": 0,
        "rx_dcm": 0,
        "tx_dcm": 0,
        "rx_guard_interval": 0,
        "tx_guard_interval": 0,
        "rx_rate_info": 540,
        "tx_rate_info": 540,
        "connected_time": 175,
        "min_txpower": -10,
        "max_txpower": 18
      },
      "raw": "c2:fd:57:35:97:a9\nflags=[AUTH][ASSOC][AUTHORIZED][SHORT_PREAMBLE][WMM]\naid=3\ncapability=0x1521\nlisten_interval=10\nsupported_rates=82 84 8b 96 0c 12 18 24 30 48 60 6c\ntimeout_next=NULLFUNC POLL\nrx_packets=171\ntx_packets=48\nrx_bytes=11701\ntx_bytes=7428\nrx_airtime=0\ntx_airtime=0\nbeacons_count=0\ninactive_msec=20972\nconnected_sec=175\nsignal=-45\navg_signal=-45\navg_beacon_signal=0\navg_ack_signal=0\ntx_retries=2\ntx_failed=0\nrx_drop_misc=1\nbacklog_packets=0\nbacklog_bytes=0\nfcs_error_count=0\nbeacon_loss_count=0\nexpected_throughput=0\ntx_bitrate=54\nrx_bitrate=54\ntx_duration=0\nrx_duration=0\nrx_mcs=0\ntx_mcs=0\nrx_vhtmcs=0\ntx_vhtmcs=0\nrx_he_nss=0\ntx_he_nss=0\nrx_vht_nss=0\ntx_vht_nss=0\nrx_dcm=0\ntx_dcm=0\nrx_guard_interval=0\ntx_guard_interval=0\nrx_rate_info=540\ntx_rate_info=540\nconnected_time=175\nsupp_op_classes=51515354737475767778797a7b7c7d7e7f80\nmin_txpower=-10\nmax_txpower=18\next_capab=04000800000000408020\n",
      "mac": "c2:fd:57:35:97:a9",
      "flags": [
        "AUTH",
        "ASSOC",
        "AUTHORIZED",
        "SHORT_PREAMBLE",
        "WMM"
      ],
      "aid": 3,
      "capability": [
        "ESS",
        "SHORT_PREAMBLE",
        "SPECTRUM_MGMT",
        "SHORT_SLOT_TIME",
        "RADIO_MEASUREMENT"
      ],
      "listen_interval": 10,
      "supported_rates": [
        1.0,
        2.0,
        5.5,
        11.0,
        6.0,
        9.0,
        12.0,
        18.0,
        24.0,
        36.0,
        48.0,
        54.0
      ],
      "timeout_next": "NULLFUNC POLL",
      "rx_packets": 171,
      "tx_packets": 48,
      "rx_bytes": 11701,
      "tx_bytes": 7428,
      "rx_airtime": 0,
      "tx_airtime": 0,
      "beacons_count": 0,
      "rx_drop_misc": 1,
      "backlog_packets": 0,
      "backlog_bytes": 0,
      "fcs_error_count": 0,
      "beacon_loss_count": 0,
      "expected_throughput": 0,
      "tx_retry_count": null,
      "tx_retry_failed": null,
      "tx_bitrate": 54,
      "rx_bitrate": 54,
      "tx_duration": 0,
      "rx_duration": 0,
      "rx_mcs": 0,
      "tx_mcs": 0,
      "rx_vhtmcs": 0,
      "tx_vhtmcs": 0,
      "rx_he_nss": 0,
      "tx_he_nss": 0,
      "rx_vht_nss": 0,
      "tx_vht_nss": 0,
      "rx_dcm": 0,
      "tx_dcm": 0,
      "rx_guard_interval": 0,
      "tx_guard_interval": 0,
      "signal": -45,
      "avg_signal": -45,
      "avg_beacon_signal": 0,
      "avg_ack_signal": 0,
      "inactive_msec": 20972,
      "connected_sec": 175,
      "rx_rate_info": 540,
      "tx_rate_info": 540,
      "connected_time": 175,
      "mbo_cell_capa": null,
      "supp_op_classes": [
        {
          "op_class": 81,
          "description": "2.4GHz 20MHz (channels 1\u201313)"
        },
        {
          "op_class": 81,
          "description": "2.4GHz 20MHz (channels 1\u201313)"
        },
        {
          "op_class": 83,
          "description": "2.4GHz 20MHz (channel 14)"
        },
        {
          "op_class": 84,
          "description": "Unknown"
        },
        {
          "op_class": 115,
          "description": "5GHz 20MHz (36\u201348)"
        },
        {
          "op_class": 116,
          "description": "5GHz 40MHz (38\u201346)"
        },
        {
          "op_class": 117,
          "description": "5GHz 80MHz (42)"
        },
        {
          "op_class": 118,
          "description": "5GHz 160MHz (50)"
        },
        {
          "op_class": 119,
          "description": "5GHz 20MHz (52\u201364)"
        },
        {
          "op_class": 120,
          "description": "5GHz 40MHz (54\u201362)"
        },
        {
          "op_class": 121,
          "description": "5GHz 80MHz (58)"
        },
        {
          "op_class": 122,
          "description": "5GHz 160MHz (50)"
        },
        {
          "op_class": 123,
          "description": "Unknown"
        },
        {
          "op_class": 124,
          "description": "Unknown"
        },
        {
          "op_class": 125,
          "description": "6GHz 20MHz (1\u2013233)"
        },
        {
          "op_class": 126,
          "description": "6GHz 40MHz (3\u2013231)"
        },
        {
          "op_class": 127,
          "description": "6GHz 80MHz (7\u2013227)"
        },
        {
          "op_class": 128,
          "description": "6GHz 160MHz (15\u2013219)"
        }
      ],
      "min_txpower": -10,
      "max_txpower": 18,
      "ext_capab": [
        "PSMP_CAP",
        "BSS_TRANSITION"
      ]
    },
    "0e:ed:c0:e3:59:0e": {
      "info_dict": {
        "mac": "0e:ed:c0:e3:59:0e",
        "flags": [
          "AUTH",
          "ASSOC",
          "AUTHORIZED",
          "WMM"
        ],
        "aid": 1,
        "listen_interval": 1,
        "supported_rates": [
          1.0,
          2.0,
          5.5,
          11.0,
          6.0,
          9.0,
          12.0,
          18.0,
          24.0,
          36.0,
          48.0,
          54.0
        ],
        "timeout_next": "NULLFUNC POLL",
        "rx_packets": 4834,
        "tx_packets": 2065,
        "rx_bytes": 488106,
        "tx_bytes": 1745534,
        "rx_airtime": 0,
        "tx_airtime": 0,
        "beacons_count": 0,
        "inactive_msec": 1039,
        "connected_sec": 274,
        "signal": -29,
        "avg_signal": -29,
        "avg_beacon_signal": 0,
        "avg_ack_signal": 0,
        "tx_retries": 129,
        "tx_failed": 0,
        "rx_drop_misc": 72,
        "backlog_packets": 0,
        "backlog_bytes": 0,
        "fcs_error_count": 0,
        "beacon_loss_count": 0,
        "expected_throughput": 0,
        "tx_bitrate": 54,
        "rx_bitrate": 54,
        "tx_duration": 0,
        "rx_duration": 0,
        "rx_mcs": 0,
        "tx_mcs": 0,
        "rx_vhtmcs": 0,
        "tx_vhtmcs": 0,
        "rx_he_nss": 0,
        "tx_he_nss": 0,
        "rx_vht_nss": 0,
        "tx_vht_nss": 0,
        "rx_dcm": 0,
        "tx_dcm": 0,
        "rx_guard_interval": 0,
        "tx_guard_interval": 0,
        "rx_rate_info": 540,
        "tx_rate_info": 540,
        "connected_time": 274,
        "mbo_cell_capa": 2,
        "min_txpower": 8,
        "max_txpower": 19
      },
      "raw": "0e:ed:c0:e3:59:0e\nflags=[AUTH][ASSOC][AUTHORIZED][WMM]\naid=1\ncapability=0x1401\nlisten_interval=1\nsupported_rates=82 84 8b 96 0c 12 18 24 30 48 60 6c\ntimeout_next=NULLFUNC POLL\nrx_packets=4834\ntx_packets=2065\nrx_bytes=488106\ntx_bytes=1745534\nrx_airtime=0\ntx_airtime=0\nbeacons_count=0\ninactive_msec=1039\nconnected_sec=274\nsignal=-29\navg_signal=-29\navg_beacon_signal=0\navg_ack_signal=0\ntx_retries=129\ntx_failed=0\nrx_drop_misc=72\nbacklog_packets=0\nbacklog_bytes=0\nfcs_error_count=0\nbeacon_loss_count=0\nexpected_throughput=0\ntx_bitrate=54\nrx_bitrate=54\ntx_duration=0\nrx_duration=0\nrx_mcs=0\ntx_mcs=0\nrx_vhtmcs=0\ntx_vhtmcs=0\nrx_he_nss=0\ntx_he_nss=0\nrx_vht_nss=0\ntx_vht_nss=0\nrx_dcm=0\ntx_dcm=0\nrx_guard_interval=0\ntx_guard_interval=0\nrx_rate_info=540\ntx_rate_info=540\nconnected_time=274\nmbo_cell_capa=2\nsupp_op_classes=51515354737475767778797a7b7c7d7e7f808182\nmin_txpower=8\nmax_txpower=19\next_capab=040008020140\n",
      "mac": "0e:ed:c0:e3:59:0e",
      "flags": [
        "AUTH",
        "ASSOC",
        "AUTHORIZED",
        "WMM"
      ],
      "aid": 1,
      "capability": [
        "ESS",
        "SHORT_SLOT_TIME",
        "RADIO_MEASUREMENT"
      ],
      "listen_interval": 1,
      "supported_rates": [
        1.0,
        2.0,
        5.5,
        11.0,
        6.0,
        9.0,
        12.0,
        18.0,
        24.0,
        36.0,
        48.0,
        54.0
      ],
      "timeout_next": "NULLFUNC POLL",
      "rx_packets": 4834,
      "tx_packets": 2065,
      "rx_bytes": 488106,
      "tx_bytes": 1745534,
      "rx_airtime": 0,
      "tx_airtime": 0,
      "beacons_count": 0,
      "rx_drop_misc": 72,
      "backlog_packets": 0,
      "backlog_bytes": 0,
      "fcs_error_count": 0,
      "beacon_loss_count": 0,
      "expected_throughput": 0,
      "tx_retry_count": null,
      "tx_retry_failed": null,
      "tx_bitrate": 54,
      "rx_bitrate": 54,
      "tx_duration": 0,
      "rx_duration": 0,
      "rx_mcs": 0,
      "tx_mcs": 0,
      "rx_vhtmcs": 0,
      "tx_vhtmcs": 0,
      "rx_he_nss": 0,
      "tx_he_nss": 0,
      "rx_vht_nss": 0,
      "tx_vht_nss": 0,
      "rx_dcm": 0,
      "tx_dcm": 0,
      "rx_guard_interval": 0,
      "tx_guard_interval": 0,
      "signal": -29,
      "avg_signal": -29,
      "avg_beacon_signal": 0,
      "avg_ack_signal": 0,
      "inactive_msec": 1039,
      "connected_sec": 274,
      "rx_rate_info": 540,
      "tx_rate_info": 540,
      "connected_time": 274,
      "mbo_cell_capa": 2,
      "supp_op_classes": [
        {
          "op_class": 81,
          "description": "2.4GHz 20MHz (channels 1\u201313)"
        },
        {
          "op_class": 81,
          "description": "2.4GHz 20MHz (channels 1\u201313)"
        },
        {
          "op_class": 83,
          "description": "2.4GHz 20MHz (channel 14)"
        },
        {
          "op_class": 84,
          "description": "Unknown"
        },
        {
          "op_class": 115,
          "description": "5GHz 20MHz (36\u201348)"
        },
        {
          "op_class": 116,
          "description": "5GHz 40MHz (38\u201346)"
        },
        {
          "op_class": 117,
          "description": "5GHz 80MHz (42)"
        },
        {
          "op_class": 118,
          "description": "5GHz 160MHz (50)"
        },
        {
          "op_class": 119,
          "description": "5GHz 20MHz (52\u201364)"
        },
        {
          "op_class": 120,
          "description": "5GHz 40MHz (54\u201362)"
        },
        {
          "op_class": 121,
          "description": "5GHz 80MHz (58)"
        },
        {
          "op_class": 122,
          "description": "5GHz 160MHz (50)"
        },
        {
          "op_class": 123,
          "description": "Unknown"
        },
        {
          "op_class": 124,
          "description": "Unknown"
        },
        {
          "op_class": 125,
          "description": "6GHz 20MHz (1\u2013233)"
        },
        {
          "op_class": 126,
          "description": "6GHz 40MHz (3\u2013231)"
        },
        {
          "op_class": 127,
          "description": "6GHz 80MHz (7\u2013227)"
        },
        {
          "op_class": 128,
          "description": "6GHz 160MHz (15\u2013219)"
        },
        {
          "op_class": 129,
          "description": "6GHz 20MHz (low band)"
        },
        {
          "op_class": 130,
          "description": "6GHz 40MHz (low band)"
        }
      ],
      "min_txpower": 8,
      "max_txpower": 19,
      "ext_capab": [
        "PSMP_CAP",
        "BSS_TRANSITION",
        "CHANNEL_USAGE"
      ]
    }
  }
}