step,source_ap,dest_ap,weight,interference_dbm,distance
0,0,1,0.0000,-67.37,30.00
0,0,2,0.4397,-62.85,21.21
0,0,3,0.3832,-67.37,30.00
0,0,4,0.3268,-71.88,42.43
0,1,0,0.0000,-67.37,30.00
0,1,2,0.0000,-62.85,21.21
0,1,3,0.0000,-71.88,42.43
0,1,4,0.0000,-67.37,30.00
0,2,0,0.4621,-62.85,21.21
0,2,1,0.0000,-62.85,21.21
0,2,3,0.4621,-62.85,21.21
0,2,4,0.4621,-62.85,21.21
0,3,0,0.3895,-67.37,30.00
0,3,1,0.0000,-71.88,42.43
0,3,2,0.4460,-62.85,21.21
0,3,4,0.3895,-67.37,30.00
0,4,0,0.3676,-71.88,42.43
0,4,1,0.0000,-67.37,30.00
0,4,2,0.4805,-62.85,21.21
0,4,3,0.4240,-67.37,30.00
1,0,1,0.0000,-67.37,30.00
1,0,2,0.4397,-62.85,21.21
1,0,3,0.3832,-67.37,30.00
1,0,4,0.3268,-71.88,42.43
1,1,0,0.0000,-67.37,30.00
1,1,2,0.0000,-62.85,21.21
1,1,3,0.0000,-71.88,42.43
1,1,4,0.0000,-67.37,30.00
1,2,0,0.4621,-62.85,21.21
1,2,1,0.0000,-62.85,21.21
1,2,3,0.4621,-62.85,21.21
1,2,4,0.4621,-62.85,21.21
1,3,0,0.3895,-67.37,30.00
1,3,1,0.0000,-71.88,42.43
1,3,2,0.4460,-62.85,21.21
1,3,4,0.3895,-67.37,30.00
1,4,0,0.3676,-71.88,42.43
1,4,1,0.0000,-67.37,30.00
1,4,2,0.4805,-62.85,21.21
1,4,3,0.4240,-67.37,30.00
2,0,1,0.0000,-67.37,30.00
2,0,2,0.4152,-62.85,21.21
2,0,3,0.3588,-67.37,30.00
2,0,4,0.3023,-71.88,42.43
2,1,0,0.0000,-67.37,30.00
2,1,2,0.0000,-62.85,21.21
2,1,3,0.0000,-71.88,42.43
2,1,4,0.0000,-67.37,30.00
2,2,0,0.4777,-62.85,21.21
2,2,1,0.0000,-62.85,21.21
2,2,3,0.4777,-62.85,21.21
2,2,4,0.4777,-62.85,21.21
2,3,0,0.3895,-67.37,30.00
2,3,1,0.0000,-71.88,42.43
2,3,2,0.4460,-62.85,21.21
2,3,4,0.3895,-67.37,30.00
2,4,0,0.3676,-71.88,42.43
2,4,1,0.0000,-67.37,30.00
2,4,2,0.4805,-62.85,21.21
2,4,3,0.4240,-67.37,30.00
3,0,1,0.0000,-67.37,30.00
3,0,2,0.3857,-62.85,21.21
3,0,3,0.3292,-67.37,30.00
3,0,4,0.2728,-71.88,42.43
3,1,0,0.0000,-67.37,30.00
3,1,2,0.0000,-62.85,21.21
3,1,3,0.0000,-71.88,42.43
3,1,4,0.0000,-67.37,30.00
3,2,0,0.4783,-62.85,21.21
3,2,1,0.0000,-62.85,21.21
3,2,3,0.4783,-62.85,21.21
3,2,4,0.4783,-62.85,21.21
3,3,0,0.3895,-67.37,30.00
3,3,1,0.0000,-71.88,42.43
3,3,2,0.4460,-62.85,21.21
3,3,4,0.3895,-67.37,30.00
3,4,0,0.3676,-71.88,42.43
3,4,1,0.0000,-67.37,30.00
3,4,2,0.4805,-62.85,21.21
3,4,3,0.4240,-67.37,30.00
4,0,1,0.0000,-67.37,30.00
4,0,2,0.3556,-62.85,21.21
4,0,3,0.2992,-67.37,30.00
4,0,4,0.2427,-71.88,42.43
4,1,0,0.0000,-67.37,30.00
4,1,2,0.0000,-62.85,21.21
4,1,3,0.0000,-71.88,42.43
4,1,4,0.0000,-67.37,30.00
4,2,0,0.4740,-62.85,21.21
4,2,1,0.0000,-62.85,21.21
4,2,3,0.4740,-62.85,21.21
4,2,4,0.4740,-62.85,21.21
4,3,0,0.3873,-67.37,30.00
4,3,1,0.0000,-71.88,42.43
4,3,2,0.4437,-62.85,21.21
4,3,4,0.3873,-67.37,30.00
4,4,0,0.3676,-71.88,42.43
4,4,1,0.0000,-67.37,30.00
4,4,2,0.4805,-62.85,21.21
4,4,3,0.4240,-67.37,30.00
5,0,1,0.0000,-67.37,30.00
5,0,2,0.3556,-62.85,21.21
5,0,3,0.2992,-67.37,30.00
5,0,4,0.2427,-71.88,42.43
5,1,0,0.0000,-67.37,30.00
5,1,2,0.0000,-62.85,21.21
5,1,3,0.0000,-71.88,42.43
5,1,4,0.0000,-67.37,30.00
5,2,0,0.4483,-62.85,21.21
5,2,1,0.0000,-62.85,21.21
5,2,3,0.4483,-62.85,21.21
5,2,4,0.4483,-62.85,21.21
5,3,0,0.3842,-67.37,30.00
5,3,1,0.0000,-71.88,42.43
5,3,2,0.4406,-62.85,21.21
5,3,4,0.3842,-67.37,30.00
5,4,0,0.3892,-71.88,42.43
5,4,1,0.0000,-67.37,30.00
5,4,2,0.5021,-62.85,21.21
5,4,3,0.4456,-67.37,30.00
6,0,1,0.0000,-67.37,30.00
6,0,2,0.3556,-62.85,21.21
6,0,3,0.2992,-67.37,30.00
6,0,4,0.2427,-71.88,42.43
6,1,0,0.0000,-67.37,30.00
6,1,2,0.0000,-62.85,21.21
6,1,3,0.0000,-71.88,42.43
6,1,4,0.0000,-67.37,30.00
6,2,0,0.4613,-62.85,21.21
6,2,1,0.0000,-62.85,21.21
6,2,3,0.4613,-62.85,21.21
6,2,4,0.4613,-62.85,21.21
6,3,0,0.3663,-67.37,30.00
6,3,1,0.0000,-71.88,42.43
6,3,2,0.4228,-62.85,21.21
6,3,4,0.3663,-67.37,30.00
6,4,0,0.3984,-71.88,42.43
6,4,1,0.0000,-67.37,30.00
6,4,2,0.5113,-62.85,21.21
6,4,3,0.4549,-67.37,30.00
7,0,1,0.0000,-67.37,30.00
7,0,2,0.3556,-62.85,21.21
7,0,3,0.2992,-67.37,30.00
7,0,4,0.2427,-71.88,42.43
7,1,0,0.0000,-67.37,30.00
7,1,2,0.0000,-62.85,21.21
7,1,3,0.0000,-71.88,42.43
7,1,4,0.0000,-67.37,30.00
7,2,0,0.4613,-62.85,21.21
7,2,1,0.0000,-62.85,21.21
7,2,3,0.4613,-62.85,21.21
7,2,4,0.4613,-62.85,21.21
7,3,0,0.3647,-67.37,30.00
7,3,1,0.0000,-71.88,42.43
7,3,2,0.4212,-62.85,21.21
7,3,4,0.3647,-67.37,30.00
7,4,0,0.4021,-71.88,42.43
7,4,1,0.0000,-67.37,30.00
7,4,2,0.5150,-62.85,21.21
7,4,3,0.4585,-67.37,30.00
8,0,1,0.0000,-67.37,30.00
8,0,2,0.3556,-62.85,21.21
8,0,3,0.2992,-67.37,30.00
8,0,4,0.2427,-71.88,42.43
8,1,0,0.0000,-67.37,30.00
8,1,2,0.0000,-62.85,21.21
8,1,3,0.0000,-71.88,42.43
8,1,4,0.0000,-67.37,30.00
8,2,0,0.4613,-62.85,21.21
8,2,1,0.0000,-62.85,21.21
8,2,3,0.4613,-62.85,21.21
8,2,4,0.4613,-62.85,21.21
8,3,0,0.3619,-67.37,30.00
8,3,1,0.0000,-71.88,42.43
8,3,2,0.4184,-62.85,21.21
8,3,4,0.3619,-67.37,30.00
8,4,0,0.4021,-71.88,42.43
8,4,1,0.0000,-67.37,30.00
8,4,2,0.5150,-62.85,21.21
8,4,3,0.4585,-67.37,30.00
9,0,1,0.0000,-67.37,30.00
9,0,2,0.3556,-62.85,21.21
9,0,3,0.2992,-67.37,30.00
9,0,4,0.2427,-71.88,42.43
9,1,0,0.0000,-67.37,30.00
9,1,2,0.0000,-62.85,21.21
9,1,3,0.0000,-71.88,42.43
9,1,4,0.0000,-67.37,30.00
9,2,0,0.4312,-62.85,21.21
9,2,1,0.0000,-62.85,21.21
9,2,3,0.4312,-62.85,21.21
9,2,4,0.4312,-62.85,21.21
9,3,0,0.3390,-67.37,30.00
9,3,1,0.0000,-71.88,42.43
9,3,2,0.3954,-62.85,21.21
9,3,4,0.3390,-67.37,30.00
9,4,0,0.4223,-71.88,42.43
9,4,1,0.0000,-67.37,30.00
9,4,2,0.5352,-62.85,21.21
9,4,3,0.4787,-67.37,30.00
10,0,1,0.0000,-67.37,30.00
10,0,2,0.3556,-62.85,21.21
10,0,3,0.2992,-67.37,30.00
10,0,4,0.2427,-71.88,42.43
10,1,0,0.0000,-67.37,30.00
10,1,2,0.0000,-62.85,21.21
10,1,3,0.0000,-71.88,42.43
10,1,4,0.0000,-67.37,30.00
10,2,0,0.4042,-62.85,21.21
10,2,1,0.0000,-62.85,21.21
10,2,3,0.4042,-62.85,21.21
10,2,4,0.4042,-62.85,21.21
10,3,0,0.3134,-67.37,30.00
10,3,1,0.0000,-71.88,42.43
10,3,2,0.3698,-62.85,21.21
10,3,4,0.3134,-67.37,30.00
10,4,0,0.4265,-71.88,42.43
10,4,1,0.0000,-67.37,30.00
10,4,2,0.5393,-62.85,21.21
10,4,3,0.4829,-67.37,30.00
11,0,1,0.0000,-67.37,30.00
11,0,2,0.3556,-62.85,21.21
11,0,3,0.2992,-67.37,30.00
11,0,4,0.2427,-71.88,42.43
11,1,0,0.0000,-67.37,30.00
11,1,2,0.0000,-62.85,21.21
11,1,3,0.0000,-71.88,42.43
11,1,4,0.0000,-67.37,30.00
11,2,0,0.4042,-62.85,21.21
11,2,1,0.0000,-62.85,21.21
11,2,3,0.4042,-62.85,21.21
11,2,4,0.4042,-62.85,21.21
11,3,0,0.3134,-67.37,30.00
11,3,1,0.0000,-71.88,42.43
11,3,2,0.3698,-62.85,21.21
11,3,4,0.3134,-67.37,30.00
11,4,0,0.4265,-71.88,42.43
11,4,1,0.0000,-67.37,30.00
11,4,2,0.5393,-62.85,21.21
11,4,3,0.4829,-67.37,30.00
12,0,1,0.0000,-67.37,30.00
12,0,2,0.3556,-62.85,21.21
12,0,3,0.2992,-67.37,30.00
12,0,4,0.2427,-71.88,42.43
12,1,0,0.0000,-67.37,30.00
12,1,2,0.0000,-62.85,21.21
12,1,3,0.0000,-71.88,42.43
12,1,4,0.0000,-67.37,30.00
12,2,0,0.4042,-62.85,21.21
12,2,1,0.0000,-62.85,21.21
12,2,3,0.4042,-62.85,21.21
12,2,4,0.4042,-62.85,21.21
12,3,0,0.3134,-67.37,30.00
12,3,1,0.0000,-71.88,42.43
12,3,2,0.3698,-62.85,21.21
12,3,4,0.3134,-67.37,30.00
12,4,0,0.4265,-71.88,42.43
12,4,1,0.0000,-67.37,30.00
12,4,2,0.5393,-62.85,21.21
12,4,3,0.4829,-67.37,30.00
13,0,1,0.0000,-67.37,30.00
13,0,2,0.3556,-62.85,21.21
13,0,3,0.2992,-67.37,30.00
13,0,4,0.2427,-71.88,42.43
13,1,0,0.0000,-67.37,30.00
13,1,2,0.0000,-62.85,21.21
13,1,3,0.0000,-71.88,42.43
13,1,4,0.0000,-67.37,30.00
13,2,0,0.4042,-62.85,21.21
13,2,1,0.0000,-62.85,21.21
13,2,3,0.4042,-62.85,21.21
13,2,4,0.4042,-62.85,21.21
13,3,0,0.3134,-67.37,30.00
13,3,1,0.0000,-71.88,42.43
13,3,2,0.3698,-62.85,21.21
13,3,4,0.3134,-67.37,30.00
13,4,0,0.4265,-71.88,42.43
13,4,1,0.0000,-67.37,30.00
13,4,2,0.5393,-62.85,21.21
13,4,3,0.4829,-67.37,30.00
14,0,1,0.0000,-67.37,30.00
14,0,2,0.3556,-62.85,21.21
14,0,3,0.2992,-67.37,30.00
14,0,4,0.2427,-71.88,42.43
14,1,0,0.0000,-67.37,30.00
14,1,2,0.0000,-62.85,21.21
14,1,3,0.0000,-71.88,42.43
14,1,4,0.0000,-67.37,30.00
14,2,0,0.4042,-62.85,21.21
14,2,1,0.0000,-62.85,21.21
14,2,3,0.4042,-62.85,21.21
14,2,4,0.4042,-62.85,21.21
14,3,0,0.3134,-67.37,30.00
14,3,1,0.0000,-71.88,42.43
14,3,2,0.3698,-62.85,21.21
14,3,4,0.3134,-67.37,30.00
14,4,0,0.4265,-71.88,42.43
14,4,1,0.0000,-67.37,30.00
14,4,2,0.5393,-62.85,21.21
14,4,3,0.4829,-67.37,30.00
15,0,1,0.0000,-67.37,30.00
15,0,2,0.3556,-62.85,21.21
15,0,3,0.2992,-67.37,30.00
15,0,4,0.2427,-71.88,42.43
15,1,0,0.0000,-67.37,30.00
15,1,2,0.0000,-62.85,21.21
15,1,3,0.0000,-71.88,42.43
15,1,4,0.0000,-67.37,30.00
15,2,0,0.4042,-62.85,21.21
15,2,1,0.0000,-62.85,21.21
15,2,3,0.4042,-62.85,21.21
15,2,4,0.4042,-62.85,21.21
15,3,0,0.3134,-67.37,30.00
15,3,1,0.0000,-71.88,42.43
15,3,2,0.3698,-62.85,21.21
15,3,4,0.3134,-67.37,30.00
15,4,0,0.4265,-71.88,42.43
15,4,1,0.0000,-67.37,30.00
15,4,2,0.5393,-62.85,21.21
15,4,3,0.4829,-67.37,30.00
16,0,1,0.0000,-67.37,30.00
16,0,2,0.3393,-62.85,21.21
16,0,3,0.2829,-67.37,30.00
16,0,4,0.2265,-71.88,42.43
16,1,0,0.0000,-67.37,30.00
16,1,2,0.0000,-62.85,21.21
16,1,3,0.0000,-71.88,42.43
16,1,4,0.0000,-67.37,30.00
16,2,0,0.4042,-62.85,21.21
16,2,1,0.0000,-62.85,21.21
16,2,3,0.4042,-62.85,21.21
16,2,4,0.4042,-62.85,21.21
16,3,0,0.3134,-67.37,30.00
16,3,1,0.0000,-71.88,42.43
16,3,2,0.3698,-62.85,21.21
16,3,4,0.3134,-67.37,30.00
16,4,0,0.4265,-71.88,42.43
16,4,1,0.0000,-67.37,30.00
16,4,2,0.5393,-62.85,21.21
16,4,3,0.4829,-67.37,30.00
17,0,1,0.0000,-67.37,30.00
17,0,2,0.3393,-62.85,21.21
17,0,3,0.2829,-67.37,30.00
17,0,4,0.2265,-71.88,42.43
17,1,0,0.0000,-67.37,30.00
17,1,2,0.0000,-62.85,21.21
17,1,3,0.0000,-71.88,42.43
17,1,4,0.0000,-67.37,30.00
17,2,0,0.4039,-62.85,21.21
17,2,1,0.0000,-62.85,21.21
17,2,3,0.4039,-62.85,21.21
17,2,4,0.4039,-62.85,21.21
17,3,0,0.3134,-67.37,30.00
17,3,1,0.0000,-71.88,42.43
17,3,2,0.3698,-62.85,21.21
17,3,4,0.3134,-67.37,30.00
17,4,0,0.4265,-71.88,42.43
17,4,1,0.0000,-67.37,30.00
17,4,2,0.5393,-62.85,21.21
17,4,3,0.4829,-67.37,30.00
18,0,1,0.0000,-67.37,30.00
18,0,2,0.3393,-62.85,21.21
18,0,3,0.2829,-67.37,30.00
18,0,4,0.2265,-71.88,42.43
18,1,0,0.0000,-67.37,30.00
18,1,2,0.0000,-62.85,21.21
18,1,3,0.0000,-71.88,42.43
18,1,4,0.0000,-67.37,30.00
18,2,0,0.4039,-62.85,21.21
18,2,1,0.0000,-62.85,21.21
18,2,3,0.4039,-62.85,21.21
18,2,4,0.4039,-62.85,21.21
18,3,0,0.3134,-67.37,30.00
18,3,1,0.0000,-71.88,42.43
18,3,2,0.3698,-62.85,21.21
18,3,4,0.3134,-67.37,30.00
18,4,0,0.4265,-71.88,42.43
18,4,1,0.0000,-67.37,30.00
18,4,2,0.5393,-62.85,21.21
18,4,3,0.4829,-67.37,30.00
19,0,1,0.0000,-67.37,30.00
19,0,2,0.3393,-62.85,21.21
19,0,3,0.2829,-67.37,30.00
19,0,4,0.2265,-71.88,42.43
19,1,0,0.0000,-67.37,30.00
19,1,2,0.0000,-62.85,21.21
19,1,3,0.0000,-71.88,42.43
19,1,4,0.0000,-67.37,30.00
19,2,0,0.3795,-62.85,21.21
19,2,1,0.0000,-62.85,21.21
19,2,3,0.3795,-62.85,21.21
19,2,4,0.3795,-62.85,21.21
19,3,0,0.3134,-67.37,30.00
19,3,1,0.0000,-71.88,42.43
19,3,2,0.3698,-62.85,21.21
19,3,4,0.3134,-67.37,30.00
19,4,0,0.4265,-71.88,42.43
19,4,1,0.0000,-67.37,30.00
19,4,2,0.5393,-62.85,21.21
19,4,3,0.4829,-67.37,30.00
20,0,1,0.0000,-67.37,30.00
20,0,2,0.3393,-62.85,21.21
20,0,3,0.2829,-67.37,30.00
20,0,4,0.2265,-71.88,42.43
20,1,0,0.0000,-67.37,30.00
20,1,2,0.0000,-62.85,21.21
20,1,3,0.0000,-71.88,42.43
20,1,4,0.0000,-67.37,30.00
20,2,0,0.3795,-62.85,21.21
20,2,1,0.0000,-62.85,21.21
20,2,3,0.3795,-62.85,21.21
20,2,4,0.3795,-62.85,21.21
20,3,0,0.3134,-67.37,30.00
20,3,1,0.0000,-71.88,42.43
20,3,2,0.3698,-62.85,21.21
20,3,4,0.3134,-67.37,30.00
20,4,0,0.4265,-71.88,42.43
20,4,1,0.0000,-67.37,30.00
20,4,2,0.5393,-62.85,21.21
20,4,3,0.4829,-67.37,30.00
21,0,1,0.0000,-67.37,30.00
21,0,2,0.3393,-62.85,21.21
21,0,3,0.2829,-67.37,30.00
21,0,4,0.2265,-71.88,42.43
21,1,0,0.0000,-67.37,30.00
21,1,2,0.0000,-62.85,21.21
21,1,3,0.0000,-71.88,42.43
21,1,4,0.0000,-67.37,30.00
21,2,0,0.4095,-62.85,21.21
21,2,1,0.0000,-62.85,21.21
21,2,3,0.4095,-62.85,21.21
21,2,4,0.4095,-62.85,21.21
21,3,0,0.3134,-67.37,30.00
21,3,1,0.0000,-71.88,42.43
21,3,2,0.3698,-62.85,21.21
21,3,4,0.3134,-67.37,30.00
21,4,0,0.4265,-71.88,42.43
21,4,1,0.0000,-67.37,30.00
21,4,2,0.5393,-62.85,21.21
21,4,3,0.4829,-67.37,30.00
22,0,1,0.0000,-67.37,30.00
22,0,2,0.3393,-62.85,21.21
22,0,3,0.2829,-67.37,30.00
22,0,4,0.2265,-71.88,42.43
22,1,0,0.0000,-67.37,30.00
22,1,2,0.0000,-62.85,21.21
22,1,3,0.0000,-71.88,42.43
22,1,4,0.0000,-67.37,30.00
22,2,0,0.3988,-62.85,21.21
22,2,1,0.0000,-62.85,21.21
22,2,3,0.3988,-62.85,21.21
22,2,4,0.3988,-62.85,21.21
22,3,0,0.3134,-67.37,30.00
22,3,1,0.0000,-71.88,42.43
22,3,2,0.3698,-62.85,21.21
22,3,4,0.3134,-67.37,30.00
22,4,0,0.4265,-71.88,42.43
22,4,1,0.0000,-67.37,30.00
22,4,2,0.5393,-62.85,21.21
22,4,3,0.4829,-67.37,30.00
23,0,1,0.0000,-67.37,30.00
23,0,2,0.3393,-62.85,21.21
23,0,3,0.2829,-67.37,30.00
23,0,4,0.2265,-71.88,42.43
23,1,0,0.0000,-67.37,30.00
23,1,2,0.0000,-62.85,21.21
23,1,3,0.0000,-71.88,42.43
23,1,4,0.0000,-67.37,30.00
23,2,0,0.3988,-62.85,21.21
23,2,1,0.0000,-62.85,21.21
23,2,3,0.3988,-62.85,21.21
23,2,4,0.3988,-62.85,21.21
23,3,0,0.3134,-67.37,30.00
23,3,1,0.0000,-71.88,42.43
23,3,2,0.3698,-62.85,21.21
23,3,4,0.3134,-67.37,30.00
23,4,0,0.4265,-71.88,42.43
23,4,1,0.0000,-67.37,30.00
23,4,2,0.5393,-62.85,21.21
23,4,3,0.4829,-67.37,30.00
24,0,1,0.0000,-67.37,30.00
24,0,2,0.3393,-62.85,21.21
24,0,3,0.2829,-67.37,30.00
24,0,4,0.2265,-71.88,42.43
24,1,0,0.0000,-67.37,30.00
24,1,2,0.0000,-62.85,21.21
24,1,3,0.0000,-71.88,42.43
24,1,4,0.0000,-67.37,30.00
24,2,0,0.3988,-62.85,21.21
24,2,1,0.0000,-62.85,21.21
24,2,3,0.3988,-62.85,21.21
24,2,4,0.3988,-62.85,21.21
24,3,0,0.3134,-67.37,30.00
24,3,1,0.0000,-71.88,42.43
24,3,2,0.3698,-62.85,21.21
24,3,4,0.3134,-67.37,30.00
24,4,0,0.4265,-71.88,42.43
24,4,1,0.0000,-67.37,30.00
24,4,2,0.5393,-62.85,21.21
24,4,3,0.4829,-67.37,30.00
25,0,1,0.0000,-67.37,30.00
25,0,2,0.3393,-62.85,21.21
25,0,3,0.2829,-67.37,30.00
25,0,4,0.2265,-71.88,42.43
25,1,0,0.0000,-67.37,30.00
25,1,2,0.0000,-62.85,21.21
25,1,3,0.0000,-71.88,42.43
25,1,4,0.0000,-67.37,30.00
25,2,0,0.3988,-62.85,21.21
25,2,1,0.0000,-62.85,21.21
25,2,3,0.3988,-62.85,21.21
25,2,4,0.3988,-62.85,21.21
25,3,0,0.3077,-67.37,30.00
25,3,1,0.0000,-71.88,42.43
25,3,2,0.3641,-62.85,21.21
25,3,4,0.3077,-67.37,30.00
25,4,0,0.4265,-71.88,42.43
25,4,1,0.0000,-67.37,30.00
25,4,2,0.5393,-62.85,21.21
25,4,3,0.4829,-67.37,30.00
26,0,1,0.0000,-67.37,30.00
26,0,2,0.3393,-62.85,21.21
26,0,3,0.2829,-67.37,30.00
26,0,4,0.2265,-71.88,42.43
26,1,0,0.0000,-67.37,30.00
26,1,2,0.0000,-62.85,21.21
26,1,3,0.0000,-71.88,42.43
26,1,4,0.0000,-67.37,30.00
26,2,0,0.4178,-62.85,21.21
26,2,1,0.0000,-62.85,21.21
26,2,3,0.4178,-62.85,21.21
26,2,4,0.4178,-62.85,21.21
26,3,0,0.2829,-67.37,30.00
26,3,1,0.0000,-71.88,42.43
26,3,2,0.3393,-62.85,21.21
26,3,4,0.2829,-67.37,30.00
26,4,0,0.4265,-71.88,42.43
26,4,1,0.0000,-67.37,30.00
26,4,2,0.5393,-62.85,21.21
26,4,3,0.4829,-67.37,30.00
27,0,1,0.0000,-67.37,30.00
27,0,2,0.3393,-62.85,21.21
27,0,3,0.2829,-67.37,30.00
27,0,4,0.2265,-71.88,42.43
27,1,0,0.0000,-67.37,30.00
27,1,2,0.0000,-62.85,21.21
27,1,3,0.0000,-71.88,42.43
27,1,4,0.0000,-67.37,30.00
27,2,0,0.4158,-62.85,21.21
27,2,1,0.0000,-62.85,21.21
27,2,3,0.4158,-62.85,21.21
27,2,4,0.4158,-62.85,21.21
27,3,0,0.2829,-67.37,30.00
27,3,1,0.0000,-71.88,42.43
27,3,2,0.3393,-62.85,21.21
27,3,4,0.2829,-67.37,30.00
27,4,0,0.4265,-71.88,42.43
27,4,1,0.0000,-67.37,30.00
27,4,2,0.5393,-62.85,21.21
27,4,3,0.4829,-67.37,30.00
28,0,1,0.0000,-67.37,30.00
28,0,2,0.3393,-62.85,21.21
28,0,3,0.2829,-67.37,30.00
28,0,4,0.2265,-71.88,42.43
28,1,0,0.0000,-67.37,30.00
28,1,2,0.0000,-62.85,21.21
28,1,3,0.0000,-71.88,42.43
28,1,4,0.0000,-67.37,30.00
28,2,0,0.4757,-62.85,21.21
28,2,1,0.0000,-62.85,21.21
28,2,3,0.4757,-62.85,21.21
28,2,4,0.4757,-62.85,21.21
28,3,0,0.2829,-67.37,30.00
28,3,1,0.0000,-71.88,42.43
28,3,2,0.3393,-62.85,21.21
28,3,4,0.2829,-67.37,30.00
28,4,0,0.4008,-71.88,42.43
28,4,1,0.0000,-67.37,30.00
28,4,2,0.5137,-62.85,21.21
28,4,3,0.4573,-67.37,30.00
29,0,1,0.0000,-67.37,30.00
29,0,2,0.3393,-62.85,21.21
29,0,3,0.2829,-67.37,30.00
29,0,4,0.2265,-71.88,42.43
29,1,0,0.0000,-67.37,30.00
29,1,2,0.0000,-62.85,21.21
29,1,3,0.0000,-71.88,42.43
29,1,4,0.0000,-67.37,30.00
29,2,0,0.4449,-62.85,21.21
29,2,1,0.0000,-62.85,21.21
29,2,3,0.4449,-62.85,21.21
29,2,4,0.4449,-62.85,21.21
29,3,0,0.2829,-67.37,30.00
29,3,1,0.0000,-71.88,42.43
29,3,2,0.3393,-62.85,21.21
29,3,4,0.2829,-67.37,30.00
29,4,0,0.4205,-71.88,42.43
29,4,1,0.0000,-67.37,30.00
29,4,2,0.5334,-62.85,21.21
29,4,3,0.4770,-67.37,30.00
30,0,1,0.0000,-67.37,30.00
30,0,2,0.3393,-62.85,21.21
30,0,3,0.2829,-67.37,30.00
30,0,4,0.2265,-71.88,42.43
30,1,0,0.0000,-67.37,30.00
30,1,2,0.0000,-62.85,21.21
30,1,3,0.0000,-71.88,42.43
30,1,4,0.0000,-67.37,30.00
30,2,0,0.4355,-62.85,21.21
30,2,1,0.0000,-62.85,21.21
30,2,3,0.4355,-62.85,21.21
30,2,4,0.4355,-62.85,21.21
30,3,0,0.2829,-67.37,30.00
30,3,1,0.0000,-71.88,42.43
30,3,2,0.3393,-62.85,21.21
30,3,4,0.2829,-67.37,30.00
30,4,0,0.4265,-71.88,42.43
30,4,1,0.0000,-67.37,30.00
30,4,2,0.5393,-62.85,21.21
30,4,3,0.4829,-67.37,30.00
31,0,1,0.0000,-67.37,30.00
31,0,2,0.3393,-62.85,21.21
31,0,3,0.2829,-67.37,30.00
31,0,4,0.2265,-71.88,42.43
31,1,0,0.0000,-67.37,30.00
31,1,2,0.0000,-62.85,21.21
31,1,3,0.0000,-71.88,42.43
31,1,4,0.0000,-67.37,30.00
31,2,0,0.4397,-62.85,21.21
31,2,1,0.0000,-62.85,21.21
31,2,3,0.4397,-62.85,21.21
31,2,4,0.4397,-62.85,21.21
31,3,0,0.2829,-67.37,30.00
31,3,1,0.0000,-71.88,42.43
31,3,2,0.3393,-62.85,21.21
31,3,4,0.2829,-67.37,30.00
31,4,0,0.4265,-71.88,42.43
31,4,1,0.0000,-67.37,30.00
31,4,2,0.5393,-62.85,21.21
31,4,3,0.4829,-67.37,30.00
32,0,1,0.0000,-67.37,30.00
32,0,2,0.3393,-62.85,21.21
32,0,3,0.2829,-67.37,30.00
32,0,4,0.2265,-71.88,42.43
32,1,0,0.0000,-67.37,30.00
32,1,2,0.0000,-62.85,21.21
32,1,3,0.0000,-71.88,42.43
32,1,4,0.0000,-67.37,30.00
32,2,0,0.4415,-62.85,21.21
32,2,1,0.0000,-62.85,21.21
32,2,3,0.4415,-62.85,21.21
32,2,4,0.4415,-62.85,21.21
32,3,0,0.2829,-67.37,30.00
32,3,1,0.0000,-71.88,42.43
32,3,2,0.3393,-62.85,21.21
32,3,4,0.2829,-67.37,30.00
32,4,0,0.4265,-71.88,42.43
32,4,1,0.0000,-67.37,30.00
32,4,2,0.5393,-62.85,21.21
32,4,3,0.4829,-67.37,30.00
33,0,1,0.0000,-67.37,30.00
33,0,2,0.3393,-62.85,21.21
33,0,3,0.2829,-67.37,30.00
33,0,4,0.2265,-71.88,42.43
33,1,0,0.0000,-67.37,30.00
33,1,2,0.0000,-62.85,21.21
33,1,3,0.0000,-71.88,42.43
33,1,4,0.0000,-67.37,30.00
33,2,0,0.4614,-62.85,21.21
33,2,1,0.0000,-62.85,21.21
33,2,3,0.4614,-62.85,21.21
33,2,4,0.4614,-62.85,21.21
33,3,0,0.2829,-67.37,30.00
33,3,1,0.0000,-71.88,42.43
33,3,2,0.3393,-62.85,21.21
33,3,4,0.2829,-67.37,30.00
33,4,0,0.4265,-71.88,42.43
33,4,1,0.0000,-67.37,30.00
33,4,2,0.5393,-62.85,21.21
33,4,3,0.4829,-67.37,30.00
34,0,1,0.0000,-67.37,30.00
34,0,2,0.3393,-62.85,21.21
34,0,3,0.2829,-67.37,30.00
34,0,4,0.2265,-71.88,42.43
34,1,0,0.0000,-67.37,30.00
34,1,2,0.0000,-62.85,21.21
34,1,3,0.0000,-71.88,42.43
34,1,4,0.0000,-67.37,30.00
34,2,0,0.4607,-62.85,21.21
34,2,1,0.0000,-62.85,21.21
34,2,3,0.4607,-62.85,21.21
34,2,4,0.4607,-62.85,21.21
34,3,0,0.2829,-67.37,30.00
34,3,1,0.0000,-71.88,42.43
34,3,2,0.3393,-62.85,21.21
34,3,4,0.2829,-67.37,30.00
34,4,0,0.4265,-71.88,42.43
34,4,1,0.0000,-67.37,30.00
34,4,2,0.5393,-62.85,21.21
34,4,3,0.4829,-67.37,30.00
35,0,1,0.0000,-67.37,30.00
35,0,2,0.3638,-62.85,21.21
35,0,3,0.3073,-67.37,30.00
35,0,4,0.2509,-71.88,42.43
35,1,0,0.0000,-67.37,30.00
35,1,2,0.0000,-62.85,21.21
35,1,3,0.0000,-71.88,42.43
35,1,4,0.0000,-67.37,30.00
35,2,0,0.4050,-62.85,21.21
35,2,1,0.0000,-62.85,21.21
35,2,3,0.4050,-62.85,21.21
35,2,4,0.4050,-62.85,21.21
35,3,0,0.3029,-67.37,30.00
35,3,1,0.0000,-71.88,42.43
35,3,2,0.3594,-62.85,21.21
35,3,4,0.3029,-67.37,30.00
35,4,0,0.4265,-71.88,42.43
35,4,1,0.0000,-67.37,30.00
35,4,2,0.5393,-62.85,21.21
35,4,3,0.4829,-67.37,30.00
36,0,1,0.0000,-67.37,30.00
36,0,2,0.3713,-62.85,21.21
36,0,3,0.3148,-67.37,30.00
36,0,4,0.2584,-71.88,42.43
36,1,0,0.0000,-67.37,30.00
36,1,2,0.0000,-62.85,21.21
36,1,3,0.0000,-71.88,42.43
36,1,4,0.0000,-67.37,30.00
36,2,0,0.4050,-62.85,21.21
36,2,1,0.0000,-62.85,21.21
36,2,3,0.4050,-62.85,21.21
36,2,4,0.4050,-62.85,21.21
36,3,0,0.3020,-67.37,30.00
36,3,1,0.0000,-71.88,42.43
36,3,2,0.3584,-62.85,21.21
36,3,4,0.3020,-67.37,30.00
36,4,0,0.4265,-71.88,42.43
36,4,1,0.0000,-67.37,30.00
36,4,2,0.5393,-62.85,21.21
36,4,3,0.4829,-67.37,30.00
37,0,1,0.0000,-67.37,30.00
37,0,2,0.3713,-62.85,21.21
37,0,3,0.3148,-67.37,30.00
37,0,4,0.2584,-71.88,42.43
37,1,0,0.0000,-67.37,30.00
37,1,2,0.0000,-62.85,21.21
37,1,3,0.0000,-71.88,42.43
37,1,4,0.0000,-67.37,30.00
37,2,0,0.4050,-62.85,21.21
37,2,1,0.0000,-62.85,21.21
37,2,3,0.4050,-62.85,21.21
37,2,4,0.4050,-62.85,21.21
37,3,0,0.3071,-67.37,30.00
37,3,1,0.0000,-71.88,42.43
37,3,2,0.3636,-62.85,21.21
37,3,4,0.3071,-67.37,30.00
37,4,0,0.4265,-71.88,42.43
37,4,1,0.0000,-67.37,30.00
37,4,2,0.5393,-62.85,21.21
37,4,3,0.4829,-67.37,30.00
38,0,1,0.0000,-67.37,30.00
38,0,2,0.3713,-62.85,21.21
38,0,3,0.3148,-67.37,30.00
38,0,4,0.2584,-71.88,42.43
38,1,0,0.0000,-67.37,30.00
38,1,2,0.0000,-62.85,21.21
38,1,3,0.0000,-71.88,42.43
38,1,4,0.0000,-67.37,30.00
38,2,0,0.4049,-62.85,21.21
38,2,1,0.0000,-62.85,21.21
38,2,3,0.4049,-62.85,21.21
38,2,4,0.4049,-62.85,21.21
38,3,0,0.3448,-67.37,30.00
38,3,1,0.0000,-71.88,42.43
38,3,2,0.4013,-62.85,21.21
38,3,4,0.3448,-67.37,30.00
38,4,0,0.4097,-71.88,42.43
38,4,1,0.0000,-67.37,30.00
38,4,2,0.5226,-62.85,21.21
38,4,3,0.4662,-67.37,30.00
39,0,1,0.0000,-67.37,30.00
39,0,2,0.3713,-62.85,21.21
39,0,3,0.3148,-67.37,30.00
39,0,4,0.2584,-71.88,42.43
39,1,0,0.0000,-67.37,30.00
39,1,2,0.0000,-62.85,21.21
39,1,3,0.0000,-71.88,42.43
39,1,4,0.0000,-67.37,30.00
39,2,0,0.4025,-62.85,21.21
39,2,1,0.0000,-62.85,21.21
39,2,3,0.4025,-62.85,21.21
39,2,4,0.4025,-62.85,21.21
39,3,0,0.3455,-67.37,30.00
39,3,1,0.0000,-71.88,42.43
39,3,2,0.4019,-62.85,21.21
39,3,4,0.3455,-67.37,30.00
39,4,0,0.4097,-71.88,42.43
39,4,1,0.0000,-67.37,30.00
39,4,2,0.5226,-62.85,21.21
39,4,3,0.4662,-67.37,30.00
40,0,1,0.0000,-67.37,30.00
40,0,2,0.3713,-62.85,21.21
40,0,3,0.3148,-67.37,30.00
40,0,4,0.2584,-71.88,42.43
40,1,0,0.0000,-67.37,30.00
40,1,2,0.0000,-62.85,21.21
40,1,3,0.0000,-71.88,42.43
40,1,4,0.0000,-67.37,30.00
40,2,0,0.4244,-62.85,21.21
40,2,1,0.0000,-62.85,21.21
40,2,3,0.4244,-62.85,21.21
40,2,4,0.4244,-62.85,21.21
40,3,0,0.3605,-67.37,30.00
40,3,1,0.0000,-71.88,42.43
40,3,2,0.4169,-62.85,21.21
40,3,4,0.3605,-67.37,30.00
40,4,0,0.3823,-71.88,42.43
40,4,1,0.0000,-67.37,30.00
40,4,2,0.4952,-62.85,21.21
40,4,3,0.4388,-67.37,30.00
41,0,1,0.0000,-67.37,30.00
41,0,2,0.3713,-62.85,21.21
41,0,3,0.3148,-67.37,30.00
41,0,4,0.2584,-71.88,42.43
41,1,0,0.0000,-67.37,30.00
41,1,2,0.0000,-62.85,21.21
41,1,3,0.0000,-71.88,42.43
41,1,4,0.0000,-67.37,30.00
41,2,0,0.4244,-62.85,21.21
41,2,1,0.0000,-62.85,21.21
41,2,3,0.4244,-62.85,21.21
41,2,4,0.4244,-62.85,21.21
41,3,0,0.3605,-67.37,30.00
41,3,1,0.0000,-71.88,42.43
41,3,2,0.4169,-62.85,21.21
41,3,4,0.3605,-67.37,30.00
41,4,0,0.3823,-71.88,42.43
41,4,1,0.0000,-67.37,30.00
41,4,2,0.4952,-62.85,21.21
41,4,3,0.4388,-67.37,30.00
42,0,1,0.0000,-67.37,30.00
42,0,2,0.3713,-62.85,21.21
42,0,3,0.3148,-67.37,30.00
42,0,4,0.2584,-71.88,42.43
42,1,0,0.0000,-67.37,30.00
42,1,2,0.0000,-62.85,21.21
42,1,3,0.0000,-71.88,42.43
42,1,4,0.0000,-67.37,30.00
42,2,0,0.4540,-62.85,21.21
42,2,1,0.0000,-62.85,21.21
42,2,3,0.4540,-62.85,21.21
42,2,4,0.4540,-62.85,21.21
42,3,0,0.3605,-67.37,30.00
42,3,1,0.0000,-71.88,42.43
42,3,2,0.4169,-62.85,21.21
42,3,4,0.3605,-67.37,30.00
42,4,0,0.3823,-71.88,42.43
42,4,1,0.0000,-67.37,30.00
42,4,2,0.4952,-62.85,21.21
42,4,3,0.4388,-67.37,30.00
43,0,1,0.0000,-67.37,30.00
43,0,2,0.3713,-62.85,21.21
43,0,3,0.3148,-67.37,30.00
43,0,4,0.2584,-71.88,42.43
43,1,0,0.0000,-67.37,30.00
43,1,2,0.0000,-62.85,21.21
43,1,3,0.0000,-71.88,42.43
43,1,4,0.0000,-67.37,30.00
43,2,0,0.4540,-62.85,21.21
43,2,1,0.0000,-62.85,21.21
43,2,3,0.4540,-62.85,21.21
43,2,4,0.4540,-62.85,21.21
43,3,0,0.3605,-67.37,30.00
43,3,1,0.0000,-71.88,42.43
43,3,2,0.4169,-62.85,21.21
43,3,4,0.3605,-67.37,30.00
43,4,0,0.3823,-71.88,42.43
43,4,1,0.0000,-67.37,30.00
43,4,2,0.4952,-62.85,21.21
43,4,3,0.4388,-67.37,30.00
44,0,1,0.0000,-67.37,30.00
44,0,2,0.3713,-62.85,21.21
44,0,3,0.3148,-67.37,30.00
44,0,4,0.2584,-71.88,42.43
44,1,0,0.0000,-67.37,30.00
44,1,2,0.0000,-62.85,21.21
44,1,3,0.0000,-71.88,42.43
44,1,4,0.0000,-67.37,30.00
44,2,0,0.4540,-62.85,21.21
44,2,1,0.0000,-62.85,21.21
44,2,3,0.4540,-62.85,21.21
44,2,4,0.4540,-62.85,21.21
44,3,0,0.3605,-67.37,30.00
44,3,1,0.0000,-71.88,42.43
44,3,2,0.4169,-62.85,21.21
44,3,4,0.3605,-67.37,30.00
44,4,0,0.3823,-71.88,42.43
44,4,1,0.0000,-67.37,30.00
44,4,2,0.4952,-62.85,21.21
44,4,3,0.4388,-67.37,30.00
45,0,1,0.0000,-67.37,30.00
45,0,2,0.3713,-62.85,21.21
45,0,3,0.3148,-67.37,30.00
45,0,4,0.2584,-71.88,42.43
45,1,0,0.0000,-67.37,30.00
45,1,2,0.0000,-62.85,21.21
45,1,3,0.0000,-71.88,42.43
45,1,4,0.0000,-67.37,30.00
45,2,0,0.4540,-62.85,21.21
45,2,1,0.0000,-62.85,21.21
45,2,3,0.4540,-62.85,21.21
45,2,4,0.4540,-62.85,21.21
45,3,0,0.3605,-67.37,30.00
45,3,1,0.0000,-71.88,42.43
45,3,2,0.4169,-62.85,21.21
45,3,4,0.3605,-67.37,30.00
45,4,0,0.3823,-71.88,42.43
45,4,1,0.0000,-67.37,30.00
45,4,2,0.4952,-62.85,21.21
45,4,3,0.4388,-67.37,30.00
46,0,1,0.0000,-67.37,30.00
46,0,2,0.3713,-62.85,21.21
46,0,3,0.3148,-67.37,30.00
46,0,4,0.2584,-71.88,42.43
46,1,0,0.0000,-67.37,30.00
46,1,2,0.0000,-62.85,21.21
46,1,3,0.0000,-71.88,42.43
46,1,4,0.0000,-67.37,30.00
46,2,0,0.4703,-62.85,21.21
46,2,1,0.0000,-62.85,21.21
46,2,3,0.4703,-62.85,21.21
46,2,4,0.4703,-62.85,21.21
46,3,0,0.3605,-67.37,30.00
46,3,1,0.0000,-71.88,42.43
46,3,2,0.4169,-62.85,21.21
46,3,4,0.3605,-67.37,30.00
46,4,0,0.3823,-71.88,42.43
46,4,1,0.0000,-67.37,30.00
46,4,2,0.4952,-62.85,21.21
46,4,3,0.4388,-67.37,30.00
47,0,1,0.0000,-67.37,30.00
47,0,2,0.3393,-62.85,21.21
47,0,3,0.2829,-67.37,30.00
47,0,4,0.2265,-71.88,42.43
47,1,0,0.0000,-67.37,30.00
47,1,2,0.0000,-62.85,21.21
47,1,3,0.0000,-71.88,42.43
47,1,4,0.0000,-67.37,30.00
47,2,0,0.4398,-62.85,21.21
47,2,1,0.0000,-62.85,21.21
47,2,3,0.4398,-62.85,21.21
47,2,4,0.4398,-62.85,21.21
47,3,0,0.3605,-67.37,30.00
47,3,1,0.0000,-71.88,42.43
47,3,2,0.4169,-62.85,21.21
47,3,4,0.3605,-67.37,30.00
47,4,0,0.3823,-71.88,42.43
47,4,1,0.0000,-67.37,30.00
47,4,2,0.4952,-62.85,21.21
47,4,3,0.4388,-67.37,30.00
48,0,1,0.0000,-67.37,30.00
48,0,2,0.3393,-62.85,21.21
48,0,3,0.2829,-67.37,30.00
48,0,4,0.2265,-71.88,42.43
48,1,0,0.0000,-67.37,30.00
48,1,2,0.0000,-62.85,21.21
48,1,3,0.0000,-71.88,42.43
48,1,4,0.0000,-67.37,30.00
48,2,0,0.4398,-62.85,21.21
48,2,1,0.0000,-62.85,21.21
48,2,3,0.4398,-62.85,21.21
48,2,4,0.4398,-62.85,21.21
48,3,0,0.3605,-67.37,30.00
48,3,1,0.0000,-71.88,42.43
48,3,2,0.4169,-62.85,21.21
48,3,4,0.3605,-67.37,30.00
48,4,0,0.3823,-71.88,42.43
48,4,1,0.0000,-67.37,30.00
48,4,2,0.4952,-62.85,21.21
48,4,3,0.4388,-67.37,30.00
49,0,1,0.0000,-67.37,30.00
49,0,2,0.3393,-62.85,21.21
49,0,3,0.2829,-67.37,30.00
49,0,4,0.2265,-71.88,42.43
49,1,0,0.0000,-67.37,30.00
49,1,2,0.0000,-62.85,21.21
49,1,3,0.0000,-71.88,42.43
49,1,4,0.0000,-67.37,30.00
49,2,0,0.4398,-62.85,21.21
49,2,1,0.0000,-62.85,21.21
49,2,3,0.4398,-62.85,21.21
49,2,4,0.4398,-62.85,21.21
49,3,0,0.3605,-67.37,30.00
49,3,1,0.0000,-71.88,42.43
49,3,2,0.4169,-62.85,21.21
49,3,4,0.3605,-67.37,30.00
49,4,0,0.3823,-71.88,42.43
49,4,1,0.0000,-67.37,30.00
49,4,2,0.4952,-62.85,21.21
49,4,3,0.4388,-67.37,30.00
50,0,1,0.0000,-67.37,30.00
50,0,2,0.3393,-62.85,21.21
50,0,3,0.2829,-67.37,30.00
50,0,4,0.2265,-71.88,42.43
50,1,0,0.0000,-67.37,30.00
50,1,2,0.0000,-62.85,21.21
50,1,3,0.0000,-71.88,42.43
50,1,4,0.0000,-67.37,30.00
50,2,0,0.4398,-62.85,21.21
50,2,1,0.0000,-62.85,21.21
50,2,3,0.4398,-62.85,21.21
50,2,4,0.4398,-62.85,21.21
50,3,0,0.3605,-67.37,30.00
50,3,1,0.0000,-71.88,42.43
50,3,2,0.4169,-62.85,21.21
50,3,4,0.3605,-67.37,30.00
50,4,0,0.4191,-71.88,42.43
50,4,1,0.0000,-67.37,30.00
50,4,2,0.5320,-62.85,21.21
50,4,3,0.4755,-67.37,30.00
51,0,1,0.0000,-67.37,30.00
51,0,2,0.3393,-62.85,21.21
51,0,3,0.2829,-67.37,30.00
51,0,4,0.2265,-71.88,42.43
51,1,0,0.0000,-67.37,30.00
51,1,2,0.0000,-62.85,21.21
51,1,3,0.0000,-71.88,42.43
51,1,4,0.0000,-67.37,30.00
51,2,0,0.4519,-62.85,21.21
51,2,1,0.0000,-62.85,21.21
51,2,3,0.4519,-62.85,21.21
51,2,4,0.4519,-62.85,21.21
51,3,0,0.3605,-67.37,30.00
51,3,1,0.0000,-71.88,42.43
51,3,2,0.4169,-62.85,21.21
51,3,4,0.3605,-67.37,30.00
51,4,0,0.4191,-71.88,42.43
51,4,1,0.0000,-67.37,30.00
51,4,2,0.5320,-62.85,21.21
51,4,3,0.4755,-67.37,30.00
52,0,1,0.0000,-67.37,30.00
52,0,2,0.3393,-62.85,21.21
52,0,3,0.2829,-67.37,30.00
52,0,4,0.2265,-71.88,42.43
52,1,0,0.0000,-67.37,30.00
52,1,2,0.0000,-62.85,21.21
52,1,3,0.0000,-71.88,42.43
52,1,4,0.0000,-67.37,30.00
52,2,0,0.4516,-62.85,21.21
52,2,1,0.0000,-62.85,21.21
52,2,3,0.4516,-62.85,21.21
52,2,4,0.4516,-62.85,21.21
52,3,0,0.3605,-67.37,30.00
52,3,1,0.0000,-71.88,42.43
52,3,2,0.4169,-62.85,21.21
52,3,4,0.3605,-67.37,30.00
52,4,0,0.4191,-71.88,42.43
52,4,1,0.0000,-67.37,30.00
52,4,2,0.5320,-62.85,21.21
52,4,3,0.4755,-67.37,30.00
53,0,1,0.0000,-67.37,30.00
53,0,2,0.3393,-62.85,21.21
53,0,3,0.2829,-67.37,30.00
53,0,4,0.2265,-71.88,42.43
53,1,0,0.0000,-67.37,30.00
53,1,2,0.0000,-62.85,21.21
53,1,3,0.0000,-71.88,42.43
53,1,4,0.0000,-67.37,30.00
53,2,0,0.4610,-62.85,21.21
53,2,1,0.0000,-62.85,21.21
53,2,3,0.4610,-62.85,21.21
53,2,4,0.4610,-62.85,21.21
53,3,0,0.3851,-67.37,30.00
53,3,1,0.0000,-71.88,42.43
53,3,2,0.4415,-62.85,21.21
53,3,4,0.3851,-67.37,30.00
53,4,0,0.4145,-71.88,42.43
53,4,1,0.0000,-67.37,30.00
53,4,2,0.5273,-62.85,21.21
53,4,3,0.4709,-67.37,30.00
54,0,1,0.0000,-67.37,30.00
54,0,2,0.3393,-62.85,21.21
54,0,3,0.2829,-67.37,30.00
54,0,4,0.2265,-71.88,42.43
54,1,0,0.0000,-67.37,30.00
54,1,2,0.0000,-62.85,21.21
54,1,3,0.0000,-71.88,42.43
54,1,4,0.0000,-67.37,30.00
54,2,0,0.4610,-62.85,21.21
54,2,1,0.0000,-62.85,21.21
54,2,3,0.4610,-62.85,21.21
54,2,4,0.4610,-62.85,21.21
54,3,0,0.4046,-67.37,30.00
54,3,1,0.0000,-71.88,42.43
54,3,2,0.4611,-62.85,21.21
54,3,4,0.4046,-67.37,30.00
54,4,0,0.3920,-71.88,42.43
54,4,1,0.0000,-67.37,30.00
54,4,2,0.5049,-62.85,21.21
54,4,3,0.4485,-67.37,30.00
55,0,1,0.0000,-67.37,30.00
55,0,2,0.3393,-62.85,21.21
55,0,3,0.2829,-67.37,30.00
55,0,4,0.2265,-71.88,42.43
55,1,0,0.0000,-67.37,30.00
55,1,2,0.0000,-62.85,21.21
55,1,3,0.0000,-71.88,42.43
55,1,4,0.0000,-67.37,30.00
55,2,0,0.4610,-62.85,21.21
55,2,1,0.0000,-62.85,21.21
55,2,3,0.4610,-62.85,21.21
55,2,4,0.4610,-62.85,21.21
55,3,0,0.4081,-67.37,30.00
55,3,1,0.0000,-71.88,42.43
55,3,2,0.4645,-62.85,21.21
55,3,4,0.4081,-67.37,30.00
55,4,0,0.3920,-71.88,42.43
55,4,1,0.0000,-67.37,30.00
55,4,2,0.5049,-62.85,21.21
55,4,3,0.4485,-67.37,30.00
56,0,1,0.0000,-67.37,30.00
56,0,2,0.3393,-62.85,21.21
56,0,3,0.2829,-67.37,30.00
56,0,4,0.2265,-71.88,42.43
56,1,0,0.0000,-67.37,30.00
56,1,2,0.0000,-62.85,21.21
56,1,3,0.0000,-71.88,42.43
56,1,4,0.0000,-67.37,30.00
56,2,0,0.4610,-62.85,21.21
56,2,1,0.0000,-62.85,21.21
56,2,3,0.4610,-62.85,21.21
56,2,4,0.4610,-62.85,21.21
56,3,0,0.4121,-67.37,30.00
56,3,1,0.0000,-71.88,42.43
56,3,2,0.4685,-62.85,21.21
56,3,4,0.4121,-67.37,30.00
56,4,0,0.3920,-71.88,42.43
56,4,1,0.0000,-67.37,30.00
56,4,2,0.5049,-62.85,21.21
56,4,3,0.4485,-67.37,30.00
