step,client_id,x,y,associated_ap,demand_mbps,sinr_db,max_rate_mbps,throughput_mbps,airtime_fraction,velocity,direction
0,0,17.26,31.39,2,8.09,0.63,22.18,8.09,0.0879,1.00,0.00
0,1,43.10,33.25,4,25.91,11.62,79.11,25.91,0.2449,1.00,0.00
0,2,34.60,36.96,4,26.37,10.63,73.00,26.37,0.2492,1.00,0.00
0,3,10.62,20.12,0,12.21,3.44,33.62,12.21,0.1623,1.00,0.00
0,4,32.44,28.18,2,5.33,6.09,46.82,5.33,0.0579,1.00,0.00
0,5,15.38,42.14,3,19.20,13.55,91.28,19.20,0.2402,1.00,0.00
0,6,37.85,5.17,1,9.05,50.25,333.82,9.05,0.1364,1.00,0.00
0,7,25.48,11.99,2,7.81,1.44,25.18,7.81,0.0849,1.00,0.00
0,8,32.00,11.88,1,12.78,44.50,295.67,12.78,0.1926,1.00,0.00
0,9,19.72,11.48,0,22.54,4.35,37.92,22.54,0.2996,1.00,0.00
0,10,26.57,11.28,1,6.52,38.05,252.80,6.52,0.0982,1.00,0.00
0,11,25.49,23.78,2,20.29,31.69,210.59,20.29,0.2204,1.00,0.00
0,12,32.73,34.95,4,20.42,3.76,35.11,20.42,0.1929,1.00,0.00
0,13,22.40,7.07,0,22.15,3.61,34.42,22.15,0.2943,1.00,0.00
0,14,38.95,36.36,4,5.88,19.04,126.83,5.88,0.0556,1.00,0.00
0,15,35.69,33.17,4,27.25,5.91,45.83,27.25,0.2575,1.00,0.00
0,16,8.17,43.26,3,22.86,21.93,145.91,22.86,0.2858,1.00,0.00
0,17,22.69,13.76,2,10.61,1.19,24.24,10.61,0.1153,1.00,0.00
0,18,19.53,42.08,3,26.31,5.35,42.92,26.31,0.3291,1.00,0.00
0,19,18.36,14.88,0,18.35,2.33,28.77,18.35,0.2438,1.00,0.00
0,20,22.42,37.18,2,20.55,-1.31,15.98,15.98,0.1737,1.00,0.00
0,21,11.33,33.56,3,11.58,9.97,69.02,11.58,0.1449,1.00,0.00
0,22,31.98,9.33,1,27.58,44.78,297.53,27.58,0.4157,1.00,0.00
0,23,43.07,23.48,1,10.43,37.73,250.66,10.43,0.1571,1.00,0.00
0,24,32.97,22.78,2,23.93,8.44,59.91,23.93,0.2600,1.00,0.00
1,0,18.11,31.03,2,8.09,2.52,29.58,8.09,0.0879,0.92,5.89
1,1,44.05,33.61,4,25.91,11.94,81.11,25.91,0.2449,1.01,0.36
1,2,35.66,36.94,4,26.37,13.18,88.94,26.37,0.2492,1.06,6.27
1,3,11.67,19.86,0,12.21,3.11,32.14,12.21,0.1623,1.09,6.04
1,4,33.36,28.30,2,5.33,4.36,37.97,5.33,0.0579,0.93,0.13
1,5,16.29,42.52,3,19.20,11.35,77.47,19.20,0.2402,0.98,0.39
1,6,38.92,5.02,1,9.05,50.72,336.99,9.05,0.1364,1.08,6.14
1,7,26.50,12.01,2,7.81,2.03,27.52,7.81,0.0849,1.02,0.02
1,8,33.03,11.89,1,12.78,46.18,306.79,12.78,0.1926,1.03,0.01
1,9,20.77,11.25,0,22.54,2.99,31.59,22.54,0.2996,1.08,6.06
1,10,27.57,11.65,1,6.52,39.00,259.12,6.52,0.0982,1.06,0.35
1,11,26.50,24.04,2,20.29,27.82,184.91,20.29,0.2204,1.05,0.25
1,12,33.71,35.25,4,20.42,6.07,46.68,20.42,0.1929,1.03,0.30
1,13,23.46,6.83,0,22.15,2.63,30.04,22.15,0.2943,1.09,6.05
1,14,39.84,36.47,4,5.88,20.45,136.12,5.88,0.0556,0.90,0.13
1,15,36.71,32.90,4,27.25,6.90,51.22,27.25,0.2575,1.06,6.02
1,16,9.09,43.07,3,22.86,23.61,156.99,22.86,0.2858,0.94,6.09
1,17,23.65,13.77,2,10.61,2.11,27.86,10.61,0.1153,0.96,0.00
1,18,20.51,41.91,3,26.31,3.74,35.03,26.31,0.3291,1.00,6.12
1,19,19.35,14.87,0,18.35,0.74,22.55,18.35,0.2438,0.99,6.28
1,20,23.46,37.37,2,20.55,-0.91,17.14,15.98,0.1737,1.06,0.18
1,21,12.36,33.40,3,11.58,8.54,60.50,11.58,0.1449,1.04,6.13
1,22,33.06,9.49,1,27.58,46.67,310.09,27.58,0.4157,1.09,0.15
1,23,44.07,23.60,1,10.43,37.38,248.34,10.43,0.1571,1.01,0.13
1,24,34.02,22.62,2,23.93,6.94,51.40,23.93,0.2600,1.06,6.13
2,0,19.03,30.75,2,8.09,4.43,38.32,8.09,0.0780,0.96,5.98
2,1,45.11,33.76,4,25.91,11.67,79.41,25.91,0.2449,1.07,0.15
2,2,36.75,36.87,4,26.37,15.84,105.95,26.37,0.2492,1.10,6.21
2,3,12.51,19.27,0,12.21,3.36,33.27,12.21,0.2146,1.03,5.67
2,4,34.24,28.39,2,5.33,2.84,30.95,5.33,0.0514,0.88,0.10
2,5,17.26,42.96,3,19.20,9.33,65.15,19.20,0.2402,1.06,0.43
2,6,39.91,5.08,1,9.05,51.17,340.00,9.05,0.1220,0.99,0.06
2,7,27.53,11.85,1,7.81,38.93,258.66,7.81,0.1054,1.04,6.13
2,8,34.00,12.21,1,12.78,47.78,317.45,12.78,0.1723,1.03,0.31
2,9,21.84,11.07,0,22.54,1.71,26.25,22.54,0.3962,1.08,6.12
2,10,28.56,11.64,1,6.52,40.06,266.16,6.52,0.0879,0.99,6.27
2,11,27.63,24.13,2,20.29,22.18,147.51,20.29,0.1956,1.13,0.08
2,12,34.64,35.44,4,20.42,8.20,58.53,20.42,0.1929,0.95,0.20
2,13,24.49,6.70,0,22.15,1.74,26.35,22.15,0.3892,1.04,6.16
2,14,40.67,36.89,4,5.88,22.38,148.88,5.88,0.0556,0.93,0.48
2,15,37.51,32.35,4,27.25,6.89,51.15,27.25,0.2575,0.97,5.68
2,16,10.12,42.98,3,22.86,24.19,160.86,22.86,0.2858,1.03,6.20
2,17,24.65,14.05,2,10.61,3.26,32.81,10.61,0.1023,1.03,0.28
2,18,21.48,42.11,3,26.31,2.34,28.80,26.31,0.3291,0.99,0.21
2,19,20.38,15.03,2,18.35,0.11,20.35,18.35,0.1769,1.04,0.15
2,20,24.60,37.52,2,20.55,-0.75,17.62,17.14,0.1652,1.15,0.13
2,21,13.34,33.15,3,11.58,6.79,50.58,11.58,0.1449,1.01,6.03
2,22,34.10,9.35,1,27.58,48.74,323.84,27.58,0.3719,1.05,6.15
2,23,45.10,23.42,1,10.43,37.24,247.40,10.43,0.1406,1.05,6.10
2,24,34.95,22.13,2,23.93,5.79,45.21,23.93,0.2307,1.05,5.80
3,0,19.78,30.20,2,8.09,6.54,49.22,8.09,0.0776,0.93,5.65
3,1,46.01,34.29,4,25.91,11.82,80.37,25.91,0.2449,1.03,0.53
3,2,37.93,36.92,4,26.37,18.99,126.53,26.37,0.2492,1.18,0.04
3,3,13.39,18.82,0,12.21,3.21,32.57,12.21,0.3513,0.98,5.81
3,4,35.11,28.19,2,5.33,1.76,26.43,5.33,0.0512,0.90,6.07
3,5,18.27,43.46,3,19.20,7.45,54.26,19.20,0.2402,1.13,0.46
3,6,40.82,5.19,1,9.05,51.30,340.83,9.05,0.0939,0.92,0.13
3,7,28.62,11.67,1,7.81,40.12,266.55,7.81,0.0811,1.10,6.12
3,8,34.84,12.85,1,12.78,48.84,324.48,12.78,0.1327,1.05,0.65
3,9,22.84,11.17,0,22.54,0.43,21.46,22.54,0.6487,1.00,0.10
3,10,29.56,11.51,1,6.52,41.24,274.03,6.52,0.0677,1.00,6.16
3,11,28.76,24.52,2,20.29,18.07,120.49,20.29,0.1947,1.19,0.33
3,12,35.44,35.75,4,20.42,10.40,71.64,20.42,0.1929,0.86,0.38
3,13,25.46,6.68,1,22.15,36.74,244.12,22.15,0.2300,0.97,6.26
3,14,41.38,37.45,4,5.88,24.10,160.20,5.88,0.0556,0.90,0.67
3,15,38.38,32.07,4,27.25,7.32,53.54,27.25,0.2575,0.91,5.97
3,16,11.13,43.28,3,22.86,22.01,146.42,22.86,0.2858,1.06,0.29
3,17,25.71,13.95,2,10.61,3.77,35.16,10.61,0.1018,1.07,6.18
3,18,22.28,42.57,3,26.31,1.30,24.63,26.31,0.3291,0.92,0.52
3,19,21.41,15.30,2,18.35,1.87,26.89,18.35,0.1761,1.07,0.26
3,20,25.75,37.70,2,20.55,-1.00,16.88,17.62,0.1691,1.16,0.15
3,21,14.32,32.80,3,11.58,4.75,39.89,11.58,0.1449,1.05,5.94
3,22,35.15,9.32,1,27.58,51.24,340.44,27.58,0.2863,1.05,6.25
3,23,46.12,23.36,1,10.43,36.93,245.34,10.43,0.1083,1.02,6.23
3,24,35.95,21.71,2,23.93,4.70,39.66,23.93,0.2296,1.08,5.89
4,0,20.63,29.79,2,8.09,8.69,61.40,8.09,0.0801,0.95,5.83
4,1,47.03,34.53,4,25.91,11.38,77.66,25.91,0.2449,1.06,0.23
4,2,39.09,36.57,4,26.37,20.03,133.36,26.37,0.2492,1.21,5.99
4,3,14.25,18.25,0,12.21,3.14,32.29,12.21,1.0000,1.04,5.70
4,4,35.96,27.97,2,5.33,0.84,22.93,5.33,0.0528,0.88,6.02
4,5,19.11,44.15,3,19.20,5.99,46.28,19.20,0.2454,1.09,0.68
4,6,41.65,5.01,1,9.05,50.32,334.32,9.05,0.0752,0.85,6.06
4,7,29.61,11.20,1,7.81,41.36,274.79,7.81,0.0650,1.10,5.83
4,8,35.79,13.33,1,12.78,50.06,332.56,12.78,0.1063,1.06,0.47
4,9,23.80,11.54,2,22.54,-0.30,19.03,21.46,0.2124,1.03,0.37
4,10,30.49,11.51,1,6.52,42.44,281.97,6.52,0.0542,0.94,6.28
4,11,29.82,25.03,2,20.29,14.74,98.92,20.29,0.2009,1.18,0.45
4,12,36.00,36.27,4,20.42,12.66,85.66,20.42,0.1929,0.76,0.74
4,13,26.49,6.96,1,22.15,37.70,250.51,22.15,0.1842,1.06,0.26
4,14,42.31,37.75,4,5.88,23.20,154.25,5.88,0.0556,0.98,0.31
4,15,39.29,31.87,4,27.25,7.77,56.09,27.25,0.2575,0.93,6.07
4,16,12.15,43.75,3,22.86,18.98,126.50,22.86,0.2920,1.13,0.43
4,17,26.76,13.91,2,10.61,4.19,37.13,10.61,0.1050,1.04,6.25
4,18,22.82,43.24,3,26.31,0.67,22.31,24.63,0.3147,0.86,0.89
4,19,22.39,15.34,2,18.35,3.08,32.00,18.35,0.1817,0.98,0.04
4,20,26.87,37.54,2,20.55,-1.22,16.22,16.88,0.1671,1.13,6.14
4,21,15.25,32.58,3,11.58,2.98,31.56,11.58,0.1480,0.96,6.05
4,22,36.18,9.12,1,27.58,54.13,359.64,27.58,0.2294,1.05,6.09
4,23,47.14,23.55,1,10.43,36.39,241.81,10.43,0.0867,1.03,0.18
4,24,36.83,20.96,1,23.93,40.23,267.32,23.93,0.1990,1.17,5.58
5,0,21.59,29.45,2,8.09,11.01,75.37,8.09,0.0990,1.02,5.94
5,1,47.93,34.93,4,25.91,11.11,75.98,25.91,0.2123,0.98,0.41
5,2,40.29,36.10,4,26.37,19.24,128.16,26.37,0.2160,1.29,5.91
5,3,14.99,17.54,0,12.21,3.38,33.35,12.21,1.0000,1.02,5.52
5,4,36.80,27.95,2,5.33,-0.23,19.25,5.33,0.0653,0.84,6.27
5,5,20.07,44.79,3,19.20,4.52,38.73,19.20,0.2529,1.15,0.59
5,6,42.46,4.84,1,9.05,49.24,327.12,9.05,0.0752,0.83,6.08
5,7,30.75,10.92,1,7.81,42.90,285.05,7.81,0.0650,1.18,6.05
5,8,36.57,14.07,1,12.78,50.15,333.18,12.78,0.1063,1.08,0.77
5,9,24.67,11.88,2,22.54,0.76,22.65,19.03,0.2330,0.94,0.37
5,10,31.51,11.57,1,6.52,43.86,291.38,6.52,0.0542,1.02,0.06
5,11,30.67,25.92,2,20.29,12.08,81.96,20.29,0.2483,1.23,0.82
5,12,36.61,36.71,4,20.42,15.10,101.20,20.42,0.1673,0.75,0.63
5,13,27.42,7.56,1,22.15,38.72,257.23,22.15,0.1842,1.11,0.57
5,14,43.06,38.35,4,5.88,22.68,150.83,5.88,0.0482,0.97,0.67
5,15,40.01,31.42,4,27.25,7.49,54.50,27.25,0.2233,0.85,5.73
5,16,13.26,43.98,3,22.86,16.46,110.00,22.86,0.3009,1.13,0.20
5,17,27.68,14.21,2,10.61,4.78,40.03,10.61,0.1299,0.97,0.31
5,18,23.27,43.86,3,26.31,0.15,20.50,22.31,0.2937,0.77,0.94
5,19,23.34,15.66,2,18.35,4.52,38.77,18.35,0.2246,1.01,0.33
5,20,28.06,37.63,4,20.55,-0.69,17.80,16.22,0.1329,1.19,0.08
5,21,16.16,32.19,3,11.58,0.93,23.26,11.58,0.1525,0.98,5.88
5,22,37.26,9.11,1,27.58,58.15,386.34,27.58,0.2294,1.08,6.28
5,23,48.18,23.49,1,10.43,36.01,239.22,10.43,0.0867,1.04,6.23
5,24,37.41,19.86,1,23.93,41.70,277.04,23.93,0.1990,1.24,5.19
6,0,22.47,28.81,2,8.09,14.05,94.46,8.09,0.0885,1.08,5.66
6,1,48.93,35.16,4,25.91,10.58,72.71,25.91,0.2009,1.02,0.23
6,2,41.28,35.40,4,26.37,16.94,113.14,26.37,0.2045,1.21,5.67
6,3,15.79,16.78,0,12.21,3.49,33.86,12.21,1.0000,1.10,5.53
6,4,37.71,28.15,4,5.33,0.47,21.62,5.33,0.0413,0.93,0.21
6,5,21.10,45.28,3,19.20,3.07,31.96,19.20,0.3070,1.14,0.44
6,6,43.22,4.79,1,9.05,48.33,321.10,9.05,0.0752,0.76,6.21
6,7,31.76,10.51,1,7.81,44.44,295.23,7.81,0.0650,1.08,5.89
6,8,37.21,14.98,1,12.78,49.25,327.24,12.78,0.1063,1.11,0.95
6,9,25.55,12.28,2,22.54,1.78,26.53,22.54,0.2465,0.96,0.44
6,10,32.50,11.99,1,6.52,45.26,300.69,6.52,0.0542,1.08,0.40
6,11,31.79,26.43,2,20.29,9.20,64.40,20.29,0.2218,1.24,0.43
6,12,37.16,37.14,4,20.42,17.64,117.70,20.42,0.1583,0.70,0.66
6,13,28.17,8.46,1,22.15,39.64,263.39,22.15,0.1842,1.16,0.88
6,14,44.02,38.74,4,5.88,20.68,137.63,5.88,0.0456,1.04,0.39
6,15,40.66,31.03,4,27.25,7.20,52.89,27.25,0.2113,0.75,5.74
6,16,14.31,44.35,3,22.86,13.99,94.08,22.86,0.3653,1.12,0.34
6,17,28.55,14.72,2,10.61,5.45,43.44,10.61,0.1160,1.02,0.53
6,18,23.60,44.54,3,26.31,-0.21,19.32,20.50,0.3277,0.75,1.12
6,19,24.29,16.19,2,18.35,6.11,46.94,18.35,0.2006,1.09,0.51
6,20,29.26,37.79,4,20.55,1.24,24.41,17.80,0.1380,1.22,0.14
6,21,16.88,31.53,2,11.58,-0.19,19.38,11.58,0.1266,0.98,5.54
6,22,38.35,9.19,1,27.58,64.03,425.41,27.58,0.2294,1.10,0.08
6,23,49.13,23.36,1,10.43,35.67,237.02,10.43,0.0867,0.96,6.15
6,24,37.54,18.57,1,23.93,43.44,288.58,23.93,0.1990,1.29,4.82
7,0,23.20,28.08,2,8.09,17.63,117.63,8.09,0.0885,1.04,5.50
7,1,50.00,35.10,4,25.91,9.80,67.99,25.91,0.1967,1.12,3.19
7,2,42.33,34.99,4,26.37,15.47,103.56,26.37,0.2002,1.13,5.91
7,3,16.46,16.00,0,12.21,3.75,35.08,12.21,1.0000,1.02,5.42
7,4,38.60,28.33,4,5.33,1.63,25.90,5.33,0.0405,0.91,0.20
7,5,22.14,45.58,3,19.20,1.71,26.22,19.20,0.3129,1.08,0.28
7,6,44.06,4.67,1,9.05,47.16,313.34,9.05,0.0752,0.85,6.14
7,7,32.48,9.79,1,7.81,45.66,303.37,7.81,0.0650,1.02,5.51
7,8,37.81,15.85,1,12.78,48.08,319.40,12.78,0.1063,1.06,0.97
7,9,26.40,12.70,2,22.54,2.68,30.27,22.54,0.2465,0.95,0.46
7,10,33.42,12.41,1,6.52,46.57,309.43,6.52,0.0542,1.01,0.43
7,11,32.82,27.19,2,20.29,6.53,49.17,20.29,0.2218,1.28,0.63
7,12,37.64,37.69,4,20.42,20.70,137.75,20.42,0.1550,0.73,0.85
7,13,28.54,9.48,1,22.15,40.16,266.82,22.15,0.1842,1.09,1.22
7,14,44.95,39.32,4,5.88,18.96,126.36,5.88,0.0446,1.09,0.56
7,15,41.13,30.42,4,27.25,6.46,48.81,27.25,0.2069,0.77,5.36
7,16,15.21,44.92,3,22.86,11.89,80.80,22.86,0.3724,1.06,0.56
7,17,29.24,15.47,2,10.61,6.22,47.52,10.61,0.1160,1.01,0.82
7,18,24.18,45.13,3,26.31,-0.89,17.20,19.32,0.3147,0.82,0.80
7,19,25.13,16.87,2,18.35,7.73,55.86,18.35,0.2006,1.08,0.68
7,20,30.35,38.24,4,20.55,3.40,33.46,20.55,0.1560,1.18,0.39
7,21,17.46,30.62,2,11.58,2.07,27.69,11.58,0.1266,1.07,5.28
7,22,39.30,9.54,1,27.58,74.20,492.95,27.58,0.2294,1.01,0.35
7,23,50.00,23.39,1,10.43,35.26,234.26,10.43,0.0867,1.02,3.12
7,24,37.31,17.28,1,23.93,45.24,300.59,23.93,0.1990,1.31,4.53
8,0,24.05,27.49,2,8.09,21.65,144.05,8.09,0.0885,1.03,5.68
8,1,48.93,34.73,4,25.91,10.25,70.69,25.91,0.1967,1.13,3.47
8,2,43.33,34.64,4,26.37,14.16,95.14,26.37,0.2002,1.06,5.95
8,3,16.85,14.96,0,12.21,4.82,40.25,12.21,1.0000,1.12,5.07
8,4,39.49,28.55,4,5.33,2.70,30.34,5.33,0.0405,0.91,0.24
8,5,23.31,45.56,3,19.20,0.23,20.76,19.20,0.3241,1.17,6.27
8,6,44.79,4.35,1,9.05,45.86,304.67,9.05,0.0752,0.80,5.88
8,7,33.09,8.85,1,7.81,46.58,309.46,7.81,0.0650,1.11,5.28
8,8,38.34,16.86,1,12.78,46.49,308.87,12.78,0.1063,1.14,1.09
8,9,27.33,12.83,2,22.54,3.19,32.52,22.54,0.2465,0.94,0.14
8,10,34.28,12.82,1,6.52,47.80,317.59,6.52,0.0542,0.95,0.44
8,11,34.09,27.70,2,20.29,3.87,35.63,20.29,0.2218,1.36,0.39
8,12,38.10,38.35,4,20.42,24.67,163.99,20.42,0.1550,0.80,0.96
8,13,29.05,10.38,1,22.15,40.75,270.76,22.15,0.1842,1.03,1.06
8,14,45.59,40.12,4,5.88,17.94,119.63,5.88,0.0446,1.02,0.90
8,15,41.47,29.84,4,27.25,5.76,45.07,27.25,0.2069,0.67,5.24
8,16,15.99,45.54,3,22.86,10.17,70.24,22.86,0.3857,1.00,0.67
8,17,29.96,16.30,2,10.61,6.94,51.44,10.61,0.1160,1.10,0.86
8,18,24.79,45.65,3,26.31,-1.60,15.16,17.20,0.2902,0.80,0.71
8,19,26.19,17.32,2,18.35,8.84,62.25,18.35,0.2006,1.15,0.40
8,20,31.49,38.26,4,20.55,5.48,43.59,20.55,0.1560,1.14,0.01
8,21,17.90,29.68,2,11.58,4.13,36.86,11.58,0.1266,1.04,5.15
8,22,40.34,9.54,1,27.58,79.29,526.82,27.58,0.2294,1.04,0.00
8,23,48.92,23.17,1,10.43,35.90,238.53,10.43,0.0867,1.10,3.34
8,24,37.12,15.96,1,23.93,47.32,314.36,23.93,0.1990,1.33,4.57
9,0,24.71,26.78,2,8.09,26.96,179.18,8.09,0.1174,0.97,5.46
9,1,47.87,34.41,4,25.91,10.68,73.34,25.91,0.1764,1.11,3.44
9,2,44.33,34.38,4,26.37,13.08,88.27,26.37,0.1795,1.03,6.03
9,3,17.61,14.04,0,12.21,4.89,40.58,12.21,1.0000,1.18,5.40
9,4,40.33,28.52,4,5.33,3.30,32.98,5.33,0.0363,0.85,6.24
9,5,24.47,45.38,3,19.20,-1.24,16.18,19.20,0.4566,1.17,6.13
9,6,45.50,4.33,1,9.05,45.02,299.08,9.05,0.0634,0.71,6.25
9,7,33.68,8.02,1,7.81,47.31,314.33,7.81,0.0547,1.02,5.33
9,8,38.83,17.89,1,12.78,44.90,298.30,12.78,0.0895,1.14,1.13
9,9,28.24,13.05,1,22.54,39.41,261.81,22.54,0.1579,0.94,0.24
9,10,35.19,12.90,1,6.52,49.47,328.64,6.52,0.0456,0.92,0.09
9,11,35.27,28.36,2,20.29,1.33,24.75,20.29,0.2944,1.36,0.51
9,12,38.47,39.14,4,20.42,29.83,198.22,20.42,0.1390,0.88,1.13
9,13,29.80,11.06,1,22.15,41.62,276.51,22.15,0.1551,1.02,0.74
9,14,45.87,41.03,4,5.88,17.40,116.14,5.88,0.0400,0.96,1.27
9,15,42.02,29.39,4,27.25,5.39,43.14,27.25,0.1855,0.71,5.61
9,16,16.66,46.24,3,22.86,8.76,61.78,22.86,0.5434,0.97,0.80
9,17,30.55,17.11,2,10.61,7.51,54.61,10.61,0.1539,1.01,0.93
9,18,25.52,45.97,4,26.31,-1.20,16.30,15.16,0.1032,0.80,0.41
9,19,27.22,17.91,2,18.35,9.85,68.29,18.35,0.2662,1.20,0.52
9,20,32.70,38.05,4,20.55,7.69,55.65,20.55,0.1399,1.22,6.11
9,21,18.59,28.91,2,11.58,6.36,48.24,11.58,0.1681,1.03,5.44
9,22,41.35,9.49,1,27.58,67.16,446.18,27.58,0.1932,1.02,6.23
9,23,47.76,22.97,1,10.43,36.57,242.95,10.43,0.0730,1.18,3.31
9,24,37.18,14.65,1,23.93,49.87,331.36,23.93,0.1676,1.31,4.75
10,0,25.44,26.07,2,8.09,32.98,219.12,8.09,0.1664,1.02,5.51
10,1,46.80,34.45,4,25.91,11.46,78.15,21.07,0.1405,1.08,3.11
10,2,45.26,34.03,4,26.37,11.96,81.22,21.44,0.1429,0.99,5.91
10,3,18.69,13.39,0,12.21,3.89,35.71,12.21,1.0000,1.26,5.74
10,4,41.24,28.48,4,5.33,3.83,35.46,4.34,0.0289,0.91,6.25
10,5,25.55,45.24,4,19.20,-1.21,16.25,13.15,0.0877,1.09,6.15
10,6,46.25,4.42,1,9.05,44.25,294.01,9.05,0.0634,0.75,0.12
10,7,34.17,7.15,1,7.81,47.58,316.11,7.81,0.0547,1.00,5.23
10,8,39.13,19.05,1,12.78,43.19,286.92,12.78,0.0895,1.20,1.32
10,9,29.01,13.60,1,22.54,40.06,266.13,22.54,0.1579,0.95,0.61
10,10,36.17,12.97,1,6.52,51.38,341.36,6.52,0.0456,0.98,0.07
10,11,36.27,29.18,4,20.29,0.13,20.43,16.50,0.1100,1.29,0.68
10,12,39.04,39.69,4,20.42,37.45,248.84,16.60,0.1107,0.79,0.76
10,13,30.57,11.79,1,22.15,42.48,282.21,22.15,0.1551,1.06,0.76
10,14,46.38,41.77,4,5.88,16.37,109.41,4.78,0.0319,0.90,0.96
10,15,42.53,28.82,4,27.25,4.87,40.47,22.16,0.1477,0.76,5.44
10,16,17.09,47.00,3,22.86,7.74,55.93,22.86,1.0000,0.88,1.06
10,17,30.96,17.94,2,10.61,8.06,57.75,10.61,0.2182,0.93,1.12
10,18,26.30,46.29,4,26.31,-0.21,19.32,13.25,0.0883,0.85,0.39
10,19,28.00,18.84,2,18.35,11.12,76.03,18.35,0.3773,1.21,0.87
10,20,33.91,37.77,4,20.55,10.11,69.84,16.71,0.1114,1.24,6.06
10,21,19.25,28.18,2,11.58,8.59,60.81,11.58,0.2382,0.99,5.45
10,22,42.36,9.41,1,27.58,60.37,401.07,27.58,0.1932,1.01,6.20
10,23,46.55,22.70,1,10.43,37.29,247.79,10.43,0.0730,1.23,3.36
10,24,37.59,13.34,1,23.93,53.51,355.54,23.93,0.1676,1.38,5.02
11,0,26.19,25.37,2,8.09,32.21,214.04,8.09,0.1664,1.03,5.54
11,1,45.72,34.35,4,25.91,12.10,82.10,20.72,0.1382,1.08,3.23
11,2,46.03,33.30,4,26.37,10.57,72.67,21.09,0.1406,1.07,5.53
11,3,19.73,12.66,0,12.21,3.07,31.94,12.21,1.0000,1.27,5.68
11,4,42.15,28.58,4,5.33,4.41,38.21,4.26,0.0284,0.91,0.10
11,5,26.65,45.51,4,19.20,0.20,20.68,12.99,0.0866,1.13,0.24
11,6,47.01,4.55,1,9.05,43.50,288.99,9.05,0.0634,0.76,0.16
11,7,34.34,6.20,1,7.81,46.94,311.87,7.81,0.0547,0.96,4.89
11,8,39.58,20.21,1,12.78,41.66,276.81,12.78,0.0895,1.24,1.20
11,9,29.67,14.26,1,22.54,40.50,269.06,22.54,0.1579,0.93,0.79
11,10,37.23,13.09,1,6.52,53.39,354.75,6.52,0.0456,1.07,0.12
11,11,37.17,30.17,4,20.29,2.72,30.44,16.22,0.1082,1.34,0.84
11,12,39.61,40.30,4,20.42,47.28,314.12,16.33,0.1089,0.84,0.82
11,13,31.36,12.46,1,22.15,43.34,287.97,22.15,0.1551,1.04,0.70
11,14,47.10,42.32,4,5.88,15.16,101.60,4.70,0.0314,0.91,0.65
11,15,42.97,28.27,4,27.25,4.37,38.01,21.79,0.1453,0.70,5.38
11,16,17.65,47.66,3,22.86,6.73,50.28,22.86,1.0000,0.85,0.87
11,17,31.43,18.66,2,10.61,8.34,59.33,10.61,0.2182,0.86,1.00
11,18,27.07,46.73,4,26.31,0.73,22.52,15.45,0.1030,0.89,0.52
11,19,28.98,19.51,2,18.35,11.45,78.06,18.35,0.3773,1.18,0.60
11,20,35.23,37.76,4,20.55,13.44,90.60,16.44,0.1096,1.32,6.28
11,21,19.83,27.28,2,11.58,10.97,75.11,11.58,0.2382,1.07,5.29
11,22,43.33,8.93,1,27.58,55.64,369.69,27.58,0.1932,1.08,5.83
11,23,45.32,22.52,1,10.43,37.94,252.07,10.43,0.0730,1.25,3.29
11,24,38.22,12.07,1,23.93,58.86,391.06,23.93,0.1676,1.41,5.17
12,0,26.99,24.88,2,8.09,26.29,174.72,8.09,0.1664,0.94,5.73
12,1,44.61,34.66,4,25.91,13.34,89.94,20.06,0.1338,1.15,2.87
12,2,46.94,32.61,4,26.37,9.37,65.43,20.42,0.1361,1.14,5.63
12,3,20.88,11.96,0,12.21,2.14,27.96,12.21,1.0000,1.34,5.73
12,4,42.96,28.72,4,5.33,4.90,40.65,4.13,0.0275,0.82,0.18
12,5,27.70,45.96,4,19.20,1.53,25.53,14.87,0.0991,1.14,0.41
12,6,47.71,4.44,1,9.05,42.61,283.10,9.05,0.0634,0.71,6.14
12,7,34.49,5.23,1,7.81,46.07,306.06,7.81,0.0547,0.98,4.86
12,8,40.16,21.23,1,12.78,40.44,268.65,12.78,0.0895,1.17,1.05
12,9,30.45,14.86,1,22.54,41.04,272.70,22.54,0.1579,0.98,0.65
12,10,38.28,13.19,1,6.52,55.17,366.55,6.52,0.0456,1.06,0.09
12,11,37.66,31.35,4,20.29,5.22,42.28,15.71,0.1047,1.27,1.18
12,12,39.90,41.07,4,20.42,37.50,249.15,15.81,0.1054,0.82,1.21
12,13,32.41,12.88,1,22.15,44.67,296.80,22.15,0.1551,1.13,0.37
12,14,47.81,42.96,4,5.88,14.08,94.64,4.55,0.0304,0.95,0.74
12,15,43.41,27.67,4,27.25,3.87,35.63,21.10,0.1407,0.74,5.35
12,16,18.16,48.33,3,22.86,5.83,45.45,22.86,1.0000,0.85,0.92
12,17,31.97,19.29,2,10.61,8.32,59.25,10.61,0.2182,0.82,0.86
12,18,27.80,47.12,4,26.31,1.58,25.74,17.44,0.1163,0.83,0.49
12,19,29.68,20.56,2,18.35,12.08,81.99,18.35,0.3773,1.26,0.98
12,20,36.57,37.65,4,20.55,17.14,114.46,15.91,0.1061,1.35,6.20
12,21,20.57,26.64,2,11.58,13.66,91.96,11.58,0.2382,0.98,5.57
12,22,44.25,8.51,1,27.58,52.34,347.73,27.58,0.1932,1.01,5.85
12,23,44.16,22.63,1,10.43,38.23,254.01,10.43,0.0730,1.17,3.04
12,24,38.59,10.61,1,23.93,66.37,440.94,23.93,0.1676,1.51,4.96
13,0,27.87,24.65,2,8.09,21.53,143.26,8.09,0.1664,0.91,6.03
13,1,43.42,34.56,4,25.91,13.95,93.82,19.74,0.1316,1.19,3.23
13,2,48.01,32.14,4,26.37,8.48,60.18,20.08,0.1339,1.17,5.87
13,3,21.96,11.08,0,12.21,1.56,25.64,12.21,1.0000,1.39,5.60
13,4,43.71,28.89,4,5.33,5.31,42.72,4.06,0.0271,0.77,0.21
13,5,28.49,46.69,4,19.20,2.47,29.35,14.63,0.0975,1.08,0.74
13,6,48.46,4.42,1,9.05,41.77,277.50,9.05,0.0634,0.75,6.25
13,7,34.53,4.30,1,7.81,45.01,299.05,7.81,0.0547,0.93,4.75
13,8,41.06,21.98,1,12.78,39.54,262.69,12.78,0.0895,1.17,0.70
13,9,31.31,15.27,1,22.54,41.74,277.29,22.54,0.1579,0.95,0.44
13,10,39.36,13.54,1,6.52,55.28,367.27,6.52,0.0456,1.13,0.31
13,11,38.36,32.32,4,20.29,7.79,56.22,15.45,0.1030,1.20,0.94
13,12,40.22,41.81,4,20.42,30.92,205.45,15.55,0.1037,0.81,1.16
13,13,33.49,13.20,1,22.15,46.13,306.50,22.15,0.1551,1.12,0.29
13,14,48.69,43.51,4,5.88,12.96,87.55,4.48,0.0299,1.04,0.56
13,15,43.83,27.10,4,27.25,3.42,33.55,20.75,0.1384,0.71,5.34
13,16,18.72,49.08,3,22.86,4.93,40.79,22.86,1.0000,0.93,0.93
13,17,32.62,19.66,2,10.61,7.90,56.80,10.61,0.2182,0.76,0.52
13,18,28.50,47.43,4,26.31,2.38,28.97,19.61,0.1307,0.76,0.41
13,19,30.50,21.41,2,18.35,11.77,80.07,18.35,0.3773,1.19,0.80
13,20,37.92,37.91,4,20.55,22.36,148.70,15.65,0.1044,1.37,0.19
13,21,21.40,26.33,2,11.58,16.64,111.17,11.58,0.2382,0.89,5.92
13,22,45.33,8.33,1,27.58,49.52,329.02,27.58,0.1932,1.10,6.12
13,23,43.16,23.14,1,10.43,38.02,252.61,10.43,0.0730,1.12,2.67
13,24,38.73,9.04,1,23.93,65.92,437.93,23.93,0.1676,1.58,4.80
14,0,28.61,24.15,2,8.09,18.43,122.89,8.09,0.1664,0.89,5.69
14,1,42.29,34.71,4,25.91,14.84,99.51,19.68,0.1312,1.15,3.01
14,2,49.22,31.84,4,26.37,7.78,56.13,20.02,0.1335,1.25,6.04
14,3,23.20,10.41,0,12.21,0.69,22.40,12.21,1.0000,1.42,5.79
14,4,44.49,29.21,4,5.33,5.83,45.44,4.05,0.0270,0.85,0.39
14,5,29.20,47.46,4,19.20,3.20,32.55,14.58,0.0972,1.05,0.83
14,6,49.21,4.53,1,9.05,41.04,272.69,9.05,0.0634,0.76,0.14
14,7,34.92,3.36,1,7.81,44.28,294.20,7.81,0.0547,1.02,5.11
14,8,42.16,22.48,1,12.78,38.86,258.20,12.78,0.0895,1.21,0.43
14,9,32.16,15.84,1,22.54,42.24,280.66,22.54,0.1579,1.02,0.59
14,10,40.31,13.97,1,6.52,53.93,358.31,6.52,0.0456,1.05,0.43
14,11,39.08,33.31,4,20.29,10.56,72.58,15.41,0.1027,1.22,0.95
14,12,40.27,42.67,4,20.42,26.13,173.69,15.51,0.1034,0.87,1.51
14,13,34.53,13.59,1,22.15,47.47,315.36,22.15,0.1551,1.11,0.36
14,14,49.49,44.20,4,5.88,12.01,81.58,4.47,0.0298,1.06,0.72
14,15,44.27,26.43,4,27.25,2.94,31.37,20.69,0.1380,0.80,5.30
14,16,19.23,49.95,3,22.86,4.09,36.67,22.86,1.0000,1.02,1.04
14,17,33.28,19.78,2,10.61,7.27,53.26,10.61,0.2182,0.67,0.17
14,18,29.19,47.55,4,26.31,3.17,32.40,19.98,0.1332,0.70,0.18
14,19,31.48,21.95,2,18.35,10.57,72.62,18.35,0.3773,1.12,0.50
14,20,39.23,37.99,4,20.55,27.11,180.17,15.61,0.1041,1.31,0.06
14,21,22.17,25.72,2,11.58,20.46,136.19,11.58,0.2382,0.98,5.61
14,22,46.38,8.01,1,27.58,47.20,313.56,27.58,0.1932,1.09,5.99
14,23,42.15,23.42,1,10.43,37.95,252.13,10.43,0.0730,1.05,2.87
14,24,38.77,7.43,1,23.93,58.29,387.29,23.93,0.1676,1.61,4.73
15,0,29.41,23.66,2,8.09,15.75,105.39,8.09,0.1664,0.94,5.74
15,1,41.23,35.14,4,25.91,16.21,108.41,19.68,0.1312,1.14,2.76
15,2,50.00,31.34,4,26.37,7.13,52.46,20.02,0.1335,1.29,3.54
15,3,24.37,9.59,0,12.21,0.17,20.56,12.21,1.0000,1.42,5.67
15,4,45.21,29.58,4,5.33,6.31,48.01,4.05,0.0270,0.81,0.48
15,5,29.94,48.08,4,19.20,3.91,35.83,14.58,0.0972,0.96,0.69
15,6,50.00,4.46,1,9.05,40.20,267.09,9.05,0.0634,0.81,3.23
15,7,35.00,2.38,1,7.81,43.16,286.75,7.81,0.0547,0.98,4.80
15,8,43.02,23.33,1,12.78,37.87,251.62,12.78,0.0895,1.21,0.78
15,9,32.97,16.58,1,22.54,42.44,281.98,22.54,0.1579,1.10,0.74
15,10,41.15,14.54,1,6.52,51.83,344.34,6.52,0.0456,1.01,0.59
15,11,39.77,34.25,4,20.29,13.35,89.99,15.41,0.1027,1.16,0.93
15,12,40.20,43.62,4,20.42,22.47,149.45,15.51,0.1034,0.95,1.65
15,13,35.50,13.95,1,22.15,48.63,323.08,22.15,0.1551,1.04,0.36
15,14,50.00,44.74,4,5.88,11.43,77.97,4.47,0.0298,0.98,2.56
15,15,44.71,25.78,4,27.25,2.50,29.48,20.69,0.1380,0.79,5.30
15,16,19.52,50.00,3,22.86,3.79,35.27,22.86,1.0000,1.07,4.99
15,17,33.99,19.91,2,10.61,6.60,49.58,10.61,0.2182,0.72,0.19
15,18,29.90,47.45,4,26.31,4.03,36.39,19.98,0.1332,0.71,6.14
15,19,32.68,22.15,2,18.35,8.80,62.04,18.35,0.3773,1.21,0.17
15,20,40.47,38.25,4,20.55,30.00,199.37,15.61,0.1041,1.27,0.20
15,21,22.89,25.06,2,11.58,24.90,165.51,11.58,0.2382,0.97,5.54
15,22,47.42,7.62,1,27.58,45.20,300.27,27.58,0.1932,1.11,5.92
15,23,41.18,23.69,1,10.43,37.80,251.18,10.43,0.0730,1.01,2.87
15,24,38.31,5.93,1,23.93,52.63,349.70,23.93,0.1676,1.56,4.41
16,0,30.30,23.14,2,8.09,13.35,90.02,8.09,0.1664,1.03,5.75
16,1,40.23,35.38,4,25.91,16.80,112.21,19.68,0.1312,1.04,2.91
16,2,48.79,30.72,4,26.37,6.99,51.70,20.02,0.1335,1.36,3.61
16,3,25.66,8.93,1,12.21,37.21,247.25,11.82,0.0788,1.45,5.81
16,4,46.08,29.84,4,5.33,6.59,49.49,4.05,0.0270,0.91,0.29
16,5,30.65,48.61,4,19.20,4.54,38.84,14.58,0.0972,0.88,0.65
16,6,49.22,4.39,1,9.05,40.95,272.09,8.76,0.0584,0.78,3.22
16,7,35.39,1.44,1,7.81,42.32,281.14,7.56,0.0504,1.02,5.10
16,8,43.72,24.30,1,12.78,36.86,244.89,12.37,0.0825,1.20,0.94
16,9,33.76,17.29,1,22.54,42.48,282.26,21.82,0.1454,1.06,0.73
16,10,41.78,15.25,1,6.52,49.62,329.70,6.31,0.0420,0.95,0.85
16,11,40.32,35.34,4,20.29,16.72,111.71,15.41,0.1027,1.23,1.10
16,12,40.16,44.57,4,20.42,19.71,131.27,15.51,0.1034,0.95,1.62
16,13,36.48,14.41,1,22.15,49.40,328.19,21.43,0.1429,1.08,0.44
16,14,49.23,45.45,4,5.88,11.75,79.90,4.47,0.0298,1.05,2.40
16,15,45.11,25.15,4,27.25,2.11,27.83,20.69,0.1380,0.75,5.28
16,16,19.43,48.90,3,22.86,4.25,37.47,22.86,1.0000,1.10,4.63
16,17,34.76,20.03,2,10.61,5.87,45.62,10.61,0.2182,0.78,0.15
16,18,30.52,47.51,4,26.31,4.76,39.93,19.98,0.1332,0.62,0.09
16,19,33.79,21.99,2,18.35,7.25,53.12,18.35,0.3773,1.12,6.14
16,20,41.57,38.64,4,20.55,28.82,191.50,15.61,0.1041,1.18,0.34
16,21,23.65,24.58,2,11.58,30.29,201.28,11.58,0.2382,0.90,5.72
16,22,48.57,7.55,1,27.58,43.44,288.61,26.69,0.1779,1.16,6.22
16,23,40.27,24.20,1,10.43,37.38,248.34,10.09,0.0673,1.03,2.63
16,24,38.44,4.45,1,23.93,49.12,326.37,23.16,0.1544,1.49,4.80
17,0,31.18,22.69,2,8.09,11.40,77.76,8.09,0.1670,1.00,5.81
17,1,39.31,35.60,4,25.91,16.88,112.70,21.23,0.1416,0.94,2.91
17,2,47.64,30.12,4,26.37,6.69,50.06,21.61,0.1440,1.30,3.63
17,3,27.00,8.40,1,12.21,38.43,255.30,10.80,0.0720,1.44,5.90
17,4,46.86,30.37,4,5.33,7.05,52.03,4.37,0.0291,0.94,0.59
17,5,31.55,48.90,4,19.20,5.40,43.19,15.74,0.1049,0.95,0.31
17,6,48.51,4.44,1,9.05,41.73,277.26,8.00,0.0533,0.71,3.07
17,7,35.97,0.69,1,7.81,41.76,277.43,6.91,0.0461,0.95,5.37
17,8,44.58,25.15,4,12.78,1.94,27.16,10.47,0.0698,1.21,0.78
17,9,34.31,18.25,1,22.54,41.92,278.50,19.93,0.1329,1.10,1.05
17,10,42.33,15.95,1,6.52,47.78,317.42,5.76,0.0384,0.89,0.90
17,11,40.58,36.60,4,20.29,21.17,140.90,16.62,0.1108,1.28,1.37
17,12,39.96,45.58,4,20.42,17.35,115.81,16.73,0.1115,1.02,1.77
17,13,37.45,14.93,1,22.15,49.63,329.74,19.58,0.1306,1.10,0.48
17,14,48.45,46.19,4,5.88,11.95,81.20,4.82,0.0321,1.07,2.38
17,15,45.65,24.76,1,27.25,35.98,239.05,24.09,0.1606,0.66,5.66
17,16,19.41,47.86,3,22.86,4.62,39.25,22.86,1.0000,1.04,4.69
17,17,35.53,20.31,1,10.61,40.43,268.59,9.38,0.0625,0.82,0.35
17,18,31.08,47.60,4,26.31,5.40,43.18,21.56,0.1438,0.57,0.16
17,19,34.70,21.47,2,18.35,6.09,46.83,18.35,0.3787,1.05,5.77
17,20,42.60,39.34,4,20.55,26.13,173.71,16.84,0.1123,1.24,0.60
17,21,24.34,24.04,2,11.58,33.05,219.59,11.58,0.2391,0.88,5.63
17,22,49.78,7.21,1,27.58,41.73,277.22,24.39,0.1626,1.25,6.01
17,23,39.29,24.51,2,10.43,0.23,20.76,10.43,0.2152,1.03,2.83
17,24,38.69,3.08,1,23.93,46.51,309.02,21.16,0.1410,1.39,4.89
18,0,31.90,21.88,2,8.09,9.88,68.47,8.09,0.1670,1.09,5.44
18,1,38.52,36.01,4,25.91,17.21,114.88,21.23,0.1416,0.89,2.66
18,2,46.46,29.75,4,26.37,6.47,48.85,21.61,0.1440,1.24,3.44
18,3,28.49,8.22,1,12.21,39.96,265.52,10.80,0.0720,1.51,6.16
18,4,47.46,31.00,4,5.33,7.56,54.91,4.37,0.0291,0.87,0.82
18,5,32.38,49.52,4,19.20,5.96,46.09,15.74,0.1049,1.04,0.65
18,6,47.92,4.60,1,9.05,42.49,282.33,8.00,0.0533,0.61,2.88
18,7,36.36,0.00,1,7.81,41.14,273.30,6.91,0.0461,0.97,1.16
18,8,45.42,25.92,4,12.78,2.82,30.86,10.47,0.0698,1.14,0.75
18,9,34.74,19.17,1,22.54,41.22,273.89,19.93,0.1329,1.02,1.13
18,10,42.86,16.61,1,6.52,46.22,307.07,5.76,0.0384,0.84,0.90
18,11,41.04,37.79,4,20.29,26.22,174.29,16.62,0.1108,1.27,1.20
18,12,39.96,46.64,4,20.42,15.37,102.94,16.73,0.1115,1.07,1.57
18,13,38.61,15.23,1,22.15,49.94,331.82,19.58,0.1306,1.19,0.26
18,14,47.76,47.09,4,5.88,11.89,80.78,4.82,0.0321,1.14,2.23
18,15,46.05,24.26,1,27.25,36.25,240.82,24.09,0.1606,0.65,5.38
18,16,19.48,46.75,3,22.86,4.88,40.57,22.86,1.0000,1.12,4.77
18,17,36.18,20.86,1,10.61,40.12,266.53,9.38,0.0625,0.85,0.70
18,18,31.63,47.64,4,26.31,6.03,46.47,21.56,0.1438,0.55,0.08
18,19,35.75,21.15,2,18.35,4.95,40.91,18.35,0.3787,1.09,5.99
18,20,43.68,39.75,4,20.55,22.53,149.82,16.84,0.1123,1.15,0.36
18,21,25.08,23.71,2,11.58,31.82,211.43,11.58,0.2391,0.81,5.86
18,22,50.00,6.58,1,27.58,41.22,273.89,24.39,0.1626,1.33,3.64
18,23,38.40,24.83,2,10.43,0.84,22.93,10.43,0.2152,0.95,2.79
18,24,39.40,1.78,1,23.93,44.47,295.46,21.16,0.1410,1.48,5.21
19,0,32.32,20.95,2,8.09,8.90,62.64,8.09,0.2688,1.01,5.13
19,1,37.75,36.62,4,25.91,17.63,117.60,21.23,0.1416,0.98,2.48
19,2,45.20,29.51,4,26.37,6.23,47.57,21.61,0.1440,1.28,3.33
19,3,30.05,8.23,1,12.21,41.80,277.74,9.74,0.0649,1.55,0.00
19,4,48.03,31.62,4,5.33,7.99,57.36,4.37,0.0291,0.84,0.83
19,5,33.10,50.00,4,19.20,6.39,48.44,15.74,0.1049,1.12,5.42
19,6,47.37,4.61,1,9.05,43.13,286.55,7.22,0.0481,0.55,3.13
19,7,36.75,0.86,1,7.81,42.34,281.33,6.23,0.0416,0.95,1.14
19,8,46.34,26.64,4,12.78,3.60,34.36,10.47,0.0698,1.16,0.66
19,9,35.38,19.97,1,22.54,40.72,270.53,17.99,0.1199,1.03,0.90
19,10,43.47,17.19,1,6.52,44.89,298.22,5.20,0.0347,0.84,0.76
19,11,41.86,38.75,4,20.29,28.01,186.16,16.62,0.1108,1.26,0.87
19,12,40.21,47.67,4,20.42,13.86,93.23,16.73,0.1115,1.05,1.33
19,13,39.79,15.41,1,22.15,49.94,331.76,17.67,0.1178,1.20,0.15
19,14,46.94,47.76,4,5.88,11.91,80.90,4.82,0.0321,1.06,2.45
19,15,46.64,23.87,1,27.25,36.34,241.46,21.74,0.1449,0.71,5.70
19,16,19.66,45.61,3,22.86,4.94,40.86,22.86,1.0000,1.15,4.87
19,17,36.78,21.37,1,10.61,39.77,264.20,8.46,0.0564,0.79,0.72
19,18,32.22,47.56,4,26.31,6.78,50.53,21.56,0.1438,0.60,6.15
19,19,36.80,20.62,1,18.35,40.60,269.72,14.64,0.0976,1.18,5.82
19,20,44.71,40.37,4,20.55,19.86,132.22,16.84,0.1123,1.20,0.54
19,21,25.71,23.22,2,11.58,26.87,178.59,11.58,0.3848,0.80,5.63
19,22,48.63,6.29,1,27.58,42.76,284.12,22.01,0.1467,1.40,3.35
19,23,37.48,25.02,2,10.43,1.67,26.09,10.43,0.3464,0.94,2.95
19,24,39.98,0.53,1,23.93,42.65,283.36,19.09,0.1273,1.39,5.14
20,0,32.63,20.05,2,8.09,8.09,57.93,8.09,0.2688,0.95,5.04
20,1,36.75,37.02,4,25.91,16.20,108.30,21.23,0.1416,1.08,2.76
20,2,43.98,29.56,4,26.37,6.17,47.22,21.61,0.1440,1.22,3.10
20,3,31.63,8.66,1,12.21,44.09,292.96,9.74,0.0649,1.64,0.26
20,4,48.63,32.10,4,5.33,8.21,58.60,4.37,0.0291,0.77,0.67
20,5,34.11,49.36,4,19.20,7.72,55.82,15.74,0.1049,1.19,5.71
20,6,46.77,4.69,1,9.05,43.90,291.70,7.22,0.0481,0.60,3.00
20,7,37.04,1.68,1,7.81,43.57,289.46,6.23,0.0416,0.87,1.24
20,8,47.28,27.20,4,12.78,4.17,37.06,10.47,0.0698,1.10,0.54
20,9,35.96,20.69,1,22.54,40.20,267.09,17.99,0.1199,0.93,0.90
20,10,44.07,17.63,1,6.52,43.84,291.25,5.20,0.0347,0.75,0.64
20,11,42.88,39.44,4,20.29,25.11,166.95,16.62,0.1108,1.23,0.60
20,12,40.36,48.80,4,20.42,12.41,84.03,16.73,0.1115,1.14,1.43
20,13,40.83,15.83,1,22.15,48.84,324.46,17.67,0.1178,1.12,0.38
20,14,46.21,48.64,4,5.88,11.60,79.02,4.82,0.0321,1.14,2.27
20,15,47.36,23.71,1,27.25,36.18,240.40,21.74,0.1449,0.73,6.07
20,16,20.11,44.53,3,22.86,4.48,38.56,22.86,1.0000,1.18,5.11
20,17,37.51,21.62,1,10.61,39.70,263.74,8.46,0.0564,0.77,0.32
20,18,32.83,47.23,4,26.31,7.69,55.60,21.56,0.1438,0.69,5.78
20,19,37.78,20.02,1,18.35,41.60,276.40,14.64,0.0976,1.14,5.74
20,20,45.84,40.79,4,20.55,17.48,116.67,16.84,0.1123,1.21,0.35
20,21,26.28,22.74,2,11.58,23.06,153.38,11.58,0.3848,0.75,5.59
20,22,47.47,5.59,1,27.58,43.81,291.04,22.01,0.1467,1.35,3.68
20,23,36.63,25.16,2,10.43,2.54,29.65,10.43,0.3464,0.86,2.97
20,24,40.21,0.00,1,23.93,41.94,278.67,19.09,0.1273,1.48,1.42
21,0,33.07,19.15,2,8.09,7.19,52.82,8.09,0.1537,1.00,5.17
21,1,35.75,37.07,4,25.91,13.65,91.93,21.23,0.1416,1.00,3.10
21,2,42.75,29.86,4,26.37,6.28,47.82,21.61,0.1440,1.27,2.90
21,3,33.20,8.73,1,12.21,46.74,310.53,11.07,0.0738,1.57,0.05
21,4,49.30,32.36,4,5.33,8.17,58.35,4.37,0.0291,0.71,0.37
21,5,34.99,48.69,4,19.20,9.05,63.53,15.74,0.1049,1.10,5.63
21,6,46.17,4.89,1,9.05,44.85,297.95,8.20,0.0547,0.64,2.82
21,7,37.28,2.47,1,7.81,44.85,297.99,7.08,0.0472,0.83,1.27
21,8,48.27,27.67,4,12.78,4.57,39.01,10.47,0.0698,1.10,0.44
21,9,36.30,21.66,2,22.54,4.33,37.85,22.54,0.4282,1.02,1.22
21,10,44.68,17.87,1,6.52,43.09,286.31,5.91,0.0394,0.66,0.37
21,11,43.66,40.45,4,20.29,22.68,150.82,16.62,0.1108,1.28,0.91
21,12,40.82,49.96,4,20.42,11.20,76.54,16.73,0.1115,1.24,1.20
21,13,41.76,16.54,1,22.15,47.02,312.42,20.08,0.1339,1.17,0.65
21,14,45.29,49.34,4,5.88,11.38,77.64,4.82,0.0321,1.15,2.49
21,15,48.00,23.61,1,27.25,35.99,239.14,24.70,0.1647,0.65,6.13
21,16,20.57,43.45,3,22.86,3.85,35.52,22.86,1.0000,1.17,5.12
21,17,38.19,21.60,1,10.61,39.86,264.82,9.62,0.0641,0.68,6.25
21,18,33.48,46.94,4,26.31,8.68,61.32,21.56,0.1438,0.71,5.87
21,19,38.46,19.23,1,18.35,42.81,284.41,16.63,0.1109,1.05,5.43
21,20,47.05,40.81,4,20.55,15.51,103.86,16.84,0.1123,1.21,0.02
21,21,27.04,22.41,2,11.58,20.13,134.01,11.58,0.2200,0.82,5.87
21,22,46.34,4.90,1,27.58,44.63,296.50,25.00,0.1667,1.33,3.70
21,23,35.82,25.43,2,10.43,3.37,33.31,10.43,0.1981,0.86,2.82
21,24,39.94,1.50,1,23.93,44.07,292.78,21.69,0.1446,1.53,1.74
22,0,33.62,18.34,1,8.09,41.32,274.50,6.99,0.0466,0.99,5.31
22,1,34.79,37.06,4,25.91,11.25,76.83,21.23,0.1416,0.96,3.15
22,2,41.63,30.37,4,26.37,6.62,49.65,21.61,0.1440,1.23,2.72
22,3,34.67,9.24,1,12.21,50.01,332.28,10.55,0.0704,1.56,0.34
22,4,50.00,32.40,4,5.33,7.91,56.85,4.37,0.0291,0.77,3.10
22,5,35.66,47.85,4,19.20,10.46,71.97,15.74,0.1049,1.08,5.38
22,6,45.56,5.22,1,9.05,45.99,305.56,7.82,0.0521,0.69,2.66
22,7,37.68,3.29,1,7.81,46.41,308.33,6.75,0.0450,0.91,1.12
22,8,49.22,28.11,4,12.78,4.87,40.51,10.47,0.0698,1.05,0.44
22,9,36.75,22.49,2,22.54,3.69,34.77,22.54,0.5060,0.95,1.08
22,10,45.43,17.92,1,6.52,42.48,282.21,5.63,0.0376,0.75,0.06
22,11,44.50,41.44,4,20.29,20.01,133.22,16.62,0.1108,1.29,0.86
22,12,40.96,50.00,4,20.42,11.18,76.40,16.73,0.1115,1.26,4.82
22,13,42.76,17.30,1,22.15,45.18,300.16,19.14,0.1276,1.26,0.65
22,14,44.68,50.00,4,5.88,10.99,75.24,4.82,0.0321,1.11,4.13
22,15,48.52,23.35,1,27.25,35.96,238.92,23.55,0.1570,0.58,5.80
22,16,21.35,42.48,3,22.86,2.60,29.90,22.86,1.0000,1.24,5.39
22,17,38.80,21.52,1,10.61,40.03,265.96,9.17,0.0611,0.61,6.16
22,18,34.10,46.72,4,26.31,9.63,66.95,21.56,0.1438,0.66,5.94
22,19,39.19,18.42,1,18.35,44.12,293.13,15.86,0.1057,1.09,5.45
22,20,48.20,40.79,4,20.55,13.97,93.97,16.84,0.1123,1.15,6.27
22,21,27.75,22.06,2,11.58,17.69,118.02,11.58,0.2600,0.79,5.83
22,22,45.37,3.88,1,27.58,44.62,296.45,23.84,0.1589,1.41,3.95
22,23,35.18,25.96,2,10.43,3.85,35.52,10.43,0.2340,0.83,2.45
22,24,39.51,2.89,1,23.93,46.35,307.96,20.68,0.1379,1.45,1.88
23,0,34.29,17.62,1,8.09,42.58,282.92,6.99,0.0466,0.98,5.46
23,1,33.90,36.95,4,25.91,9.00,63.24,21.23,0.1416,0.91,3.27
23,2,40.34,30.46,4,26.37,6.08,46.77,21.61,0.1440,1.29,3.07
23,3,36.17,9.59,1,12.21,54.38,361.29,10.55,0.0704,1.54,0.23
23,4,49.19,32.67,4,5.33,8.46,60.03,4.37,0.0291,0.86,2.82
23,5,36.12,46.89,4,19.20,11.95,81.16,15.74,0.1049,1.06,5.17
23,6,45.08,5.77,1,9.05,47.33,314.44,7.82,0.0521,0.72,2.28
23,7,37.98,4.08,1,7.81,48.06,319.32,6.75,0.0450,0.85,1.21
23,8,49.99,28.72,4,12.78,5.23,42.31,10.47,0.0698,0.98,0.66
23,9,36.95,23.32,2,22.54,3.18,32.45,22.54,0.5060,0.86,1.33
23,10,46.22,18.17,1,6.52,41.61,276.42,5.63,0.0376,0.83,0.30
23,11,45.44,42.30,4,20.29,17.65,117.75,16.62,0.1108,1.27,0.75
23,12,40.77,48.70,4,20.42,12.60,85.29,16.73,0.1115,1.31,4.57
23,13,44.01,17.68,1,22.15,43.81,291.10,19.14,0.1276,1.30,0.30
23,14,43.94,49.10,4,5.88,11.98,81.38,4.82,0.0321,1.17,4.03
23,15,48.97,23.14,1,27.25,35.90,238.51,23.55,0.1570,0.50,5.85
23,16,22.25,41.64,3,22.86,1.10,23.89,22.86,1.0000,1.23,5.53
23,17,39.42,21.44,1,10.61,40.18,266.94,9.17,0.0611,0.63,6.15
23,18,34.63,46.52,4,26.31,10.48,72.13,21.56,0.1438,0.57,5.92
23,19,39.78,17.54,1,18.35,45.62,303.09,15.86,0.1057,1.06,5.30
23,20,49.28,40.36,4,20.55,12.71,85.97,16.84,0.1123,1.16,5.91
23,21,28.43,21.69,2,11.58,15.64,104.66,11.58,0.2600,0.78,5.78
23,22,44.85,2.58,1,27.58,43.51,289.10,23.84,0.1589,1.40,4.33
23,23,34.79,26.63,2,10.43,3.85,35.52,10.43,0.2340,0.78,2.10
23,24,38.68,4.16,1,23.93,48.62,323.03,20.68,0.1379,1.52,2.15
24,0,34.93,17.01,1,8.09,43.83,291.18,6.99,0.0466,0.88,5.53
24,1,33.00,36.56,4,25.91,6.60,49.54,21.23,0.1416,0.97,3.55
24,2,38.98,30.69,4,26.37,5.43,43.33,21.61,0.1440,1.38,2.97
24,3,37.70,9.39,1,12.21,60.65,402.95,10.55,0.0704,1.54,6.15
24,4,48.32,32.85,4,5.33,9.00,63.22,4.37,0.0291,0.88,2.93
24,5,36.67,46.02,4,19.20,13.66,91.99,15.74,0.1049,1.03,5.27
24,6,44.66,6.23,1,9.05,48.62,323.04,7.82,0.0521,0.63,2.31
24,7,38.51,4.66,1,7.81,49.63,329.70,6.75,0.0450,0.78,0.82
24,8,50.00,29.33,4,12.78,5.67,44.57,10.47,0.0698,1.06,2.52
24,9,37.42,23.99,2,22.54,2.36,28.89,22.54,0.5060,0.81,0.95
24,10,47.07,18.35,1,6.52,40.77,270.87,5.63,0.0376,0.87,0.21
24,11,46.22,43.29,4,20.29,15.84,105.96,16.62,0.1108,1.27,0.90
24,12,40.13,47.62,4,20.42,13.91,93.56,16.73,0.1115,1.26,4.18
24,13,45.12,18.43,1,22.15,42.13,279.88,19.14,0.1276,1.34,0.59
24,14,42.90,48.38,4,5.88,12.96,87.51,4.82,0.0321,1.26,3.74
24,15,49.38,22.75,1,27.25,35.96,238.95,23.55,0.1570,0.56,5.52
24,16,23.17,40.84,3,22.86,-0.44,18.57,22.86,1.0000,1.21,5.56
24,17,39.95,21.54,1,10.61,40.08,266.27,9.17,0.0611,0.54,0.19
24,18,35.11,46.35,4,26.31,11.27,76.93,21.56,0.1438,0.51,5.95
24,19,40.64,16.79,1,18.35,46.93,311.83,15.86,0.1057,1.14,5.57
24,20,50.00,40.07,4,20.55,11.95,81.16,16.84,0.1123,1.08,3.42
24,21,29.04,21.20,2,11.58,13.83,93.08,11.58,0.2600,0.78,5.61
24,22,43.89,1.44,1,27.58,42.74,283.97,23.84,0.1589,1.49,4.01
24,23,34.41,27.35,2,10.43,3.74,35.02,10.43,0.2340,0.81,2.06
24,24,37.77,5.38,1,23.93,50.65,336.50,20.68,0.1379,1.53,2.21
25,0,35.35,16.21,1,8.09,45.25,300.63,6.99,0.0466,0.91,5.19
25,1,32.15,36.27,4,25.91,4.56,38.94,21.23,0.1416,0.90,3.47
25,2,37.54,30.55,4,26.37,3.76,35.10,21.61,0.1440,1.45,3.23
25,3,39.33,9.28,1,12.21,72.16,479.39,10.55,0.0704,1.64,6.21
25,4,47.54,33.08,4,5.33,9.59,66.69,4.37,0.0291,0.82,2.86
25,5,36.92,45.11,4,19.20,15.32,102.64,15.74,0.1049,0.95,4.98
25,6,44.27,6.76,1,9.05,50.07,332.65,7.82,0.0521,0.65,2.21
25,7,39.11,5.02,1,7.81,50.84,337.75,6.75,0.0450,0.71,0.55
25,8,49.33,30.27,4,12.78,6.50,49.01,10.47,0.0698,1.16,2.19
25,9,37.70,24.70,2,22.54,1.65,26.00,22.54,0.5060,0.76,1.21
25,10,47.91,18.64,1,6.52,39.89,265.00,5.63,0.0376,0.88,0.33
25,11,47.20,44.08,4,20.29,14.22,95.52,16.62,0.1108,1.25,0.68
25,12,39.50,46.47,4,20.42,15.49,103.71,16.73,0.1115,1.32,4.21
25,13,46.22,19.12,1,22.15,40.66,270.13,19.14,0.1276,1.29,0.57
25,14,41.71,47.75,4,5.88,13.89,93.42,4.82,0.0321,1.34,3.63
25,15,49.90,22.48,1,27.25,35.88,238.38,23.55,0.1570,0.59,5.81
25,16,24.07,40.16,3,22.86,-1.94,14.27,18.57,1.0000,1.14,5.64
25,17,40.47,21.56,1,10.61,40.04,266.03,9.17,0.0611,0.52,0.04
25,18,35.64,46.10,4,26.31,12.24,82.96,21.56,0.1438,0.59,5.84
25,19,41.27,15.83,1,18.35,48.66,323.32,15.86,0.1057,1.14,5.30
25,20,49.00,39.66,4,20.55,12.88,87.05,16.84,0.1123,1.08,3.53
25,21,29.77,20.84,2,11.58,12.28,83.25,11.58,0.2600,0.82,5.82
25,22,43.11,0.26,1,27.58,41.66,276.76,23.84,0.1589,1.42,4.12
25,23,34.26,28.07,2,10.43,3.17,32.43,10.43,0.2340,0.74,1.77
25,24,37.07,6.85,1,23.93,52.94,351.73,20.68,0.1379,1.62,2.01
26,0,35.45,15.26,1,8.09,46.67,310.10,6.99,0.0466,0.96,4.82
26,1,31.30,35.92,4,25.91,2.58,29.82,21.23,0.1416,0.91,3.54
26,2,36.17,30.67,4,26.37,2.23,28.37,21.61,0.1440,1.37,3.06
26,3,41.01,9.15,1,12.21,68.33,453.95,10.55,0.0704,1.68,6.21
26,4,46.82,33.00,4,5.33,9.84,68.23,4.37,0.0291,0.72,3.25
26,5,37.39,44.37,4,19.20,17.31,115.53,15.74,0.1049,0.87,5.27
26,6,43.94,7.36,1,9.05,51.68,343.34,7.82,0.0521,0.69,2.07
26,7,39.67,5.41,1,7.81,52.05,345.84,6.75,0.0450,0.68,0.60
26,8,48.62,31.17,4,12.78,7.41,54.04,10.47,0.0698,1.14,2.24
26,9,37.87,25.36,2,22.54,1.00,23.52,22.54,0.3832,0.68,1.31
26,10,48.65,18.98,1,6.52,39.07,259.60,5.63,0.0376,0.81,0.43
26,11,48.28,44.58,4,20.29,12.92,87.26,16.62,0.1108,1.19,0.44
26,12,38.94,45.36,4,20.42,17.21,114.89,16.73,0.1115,1.24,4.24
26,13,47.28,19.71,1,22.15,39.42,261.92,19.14,0.1276,1.22,0.50
26,14,40.45,47.16,4,5.88,14.67,98.42,4.82,0.0321,1.39,3.58
26,15,50.00,22.35,1,27.25,35.91,238.59,23.55,0.1570,0.55,3.37
26,16,24.89,39.26,2,22.86,-2.54,12.77,14.27,0.2426,1.21,5.45
26,17,41.02,21.54,1,10.61,40.03,265.97,9.17,0.0611,0.56,6.23
26,18,36.25,45.85,4,26.31,13.34,89.96,21.56,0.1438,0.66,5.90
26,19,42.25,15.17,1,18.35,49.41,328.28,15.86,0.1057,1.18,5.69
26,20,47.93,39.21,4,20.55,14.01,94.22,16.84,0.1123,1.16,3.54
26,21,30.48,20.69,2,11.58,11.15,76.23,11.58,0.1969,0.72,6.08
26,22,42.46,0.00,1,27.58,41.56,276.13,23.84,0.1589,1.40,2.05
26,23,34.22,28.75,2,10.43,2.42,29.15,10.43,0.1773,0.68,1.64
26,24,36.35,8.37,1,23.93,53.90,358.10,20.68,0.1379,1.68,2.01
27,0,35.79,14.40,1,8.09,48.42,321.70,6.99,0.0466,0.93,5.10
27,1,30.34,35.72,4,25.91,0.70,22.43,21.23,0.1416,0.98,3.35
27,2,34.78,30.95,4,26.37,0.69,22.37,21.61,0.1440,1.42,2.94
27,3,42.59,8.88,1,12.21,58.41,388.08,10.55,0.0704,1.61,6.11
27,4,46.23,33.16,4,5.33,10.31,71.07,4.37,0.0291,0.62,2.88
27,5,38.07,43.89,4,19.20,19.47,129.66,15.74,0.1049,0.83,5.67
27,6,43.55,7.95,1,9.05,53.58,355.97,7.82,0.0521,0.71,2.16
27,7,40.27,5.83,1,7.81,53.32,354.25,6.75,0.0450,0.74,0.61
27,8,47.83,31.87,4,12.78,8.29,59.06,10.47,0.0698,1.06,2.42
27,9,37.88,25.95,2,22.54,0.52,21.77,22.54,0.3933,0.59,1.56
27,10,49.39,19.23,1,6.52,38.36,254.86,5.63,0.0376,0.78,0.33
27,11,49.19,45.23,4,20.29,11.87,80.70,16.62,0.1108,1.12,0.62
27,12,38.12,44.48,4,20.42,18.19,121.32,16.73,0.1115,1.20,3.96
27,13,48.37,20.09,1,22.15,38.42,255.24,19.14,0.1276,1.15,0.34
27,14,39.38,46.36,4,5.88,15.61,104.48,4.82,0.0321,1.34,3.78
27,15,49.50,22.41,1,27.25,36.13,240.02,23.55,0.1570,0.50,3.02
27,16,26.06,38.71,2,22.86,-2.15,13.73,12.77,0.2228,1.29,5.84
27,17,41.50,21.38,1,10.61,40.15,266.77,9.17,0.0611,0.50,5.96
27,18,36.71,45.51,4,26.31,14.43,96.88,21.56,0.1438,0.57,5.64
27,19,43.33,14.90,1,18.35,48.76,323.98,15.86,0.1057,1.12,6.04
27,20,47.06,38.52,4,20.55,14.86,99.63,16.84,0.1123,1.12,3.81
27,21,31.18,20.67,2,11.58,10.22,70.51,11.58,0.2020,0.70,6.26
27,22,42.29,1.31,1,27.58,43.34,287.98,23.84,0.1589,1.33,1.70
27,23,34.09,29.35,2,10.43,1.83,26.71,10.43,0.1819,0.62,1.78
27,24,35.47,9.71,1,23.93,52.24,347.09,20.68,0.1379,1.60,2.15
28,0,36.30,13.70,1,8.09,50.39,334.79,6.99,0.0466,0.86,5.34
28,1,29.31,35.57,2,25.91,-0.77,17.54,22.43,0.2192,1.04,3.29
28,2,33.39,31.50,2,26.37,-0.31,18.99,22.37,0.2186,1.49,2.77
28,3,44.13,9.18,1,12.21,53.20,353.47,10.55,0.0704,1.57,0.19
28,4,45.62,33.32,4,5.33,10.80,74.07,5.33,0.0408,0.63,2.88
28,5,38.81,43.55,4,19.20,21.55,143.39,19.20,0.1469,0.82,5.86
28,6,43.37,8.54,1,9.05,55.00,365.41,7.82,0.0521,0.62,1.86
28,7,40.71,6.48,1,7.81,55.28,367.26,6.75,0.0450,0.78,0.97
28,8,46.91,32.21,4,12.78,8.95,62.91,12.78,0.0977,0.98,2.79
28,9,37.78,26.45,2,22.54,0.18,20.62,21.77,0.2128,0.51,1.76
28,10,50.00,19.68,1,6.52,37.64,250.07,5.63,0.0376,0.83,2.57
28,11,50.00,45.56,4,20.29,11.15,76.21,20.29,0.1551,1.18,2.86
28,12,37.32,43.52,4,20.42,18.83,125.46,20.42,0.1561,1.24,4.02
28,13,49.45,20.31,1,22.15,37.57,249.63,19.14,0.1276,1.11,0.20
28,14,38.40,45.44,4,5.88,16.58,110.77,5.88,0.0450,1.35,3.90
28,15,49.02,22.28,1,27.25,36.46,242.23,23.55,0.1570,0.50,3.41
28,16,27.10,37.89,2,22.86,-1.75,14.77,13.73,0.1342,1.33,5.62
28,17,42.01,21.24,1,10.61,40.22,267.23,9.17,0.0611,0.53,6.01
28,18,37.17,45.21,4,26.31,15.51,103.82,26.31,0.2012,0.54,5.71
28,19,44.50,14.59,1,18.35,47.70,316.91,15.86,0.1057,1.21,6.02
28,20,46.00,37.94,4,20.55,15.99,106.98,20.55,0.1572,1.20,3.64
28,21,31.90,20.84,2,11.58,9.38,65.50,11.58,0.1132,0.74,0.22
28,22,42.55,2.62,1,27.58,45.17,300.07,23.84,0.1589,1.33,1.38
28,23,34.18,29.94,2,10.43,0.85,22.96,10.43,0.1019,0.60,1.41
28,24,34.15,10.64,1,23.93,48.85,324.56,20.68,0.1379,1.62,2.53
29,0,36.75,13.07,1,8.09,52.43,348.30,6.99,0.0466,0.77,5.33
29,1,28.30,35.74,2,25.91,0.03,20.10,17.54,0.2216,1.03,2.97
29,2,31.94,32.07,2,26.37,1.07,23.77,18.99,0.2399,1.56,2.77
29,3,45.61,9.18,1,12.21,49.33,327.75,10.55,0.0704,1.48,0.00
29,4,44.95,33.55,4,5.33,11.44,78.02,5.33,0.0366,0.70,2.81
29,5,39.38,43.10,4,19.20,23.83,158.42,19.20,0.1320,0.73,5.61
29,6,42.98,9.07,1,9.05,57.12,379.52,7.82,0.0521,0.66,2.21
29,7,41.21,7.14,1,7.81,57.17,379.82,6.75,0.0450,0.83,0.92
29,8,46.19,32.80,4,12.78,9.90,68.56,12.78,0.0878,0.94,2.46
29,9,37.67,27.02,2,22.54,-0.25,19.19,20.62,0.2605,0.58,1.76
29,10,49.37,20.08,1,6.52,37.79,251.07,5.63,0.0376,0.75,2.58
29,11,48.80,45.46,4,20.29,12.07,81.93,20.29,0.1394,1.20,3.22
29,12,36.90,42.37,4,20.42,19.94,132.77,20.42,0.1403,1.23,4.37
29,13,50.00,20.25,1,22.15,37.27,247.60,19.14,0.1276,1.19,3.19
29,14,37.46,44.44,4,5.88,17.30,115.44,5.88,0.0404,1.37,3.96
29,15,48.52,22.22,1,27.25,36.75,244.17,23.55,0.1570,0.50,3.26
29,16,28.18,37.04,4,22.86,-1.08,16.65,14.77,0.1015,1.37,5.61
29,17,42.60,21.26,1,10.61,40.06,266.16,9.17,0.0611,0.59,0.04
29,18,37.70,45.02,4,26.31,16.56,110.66,26.31,0.1808,0.56,5.93
29,19,45.62,14.62,1,18.35,46.09,306.21,15.86,0.1057,1.12,0.03
29,20,44.80,37.46,4,20.55,17.42,116.22,20.55,0.1412,1.29,3.52
29,21,32.63,20.83,2,11.58,8.46,60.05,11.58,0.1463,0.73,6.28
29,22,43.26,3.80,1,27.58,46.58,309.44,23.84,0.1589,1.38,1.02
29,23,34.41,30.48,2,10.43,-0.30,19.01,10.43,0.1317,0.59,1.17
29,24,32.60,11.27,1,23.93,45.68,303.52,20.68,0.1379,1.67,2.76
30,0,37.21,12.41,1,8.09,54.95,365.10,6.99,0.0466,0.81,5.32
30,1,27.36,36.23,2,25.91,0.10,20.35,20.10,0.2788,1.06,2.66
30,2,30.57,32.81,2,26.37,1.91,27.02,23.77,0.3297,1.55,2.65
30,3,47.05,8.80,1,12.21,46.32,307.73,10.55,0.0704,1.48,6.02
30,4,44.48,33.96,4,5.33,12.30,83.37,4.99,0.0332,0.62,2.43
30,5,40.10,42.81,4,19.20,25.53,169.67,17.96,0.1197,0.77,5.90
30,6,42.56,9.44,1,9.05,59.41,394.68,7.82,0.0521,0.56,2.41
30,7,41.54,7.80,1,7.81,59.07,392.45,6.75,0.0450,0.74,1.11
30,8,45.62,33.57,4,12.78,11.13,76.08,11.95,0.0797,0.96,2.20
30,9,37.72,27.69,4,22.54,-0.08,19.75,17.94,0.1196,0.67,1.50
30,10,48.77,20.64,1,6.52,37.76,250.86,5.63,0.0376,0.82,2.38
30,11,47.55,45.42,4,20.29,13.09,88.34,18.97,0.1265,1.25,3.17
30,12,36.28,41.34,4,20.42,19.15,127.56,19.10,0.1273,1.20,4.17
30,13,48.83,20.31,1,22.15,37.97,252.25,19.14,0.1276,1.17,3.09
30,14,36.37,43.48,4,5.88,16.82,112.31,5.50,0.0367,1.45,3.86
30,15,48.05,22.07,1,27.25,37.10,246.47,23.55,0.1570,0.50,3.44
30,16,29.01,35.95,2,22.86,-0.97,16.96,16.65,0.2309,1.37,5.37
30,17,43.09,21.44,1,10.61,39.73,263.96,9.17,0.0611,0.52,0.36
30,18,38.11,44.65,4,26.31,17.83,118.93,24.61,0.1641,0.55,5.54
30,19,46.65,15.05,1,18.35,44.30,294.29,15.86,0.1057,1.11,0.40
30,20,43.86,36.59,4,20.55,17.50,116.75,19.22,0.1281,1.29,3.89
30,21,33.35,20.65,2,11.58,7.52,54.69,11.58,0.1606,0.75,6.03
30,22,44.19,4.73,1,27.58,47.11,312.96,23.84,0.1589,1.31,0.79
30,23,34.45,31.11,4,10.43,0.42,21.45,9.75,0.0650,0.63,1.51
30,24,30.97,11.87,1,23.93,43.01,285.75,20.68,0.1379,1.73,2.79
31,0,37.82,11.94,1,8.09,57.99,385.27,6.99,0.0466,0.77,5.63
31,1,26.36,36.55,2,25.91,0.21,20.71,20.35,0.2704,1.05,2.83
31,2,29.09,33.24,2,26.37,3.08,32.02,26.37,0.3504,1.54,2.85
31,3,48.48,8.82,1,12.21,43.97,292.11,10.55,0.0704,1.43,0.01
31,4,44.13,34.59,4,5.33,13.55,91.26,4.97,0.0331,0.72,2.08
31,5,40.78,42.28,4,19.20,27.64,183.70,17.90,0.1193,0.86,5.62
31,6,42.27,9.89,1,9.05,61.25,406.93,7.82,0.0521,0.53,2.15
31,7,41.93,8.32,1,7.81,59.72,396.79,6.75,0.0450,0.65,0.94
31,8,44.94,34.14,4,12.78,12.32,83.47,11.91,0.0794,0.89,2.45
31,9,37.54,28.34,4,22.54,0.53,21.81,18.41,0.1227,0.67,1.84
31,10,48.03,21.02,1,6.52,37.91,251.88,5.63,0.0376,0.83,2.68
31,11,46.27,45.03,4,20.29,14.50,97.32,18.91,0.1261,1.34,3.44
31,12,35.79,40.15,4,20.42,17.65,117.73,19.03,0.1269,1.30,4.32
31,13,47.74,19.95,1,22.15,38.93,258.63,19.14,0.1276,1.15,3.46
31,14,35.13,42.76,4,5.88,14.69,98.56,5.48,0.0365,1.44,3.66
31,15,47.59,21.87,1,27.25,37.48,249.02,23.55,0.1570,0.50,3.57
31,16,29.89,34.98,2,22.86,-0.63,17.98,16.96,0.2254,1.30,5.45
31,17,43.58,21.52,1,10.61,39.50,262.44,9.17,0.0611,0.50,0.15
31,18,38.48,44.28,4,26.31,19.14,127.53,24.52,0.1635,0.53,5.52
31,19,47.69,15.21,1,18.35,42.91,285.10,15.86,0.1057,1.05,0.15
31,20,42.88,35.86,4,20.55,17.14,114.42,19.15,0.1277,1.22,3.78
31,21,34.02,20.40,2,11.58,6.71,50.17,11.58,0.1539,0.71,5.93
31,22,44.73,6.00,1,27.58,48.17,320.06,23.84,0.1589,1.38,1.16
31,23,34.31,31.70,4,10.43,1.16,24.11,9.72,0.0648,0.61,1.81
31,24,29.22,12.37,1,23.93,40.66,270.12,20.68,0.1379,1.83,2.86
32,0,38.45,11.38,1,8.09,62.41,414.64,6.99,0.0466,0.84,5.55
32,1,25.40,36.85,2,25.91,0.07,20.22,20.71,0.2703,1.01,2.84
32,2,27.62,33.38,2,26.37,4.28,37.61,26.37,0.3440,1.48,3.05
32,3,50.00,8.71,1,12.21,41.84,277.97,10.55,0.0704,1.53,3.21
32,4,43.74,35.26,4,5.33,15.07,100.99,4.91,0.0327,0.78,2.10
32,5,41.52,41.90,4,19.20,27.68,183.93,17.67,0.1178,0.84,5.81
32,6,42.09,10.48,1,9.05,62.01,412.01,7.82,0.0521,0.61,1.87
32,7,42.19,8.83,1,7.81,60.11,399.35,6.75,0.0450,0.57,1.10
32,8,44.29,34.83,4,12.78,13.85,93.18,11.76,0.0784,0.94,2.33
32,9,37.26,28.84,4,22.54,0.87,23.04,20.07,0.1338,0.58,2.09
32,10,47.30,21.21,1,6.52,38.16,253.50,5.63,0.0376,0.76,2.88
32,11,44.91,45.09,4,20.29,15.75,105.41,18.67,0.1245,1.36,3.10
32,12,35.00,39.16,4,20.42,14.47,97.18,18.79,0.1253,1.26,4.04
32,13,46.66,19.79,1,22.15,39.75,264.08,19.14,0.1276,1.09,3.29
32,14,33.89,41.90,4,5.88,12.16,82.48,5.41,0.0361,1.51,3.75
32,15,47.18,21.55,1,27.25,37.94,252.07,23.55,0.1570,0.52,3.80
32,16,30.49,33.87,2,22.86,0.29,20.99,17.98,0.2346,1.26,5.20
32,17,44.07,21.66,1,10.61,39.20,260.43,9.17,0.0611,0.51,0.27
32,18,38.94,44.07,4,26.31,20.23,134.69,24.21,0.1614,0.50,5.85
32,19,48.81,15.25,1,18.35,41.62,276.51,15.86,0.1057,1.13,0.03
32,20,41.74,35.54,4,20.55,17.18,114.66,18.91,0.1261,1.18,3.41
32,21,34.71,20.37,2,11.58,5.98,46.22,11.58,0.1511,0.69,6.24
32,22,45.34,7.26,1,27.58,48.59,322.83,23.84,0.1589,1.40,1.12
32,23,34.39,32.35,4,10.43,2.38,28.96,9.60,0.0640,0.65,1.44
32,24,27.45,12.37,1,23.93,38.76,257.53,20.68,0.1379,1.76,3.14
33,0,39.11,10.95,1,8.09,68.56,455.50,7.53,0.0502,0.80,5.70
33,1,24.65,37.46,2,25.91,-0.68,17.83,20.22,0.2210,0.97,2.45
33,2,26.10,33.17,2,26.37,5.52,43.79,26.37,0.2881,1.53,3.28
33,3,48.44,8.78,1,12.21,44.02,292.46,11.36,0.0757,1.56,3.10
33,4,43.33,35.99,4,5.33,16.97,113.31,4.88,0.0326,0.84,2.07
33,5,42.37,41.67,4,19.20,25.65,170.53,17.59,0.1173,0.88,6.02
33,6,41.92,11.08,1,9.05,61.66,409.68,8.42,0.0561,0.63,1.85
33,7,42.47,9.24,1,7.81,59.59,395.93,7.27,0.0485,0.50,0.98
33,8,43.53,35.52,4,12.78,15.79,105.63,11.71,0.0781,1.03,2.40
33,9,36.88,29.23,4,22.54,0.96,23.38,20.65,0.1377,0.54,2.34
33,10,46.52,21.44,1,6.52,38.36,254.87,6.06,0.0404,0.81,2.85
33,11,43.66,45.56,4,20.29,16.24,108.55,18.59,0.1239,1.33,2.78
33,12,33.97,38.55,4,20.42,11.12,76.02,18.70,0.1247,1.19,3.67
33,13,45.56,19.72,1,22.15,40.47,268.90,20.61,0.1374,1.10,3.21
33,14,32.55,41.28,4,5.88,9.22,64.54,5.39,0.0359,1.47,3.58
33,15,46.89,21.14,1,27.25,38.43,255.30,25.36,0.1690,0.50,4.09
33,16,30.81,32.73,2,22.86,1.68,26.12,20.99,0.2294,1.18,4.99
33,17,44.57,21.97,1,10.61,38.72,257.23,9.87,0.0658,0.59,0.55
33,18,39.44,44.04,4,26.31,20.81,138.50,24.11,0.1607,0.50,6.21
33,19,49.93,15.58,1,18.35,40.25,267.40,17.07,0.1138,1.17,0.29
33,20,40.57,35.07,4,20.55,15.97,106.79,18.83,0.1255,1.27,3.52
33,21,35.49,20.32,1,11.58,40.40,268.38,10.78,0.0719,0.79,6.22
33,22,46.05,8.42,1,27.58,48.06,319.29,25.66,0.1711,1.36,1.02
33,23,34.38,33.06,4,10.43,3.58,34.27,9.55,0.0637,0.72,1.59
33,24,25.81,11.82,2,23.93,1.47,25.31,23.93,0.2615,1.73,3.47
34,0,39.52,10.35,1,8.09,78.68,522.74,7.53,0.0502,0.72,5.31
34,1,24.19,38.27,2,25.91,-1.65,15.03,17.83,0.1960,0.93,2.09
34,2,24.66,32.90,2,26.37,6.18,47.28,26.37,0.2898,1.47,3.33
34,3,46.88,8.91,1,12.21,46.65,309.93,11.36,0.0757,1.56,3.06
34,4,42.84,36.73,4,5.33,19.32,128.71,4.88,0.0326,0.88,2.16
34,5,43.20,41.16,4,19.20,23.75,157.93,17.59,0.1173,0.97,5.73
34,6,41.64,11.68,1,9.05,60.81,403.98,8.42,0.0561,0.66,2.00
34,7,42.61,9.72,1,7.81,59.39,394.55,7.27,0.0485,0.50,1.29
34,8,42.78,36.11,4,12.78,17.86,119.15,11.71,0.0781,0.95,2.47
34,9,36.63,29.77,4,22.54,1.44,25.19,20.65,0.1377,0.59,2.00
34,10,45.74,21.63,1,6.52,38.56,256.18,6.06,0.0404,0.80,2.90
34,11,42.70,46.47,4,20.29,15.49,103.70,18.59,0.1239,1.32,2.39
34,12,33.13,37.73,4,20.42,8.30,59.11,18.70,0.1247,1.18,3.92
34,13,44.55,19.89,1,22.15,40.83,271.29,20.61,0.1374,1.03,2.97
34,14,31.14,40.87,4,5.88,6.35,48.22,5.39,0.0359,1.48,3.42
34,15,46.52,20.79,1,27.25,38.93,258.66,25.36,0.1690,0.51,3.91
34,16,31.07,31.53,2,22.86,3.31,33.05,22.86,0.2512,1.24,4.93
34,17,45.20,22.13,1,10.61,38.33,254.68,9.87,0.0658,0.65,0.25
34,18,40.00,44.16,4,26.31,20.78,138.32,24.11,0.1607,0.57,0.21
34,19,50.00,15.68,1,18.35,40.12,266.57,17.07,0.1138,1.19,3.06
34,20,39.55,34.39,4,20.55,13.55,91.25,18.83,0.1255,1.23,3.73
34,21,36.35,20.29,1,11.58,40.80,271.07,10.78,0.0719,0.85,6.25
34,22,46.38,9.79,1,27.58,47.79,317.50,25.66,0.1711,1.41,1.33
34,23,34.64,33.82,4,10.43,5.33,42.84,9.55,0.0637,0.80,1.24
34,24,24.39,10.78,2,23.93,-0.52,18.33,23.93,0.2630,1.77,3.77
35,0,39.77,9.67,1,8.09,83.76,556.52,7.53,0.0502,0.73,5.07
35,1,23.58,38.97,3,25.91,-1.92,14.32,15.03,1.0000,0.93,2.29
35,2,23.23,33.02,2,26.37,5.42,43.29,26.37,0.5357,1.43,3.06
35,3,45.47,8.50,1,12.21,49.33,327.76,11.36,0.0757,1.47,3.42
35,4,42.34,37.45,4,5.33,22.21,147.73,4.88,0.0326,0.88,2.17
35,5,44.20,40.95,4,19.20,21.00,139.77,17.59,0.1173,1.02,6.08
35,6,41.37,12.20,1,9.05,59.56,395.72,8.42,0.0561,0.58,2.06
35,7,42.61,10.25,1,7.81,59.41,394.70,7.27,0.0485,0.53,1.57
35,8,42.04,36.83,4,12.78,20.80,138.45,11.71,0.0781,1.03,2.37
35,9,36.42,30.28,4,22.54,1.95,27.21,20.65,0.1377,0.56,1.97
35,10,45.02,21.59,1,6.52,38.90,258.47,6.06,0.0404,0.72,3.20
35,11,42.06,47.55,4,20.29,14.13,94.99,18.59,0.1239,1.25,2.11
35,12,32.23,36.86,4,20.42,5.44,43.39,18.70,0.1247,1.25,3.90
35,13,43.74,20.40,1,22.15,40.65,270.06,20.61,0.1374,0.96,2.59
35,14,29.73,40.30,4,5.88,3.69,34.78,5.39,0.0359,1.51,3.52
35,15,46.08,20.56,1,27.25,39.38,261.61,25.36,0.1690,0.50,3.62
35,16,31.48,30.46,2,22.86,4.42,38.28,22.86,0.4643,1.14,5.08
35,17,45.82,22.06,1,10.61,38.14,253.38,9.87,0.0658,0.63,6.18
35,18,40.52,44.23,4,26.31,20.67,137.58,24.11,0.1607,0.53,0.13
35,19,48.86,15.53,1,18.35,41.38,274.91,17.07,0.1138,1.15,3.27
35,20,38.45,33.86,4,20.55,11.19,76.45,18.83,0.1255,1.22,3.59
35,21,37.23,20.30,1,11.58,41.11,273.10,10.78,0.0719,0.88,0.01
35,22,47.04,10.98,1,27.58,46.39,308.19,25.66,0.1711,1.36,1.06
35,23,35.11,34.37,4,10.43,7.16,52.66,9.55,0.0637,0.73,0.85
35,24,23.40,9.25,0,23.93,1.36,24.89,18.33,1.0000,1.82,4.14
36,0,39.95,8.97,1,8.09,71.54,475.28,7.53,0.0502,0.72,4.96
36,1,22.75,39.40,3,25.91,-0.57,18.17,14.32,1.0000,0.93,2.67
36,2,21.80,33.54,2,26.37,3.38,33.35,26.37,0.5357,1.53,2.79
36,3,44.00,8.58,1,12.21,53.13,352.97,11.36,0.0757,1.48,3.09
36,4,42.03,38.19,4,5.33,25.41,168.92,4.88,0.0326,0.80,1.97
36,5,45.15,40.81,4,19.20,18.83,125.48,17.59,0.1173,0.96,6.13
36,6,41.10,12.63,1,9.05,58.28,387.22,8.42,0.0561,0.51,2.11
36,7,42.60,10.84,1,7.81,58.83,390.87,7.27,0.0485,0.59,1.57
36,8,41.56,37.67,4,12.78,24.64,163.80,11.71,0.0781,0.96,2.09
36,9,36.27,30.91,4,22.54,2.75,30.57,20.65,0.1377,0.64,1.80
36,10,44.37,21.59,1,6.52,39.16,260.17,6.06,0.0404,0.65,3.14
36,11,41.15,48.41,4,20.29,13.01,87.87,18.59,0.1239,1.26,2.38
36,12,31.29,36.19,4,20.42,2.89,31.15,18.70,0.1247,1.16,3.77
36,13,42.84,20.86,1,22.15,40.44,268.68,20.61,0.1374,1.01,2.67
36,14,28.28,39.80,4,5.88,1.17,24.14,5.39,0.0359,1.54,3.47
36,15,45.57,20.41,1,27.25,39.78,264.28,25.36,0.1690,0.52,3.41
36,16,31.96,29.51,2,22.86,5.10,41.63,22.86,0.4643,1.07,5.18
36,17,46.35,21.89,1,10.61,38.06,252.85,9.87,0.0658,0.55,5.96
36,18,41.14,44.25,4,26.31,20.46,136.19,24.11,0.1607,0.62,0.04
36,19,47.68,15.44,1,18.35,42.73,283.92,17.07,0.1138,1.18,3.22
36,20,37.61,33.04,4,20.55,8.38,59.60,18.83,0.1255,1.18,3.92
36,21,38.14,20.25,1,11.58,41.42,275.19,10.78,0.0719,0.91,6.22
36,22,47.83,12.01,1,27.58,44.72,297.14,25.66,0.1711,1.29,0.92
36,23,35.58,34.99,4,10.43,9.20,64.42,9.55,0.0637,0.78,0.93
36,24,23.05,7.49,0,23.93,2.74,30.53,23.93,1.0000,1.79,4.51
37,0,40.24,8.37,1,8.09,65.45,434.83,7.53,0.0502,0.67,5.16
37,1,22.01,39.79,3,25.91,0.69,22.37,18.17,1.0000,0.84,2.66
37,2,20.25,33.86,2,26.37,1.15,24.07,26.37,0.5357,1.58,2.94
37,3,42.54,8.87,1,12.21,58.64,389.62,11.36,0.0757,1.49,2.95
37,4,41.60,38.99,4,5.33,30.14,200.26,4.88,0.0326,0.90,2.07
37,5,46.14,40.73,4,19.20,16.96,113.25,17.59,0.1173,0.99,6.20
37,6,40.87,13.13,1,9.05,56.61,376.12,8.42,0.0561,0.55,2.01
37,7,42.52,11.47,1,7.81,57.99,385.25,7.27,0.0485,0.63,1.70
37,8,41.40,38.69,4,12.78,29.83,198.21,11.71,0.0781,1.04,1.73
37,9,36.18,31.55,4,22.54,3.70,34.82,20.65,0.1377,0.65,1.72
37,10,43.70,21.67,1,6.52,39.31,261.18,6.06,0.0404,0.68,3.02
37,11,40.30,49.28,4,20.29,11.83,80.42,18.59,0.1239,1.21,2.34
37,12,30.13,35.74,4,20.42,0.38,21.29,18.70,0.1247,1.24,3.51
37,13,41.87,21.28,1,22.15,40.20,267.08,20.61,0.1374,1.05,2.73
37,14,26.74,39.36,4,5.88,-1.25,16.16,5.39,0.0359,1.60,3.42
37,15,45.04,20.33,1,27.25,40.13,266.63,25.36,0.1690,0.54,3.29
37,16,32.06,28.51,2,22.86,6.33,48.10,22.86,0.4643,1.00,4.81
37,17,46.91,21.89,1,10.61,37.80,251.12,9.87,0.0658,0.56,6.28
37,18,41.68,44.31,4,26.31,20.02,133.30,24.11,0.1607,0.55,0.10
37,19,46.68,14.94,1,18.35,44.36,294.74,17.07,0.1138,1.12,3.61
37,20,36.82,32.21,4,20.55,5.76,45.07,18.83,0.1255,1.14,3.95
37,21,38.97,19.91,1,11.58,41.99,279.01,10.78,0.0719,0.90,5.90
37,22,48.91,12.82,1,27.58,42.83,284.58,25.66,0.1711,1.35,0.64
37,23,35.95,35.75,4,10.43,11.46,78.14,9.55,0.0637,0.84,1.11
37,24,22.30,5.94,0,23.93,4.11,36.75,23.93,1.0000,1.72,4.26
38,0,40.60,7.78,1,8.09,61.09,405.86,7.53,0.0502,0.69,5.25
38,1,21.08,39.90,3,25.91,2.11,27.84,22.37,0.4817,0.93,3.02
38,2,18.94,34.66,3,26.37,0.30,21.01,24.07,0.5183,1.54,2.59
38,3,41.16,9.13,1,12.21,67.12,445.92,11.36,0.0757,1.40,2.96
38,4,41.16,39.66,4,5.33,35.98,239.07,5.33,0.0388,0.81,2.14
38,5,47.16,40.44,4,19.20,15.34,102.75,19.20,0.1397,1.06,6.01
38,6,40.50,13.58,1,9.05,55.21,366.79,8.42,0.0561,0.58,2.25
38,7,42.62,12.09,1,7.81,56.18,373.23,7.27,0.0485,0.63,1.41
38,8,41.14,39.70,4,12.78,36.31,241.25,12.78,0.0930,1.04,1.82
38,9,36.22,32.15,4,22.54,4.82,40.26,22.54,0.1640,0.61,1.50
38,10,42.96,21.49,1,6.52,39.72,263.88,6.06,0.0404,0.76,3.38
38,11,39.43,50.00,4,20.29,10.78,73.96,20.29,0.1476,1.25,3.94
38,12,28.90,35.65,2,20.42,-0.43,18.61,20.42,0.4154,1.23,3.22
38,13,40.83,21.74,1,22.15,39.82,264.56,20.61,0.1374,1.15,2.72
38,14,25.18,38.74,2,5.88,-2.03,14.03,5.88,0.1196,1.68,3.52
38,15,44.42,20.32,1,27.25,40.44,268.69,25.36,0.1690,0.61,3.17
38,16,32.54,27.59,2,22.86,6.61,49.63,22.86,0.4650,1.04,5.19
38,17,47.45,21.88,1,10.61,37.54,249.41,9.87,0.0658,0.54,6.27
38,18,42.20,44.33,4,26.31,19.56,130.25,26.31,0.1915,0.52,0.05
38,19,45.93,14.24,1,18.35,46.07,306.11,17.07,0.1138,1.03,3.89
38,20,35.91,31.68,4,20.55,3.56,34.20,20.55,0.1495,1.05,3.67
38,21,39.80,19.36,1,11.58,42.80,284.36,10.78,0.0719,0.99,5.70
38,22,49.59,13.88,1,27.58,41.50,275.75,25.66,0.1711,1.26,1.00
38,23,36.19,36.51,4,10.43,13.62,91.69,10.43,0.0759,0.80,1.26
38,24,21.16,4.52,0,23.93,5.53,43.87,23.93,1.0000,1.82,4.04
39,0,40.97,7.21,1,8.09,57.84,384.30,7.53,0.0502,0.68,5.29
39,1,20.20,40.27,3,25.91,3.68,34.72,25.91,0.5522,0.96,2.75
39,2,17.90,35.70,3,26.37,3.53,34.03,21.01,0.4478,1.47,2.36
39,3,39.89,9.94,1,12.21,99.52,661.22,11.36,0.0757,1.50,2.57
39,4,40.66,40.29,4,5.33,42.78,284.25,5.33,0.0388,0.80,2.25
39,5,48.06,39.92,4,19.20,14.04,94.37,19.20,0.1397,1.05,5.76
39,6,40.07,14.06,1,9.05,53.70,356.77,8.42,0.0561,0.64,2.30
39,7,42.58,12.71,1,7.81,54.75,363.76,7.27,0.0485,0.62,1.64
39,8,40.71,40.57,4,12.78,39.81,264.46,12.78,0.0930,0.97,2.03
39,9,36.28,32.72,4,22.54,5.95,46.04,22.54,0.1640,0.57,1.47
39,10,42.23,21.56,1,6.52,39.82,264.57,6.06,0.0404,0.74,3.05
39,11,38.62,48.99,4,20.29,11.52,78.52,20.29,0.1476,1.29,4.04
39,12,27.75,35.30,2,20.42,1.12,23.95,18.61,0.3931,1.20,3.44
39,13,39.75,21.90,1,22.15,39.68,263.63,20.61,0.1374,1.08,3.00
39,14,23.54,38.48,2,5.88,-2.09,13.88,5.88,0.1242,1.66,3.29
39,15,43.86,20.30,1,27.25,40.70,270.42,25.36,0.1690,0.56,3.16
39,16,33.06,26.59,2,22.86,6.69,50.03,22.86,0.4827,1.13,5.19
39,17,47.95,21.91,1,10.61,37.26,247.58,9.87,0.0658,0.50,0.07
39,18,42.68,44.50,4,26.31,18.80,125.27,26.31,0.1915,0.50,0.33
39,19,45.44,13.25,1,18.35,47.90,318.24,17.07,0.1138,1.10,4.25
39,20,35.25,30.85,4,20.55,1.22,24.33,20.55,0.1495,1.07,4.04
39,21,40.46,18.67,1,11.58,43.79,290.95,10.78,0.0719,0.96,5.47
39,22,49.96,14.99,1,27.58,40.54,269.33,25.66,0.1711,1.17,1.25
39,23,36.66,37.08,4,10.43,16.10,107.66,10.43,0.0759,0.74,0.89
39,24,20.08,3.00,0,23.93,6.60,49.55,23.93,1.0000,1.87,4.09
40,0,41.38,6.77,1,8.09,55.57,369.18,7.53,0.0502,0.61,5.46
40,1,19.39,40.69,3,25.91,5.21,42.23,25.91,0.4455,0.91,2.66
40,2,16.98,36.87,3,26.37,6.80,50.63,26.37,0.4533,1.48,2.24
40,3,38.34,10.28,1,12.21,65.16,432.90,11.36,0.0757,1.59,2.93
40,4,40.31,40.95,4,5.33,38.52,255.94,5.33,0.0456,0.75,2.05
40,5,48.75,39.25,4,19.20,13.05,88.11,19.20,0.1643,0.96,5.51
40,6,39.59,14.49,1,9.05,52.33,347.70,8.42,0.0561,0.64,2.41
40,7,42.68,13.28,1,7.81,53.13,352.96,7.27,0.0485,0.58,1.39
40,8,40.20,41.37,4,12.78,34.40,228.53,12.78,0.1093,0.95,2.14
40,9,36.20,33.26,4,22.54,6.87,51.03,22.54,0.1929,0.55,1.71
40,10,41.43,21.61,1,6.52,39.90,265.08,6.06,0.0404,0.80,3.07
40,11,37.78,47.98,4,20.29,12.20,82.72,20.29,0.1736,1.32,4.02
40,12,26.74,34.64,2,20.42,2.76,30.59,20.42,0.3199,1.21,3.72
40,13,38.86,22.32,1,22.15,39.17,260.24,20.61,0.1374,0.99,2.70
40,14,21.93,38.48,3,5.88,-0.04,19.86,5.88,0.1011,1.61,3.14
40,15,43.28,20.26,1,27.25,40.97,272.21,25.36,0.1690,0.58,3.21
40,16,33.35,25.56,2,22.86,6.97,51.61,22.86,0.3581,1.06,4.99
40,17,48.45,21.89,1,10.61,37.03,245.99,9.87,0.0658,0.50,6.24
40,18,43.23,44.72,4,26.31,17.89,119.30,26.31,0.2251,0.59,0.38
40,19,45.10,12.11,1,18.35,49.69,330.13,17.07,0.1138,1.19,4.43
40,20,34.71,29.82,2,20.55,0.22,20.75,20.55,0.3220,1.16,4.23
40,21,41.40,18.18,1,11.58,44.38,294.82,10.78,0.0719,1.05,5.80
40,22,50.00,16.01,1,27.58,39.94,265.33,25.66,0.1711,1.10,1.94
40,23,36.93,37.74,4,10.43,18.49,123.23,10.43,0.0892,0.71,1.18
40,24,19.47,1.27,0,23.93,6.84,50.88,23.93,1.0000,1.84,4.38
41,0,41.88,6.30,1,8.09,53.42,354.88,7.53,0.0502,0.68,5.54
41,1,18.53,40.91,3,25.91,6.82,50.79,25.91,0.4455,0.89,2.88
41,2,16.41,38.33,3,26.37,9.72,67.52,26.37,0.4533,1.58,1.94
41,3,36.67,10.32,1,12.21,56.22,373.51,11.36,0.0757,1.67,3.12
41,4,40.12,41.58,4,5.33,32.64,216.85,5.33,0.0456,0.66,1.86
41,5,49.59,38.83,4,19.20,12.05,81.80,19.20,0.1643,0.93,5.82
41,6,39.04,14.76,1,9.05,51.36,341.26,8.42,0.0561,0.62,2.69
41,7,42.90,13.73,1,7.81,51.70,343.51,7.27,0.0485,0.50,1.11
41,8,39.59,42.13,4,12.78,28.52,189.53,12.78,0.1093,0.98,2.25
41,9,35.94,33.83,4,22.54,7.55,54.84,22.54,0.1929,0.63,2.01
41,10,40.57,21.79,1,6.52,39.79,264.35,6.06,0.0404,0.88,2.94
41,11,36.83,47.14,4,20.29,12.41,84.06,20.29,0.1736,1.26,3.87
41,12,25.68,34.20,2,20.42,3.84,35.48,20.42,0.3199,1.15,3.54
41,13,37.91,22.78,1,22.15,38.58,256.34,20.61,0.1374,1.05,2.70
41,14,20.41,38.40,3,5.88,2.17,28.11,5.88,0.1011,1.53,3.19
41,15,42.64,20.27,1,27.25,41.19,273.63,25.36,0.1690,0.64,3.14
41,16,33.51,24.54,2,22.86,7.24,53.11,22.86,0.3581,1.03,4.87
41,17,48.94,21.98,1,10.61,36.70,243.86,9.87,0.0658,0.50,0.19
41,18,43.79,44.81,4,26.31,17.19,114.77,26.31,0.2251,0.57,0.17
41,19,44.60,10.93,1,18.35,51.81,344.21,17.07,0.1138,1.28,4.31
41,20,34.23,28.71,2,20.55,2.45,29.26,20.55,0.3220,1.21,4.31
41,21,42.21,17.47,1,11.58,45.19,300.26,10.78,0.0719,1.07,5.57
41,22,49.45,16.92,1,27.58,39.89,265.01,25.66,0.1711,1.06,2.12
41,23,37.14,38.32,4,10.43,20.63,137.33,10.43,0.0892,0.62,1.24
41,24,19.45,0.00,0,23.93,6.55,49.27,23.93,1.0000,1.79,1.58
42,0,42.25,5.67,1,8.09,51.29,340.74,8.09,0.0582,0.74,5.24
42,1,17.85,41.35,3,25.91,8.24,58.79,25.91,0.4455,0.82,2.57
42,2,15.43,39.65,3,26.37,13.28,89.59,26.37,0.4533,1.64,2.21
42,3,35.08,10.96,1,12.21,50.94,338.42,12.21,0.0878,1.72,2.76
42,4,39.87,42.10,4,5.33,28.99,192.64,5.33,0.0456,0.58,2.03
42,5,50.00,38.76,4,19.20,11.64,79.22,19.20,0.1643,0.90,3.22
42,6,38.48,15.17,1,9.05,50.00,332.17,9.05,0.0651,0.69,2.49
42,7,43.00,14.23,1,7.81,50.51,335.61,7.81,0.0562,0.50,1.39
42,8,39.22,42.97,4,12.78,24.10,160.25,12.78,0.1093,0.92,1.98
42,9,35.89,34.47,4,22.54,8.72,61.59,22.54,0.1929,0.64,1.65
42,10,39.79,21.65,1,6.52,39.95,265.45,6.52,0.0469,0.79,3.32
42,11,35.76,46.50,4,20.29,11.95,81.16,20.29,0.1736,1.25,3.68
42,12,24.64,34.02,2,20.42,4.17,37.06,20.42,0.2375,1.05,3.31
42,13,36.80,23.05,2,22.15,3.46,33.71,22.15,0.2576,1.15,2.90
42,14,18.92,37.84,3,5.88,4.18,37.10,5.88,0.1011,1.59,3.50
42,15,42.05,20.13,1,27.25,41.51,275.82,27.25,0.1960,0.60,3.37
42,16,33.93,23.50,2,22.86,6.93,51.40,22.86,0.2658,1.12,5.09
42,17,49.47,21.92,1,10.61,36.47,242.31,10.61,0.0763,0.52,6.17
42,18,44.27,44.95,4,26.31,16.54,110.51,26.31,0.2251,0.50,0.27
42,19,44.28,9.70,1,18.35,52.98,352.00,18.35,0.1320,1.28,4.46
42,20,33.70,27.66,2,20.55,4.53,38.83,20.55,0.2390,1.17,4.24
42,21,42.74,16.50,1,11.58,46.49,308.84,11.58,0.0833,1.11,5.22
42,22,48.89,17.92,1,27.58,39.67,263.58,27.58,0.1983,1.14,2.08
42,23,37.23,38.87,4,10.43,22.26,148.05,10.43,0.0892,0.56,1.40
42,24,20.05,1.68,0,23.93,6.43,48.65,23.93,1.0000,1.79,1.23
43,0,42.64,4.96,1,8.09,49.30,327.57,8.09,0.0582,0.80,5.22
43,1,17.09,41.60,3,25.91,9.80,67.95,25.91,0.4455,0.79,2.83
43,2,14.40,40.84,3,26.37,16.72,111.67,26.37,0.4533,1.58,2.28
43,3,33.65,11.87,1,12.21,47.33,314.42,12.21,0.0878,1.69,2.57
43,4,39.44,42.60,4,5.33,25.96,172.56,5.33,0.0456,0.65,2.28
43,5,49.05,38.96,4,19.20,12.64,85.49,19.20,0.1643,0.97,2.94
43,6,37.80,15.39,1,9.05,48.99,325.49,9.05,0.0651,0.72,2.83
43,7,43.16,14.72,1,7.81,49.31,327.63,7.81,0.0562,0.52,1.24
43,8,38.82,43.88,4,12.78,20.60,137.14,12.78,0.1093,1.00,1.99
43,9,35.86,35.06,4,22.54,9.87,68.43,22.54,0.1929,0.59,1.61
43,10,39.04,21.39,1,6.52,40.21,267.14,6.52,0.0469,0.80,3.48
43,11,34.87,45.73,4,20.29,11.52,78.48,20.29,0.1736,1.17,3.85
43,12,23.71,33.52,2,20.42,4.76,39.93,20.42,0.2375,1.05,3.63
43,13,35.81,23.61,2,22.15,4.37,38.05,22.15,0.2576,1.13,2.62
43,14,17.53,37.11,3,5.88,6.01,46.36,5.88,0.1011,1.58,3.63
43,15,41.48,20.18,1,27.25,41.58,276.24,27.25,0.1960,0.58,3.06
43,16,33.92,22.39,2,22.86,7.08,52.22,22.86,0.2658,1.10,4.70
43,17,50.00,22.03,1,10.61,36.12,239.96,10.61,0.0763,0.59,2.96
43,18,44.77,44.92,4,26.31,16.08,107.53,26.31,0.2251,0.50,6.22
43,19,43.96,8.41,1,18.35,53.03,352.33,18.35,0.1320,1.33,4.47
43,20,33.13,26.66,2,20.55,6.51,49.05,20.55,0.2390,1.16,4.19
43,21,43.44,15.74,1,11.58,47.17,313.42,11.58,0.0833,1.03,5.45
43,22,48.60,18.92,1,27.58,39.15,260.10,27.58,0.1983,1.05,1.85
43,23,37.39,39.37,4,10.43,23.90,158.93,10.43,0.0892,0.52,1.26
43,24,20.86,3.21,0,23.93,5.86,45.61,23.93,1.0000,1.72,1.08
44,0,42.85,4.11,1,8.09,47.48,315.46,8.09,0.0582,0.88,4.96
44,1,16.28,41.67,3,25.91,11.56,78.77,25.91,0.4455,0.81,3.05
44,2,13.82,42.31,3,26.37,17.54,117.03,26.37,0.4533,1.57,1.95
44,3,32.05,12.63,1,12.21,44.26,294.05,12.21,0.0878,1.77,2.70
44,4,38.89,42.89,4,5.33,23.84,158.49,5.33,0.0456,0.63,2.65
44,5,48.30,39.40,4,19.20,13.62,91.73,19.20,0.1643,0.87,2.61
44,6,37.09,15.42,1,9.05,48.28,320.76,9.05,0.0651,0.71,3.10
44,7,43.49,15.10,1,7.81,48.22,320.38,7.81,0.0562,0.50,0.86
44,8,38.25,44.61,4,12.78,18.09,120.62,12.78,0.1093,0.93,2.23
44,9,36.08,35.70,4,22.54,11.65,79.28,22.54,0.1929,0.68,1.25
44,10,38.31,21.08,1,6.52,40.46,268.80,6.52,0.0469,0.79,3.54
44,11,34.12,44.81,4,20.29,11.12,76.00,20.29,0.1736,1.19,4.04
44,12,22.96,32.89,2,20.42,5.47,43.56,20.42,0.2375,0.99,3.84
44,13,34.83,23.93,2,22.15,5.53,43.86,22.15,0.2576,1.04,2.83
44,14,16.09,36.53,3,5.88,8.16,58.33,5.88,0.1011,1.55,3.52
44,15,40.98,20.16,1,27.25,41.68,276.95,27.25,0.1960,0.50,3.19
44,16,33.58,21.30,2,22.86,7.42,54.10,22.86,0.2658,1.15,4.41
44,17,49.47,22.05,1,10.61,36.38,241.70,10.61,0.0763,0.53,3.09
44,18,45.32,45.01,4,26.31,15.44,103.38,26.31,0.2251,0.56,0.16
44,19,43.84,7.10,1,18.35,51.48,342.03,18.35,0.1320,1.31,4.62
44,20,32.80,25.62,2,20.55,7.89,56.74,20.55,0.2390,1.09,4.41
44,21,43.93,14.83,1,11.58,48.12,319.71,11.58,0.0833,1.03,5.20
44,22,48.25,19.96,1,27.58,38.59,256.39,27.58,0.1983,1.10,1.89
44,23,37.65,39.91,4,10.43,25.94,172.45,10.43,0.0892,0.61,1.13
44,24,21.99,4.44,0,23.93,4.72,39.74,23.93,1.0000,1.67,0.83
45,0,42.76,3.26,1,8.09,46.07,306.06,8.09,0.0582,0.86,4.61
45,1,15.48,41.73,3,25.91,13.46,90.72,25.91,0.4455,0.80,3.06
45,2,13.25,43.67,3,26.37,16.98,113.41,26.37,0.4533,1.48,1.96
45,3,30.78,13.88,1,12.21,41.94,278.67,12.21,0.0878,1.78,2.36
45,4,38.48,43.26,4,5.33,21.87,145.51,5.33,0.0456,0.55,2.40
45,5,47.55,39.73,4,19.20,14.67,98.42,19.20,0.1643,0.82,2.73
45,6,36.39,15.70,1,9.05,47.07,312.76,9.05,0.0651,0.75,2.76
45,7,43.74,15.61,1,7.81,47.09,312.85,7.81,0.0562,0.57,1.12
45,8,37.57,45.22,4,12.78,16.04,107.26,12.78,0.1093,0.91,2.42
45,9,36.38,36.23,4,22.54,13.45,90.65,22.54,0.1929,0.61,1.05
45,10,37.48,20.96,1,6.52,40.42,268.53,6.52,0.0469,0.84,3.29
45,11,33.24,44.16,4,20.29,9.98,69.08,20.29,0.1736,1.10,3.77
45,12,22.03,32.47,2,20.42,5.48,43.60,20.42,0.2375,1.02,3.57
45,13,33.75,23.91,2,22.15,7.09,52.25,22.15,0.2576,1.07,3.16
45,14,14.61,36.14,3,5.88,10.67,73.28,5.88,0.1011,1.53,3.40
45,15,40.50,20.28,1,27.25,41.57,276.18,27.25,0.1960,0.50,2.89
45,16,33.24,20.30,2,22.86,7.52,54.68,22.86,0.2658,1.06,4.39
45,17,48.95,22.01,1,10.61,36.68,243.71,10.61,0.0763,0.52,3.23
45,18,45.87,45.08,4,26.31,14.84,99.53,26.31,0.2251,0.56,0.12
45,19,43.33,5.83,1,18.35,50.13,333.09,18.35,0.1320,1.37,4.33
45,20,32.41,24.61,2,20.55,9.11,63.87,20.55,0.2390,1.09,4.34
45,21,44.55,14.00,1,11.58,48.47,322.05,11.58,0.0833,1.04,5.36
45,22,48.13,21.06,1,27.58,37.82,251.26,27.58,0.1983,1.11,1.68
45,23,38.12,40.34,4,10.43,28.98,192.60,10.43,0.0892,0.63,0.74
45,24,23.22,5.62,0,23.93,3.29,32.93,23.93,1.0000,1.71,0.76
46,0,42.54,2.50,1,8.09,44.99,298.90,8.09,0.0638,0.79,4.43
46,1,14.72,42.11,3,25.91,15.26,102.21,25.91,0.4455,0.85,2.69
46,2,13.22,45.14,3,26.37,14.73,98.79,26.37,0.4533,1.47,1.59
46,3,29.81,15.46,2,12.21,6.12,46.95,12.21,0.1244,1.85,2.12
46,4,38.16,43.71,4,5.33,20.06,133.59,5.33,0.0456,0.55,2.19
46,5,46.75,40.18,4,19.20,15.93,106.54,19.20,0.1643,0.92,2.63
46,6,35.61,15.98,1,9.05,45.83,304.51,9.05,0.0713,0.83,2.80
46,7,44.13,16.11,1,7.81,45.91,305.01,7.81,0.0616,0.64,0.91
46,8,37.10,46.02,4,12.78,14.19,95.34,12.78,0.1093,0.93,2.11
46,9,36.57,36.77,4,22.54,15.12,101.30,22.54,0.1929,0.57,1.24
46,10,36.84,20.58,1,6.52,40.66,270.12,6.52,0.0514,0.74,3.68
46,11,32.17,43.73,4,20.29,8.28,59.01,20.29,0.1736,1.15,3.52
46,12,21.03,32.23,2,20.42,4.82,40.25,20.42,0.2080,1.03,3.38
46,13,32.65,24.19,2,22.15,8.81,62.11,22.15,0.2256,1.14,2.89
46,14,13.31,35.22,3,5.88,11.30,77.13,5.88,0.1011,1.59,3.76
46,15,40.06,20.52,1,27.25,41.29,274.32,27.25,0.2148,0.50,2.65
46,16,33.23,19.32,2,22.86,7.12,52.43,22.86,0.2328,0.98,4.70
46,17,48.41,21.98,1,10.61,36.98,245.73,10.61,0.0836,0.55,3.20
46,18,46.40,45.22,4,26.31,14.23,95.61,26.31,0.2251,0.55,0.26
46,19,43.07,4.40,1,18.35,47.78,317.44,18.35,0.1447,1.46,4.53
46,20,32.32,23.61,2,20.55,9.49,66.14,20.55,0.2093,1.00,4.62
46,21,45.21,13.07,1,11.58,48.51,322.29,11.58,0.0913,1.14,5.32
46,22,48.36,22.05,1,27.58,36.95,245.53,27.58,0.2174,1.02,1.34
46,23,38.52,40.82,4,10.43,30.90,205.31,10.43,0.0892,0.63,0.88
46,24,24.45,6.84,0,23.93,1.71,26.25,23.93,1.0000,1.73,0.78
47,0,42.54,1.63,1,8.09,43.70,290.32,6.99,0.0466,0.87,4.71
47,1,13.84,42.18,3,25.91,17.61,117.52,25.91,0.4455,0.88,3.06
47,2,12.98,46.52,3,26.37,13.08,88.27,26.37,0.4533,1.40,1.75
47,3,28.78,17.03,2,12.21,8.17,58.39,12.21,0.1621,1.88,2.15
47,4,38.00,44.18,4,5.33,18.68,124.51,5.33,0.0456,0.50,1.90
47,5,45.99,40.85,4,19.20,17.21,114.89,19.20,0.1643,1.01,2.41
47,6,35.01,16.40,1,9.05,44.67,296.75,7.82,0.0521,0.73,2.53
47,7,44.45,16.64,1,7.81,44.87,298.14,6.75,0.0450,0.61,1.03
47,8,36.32,46.61,4,12.78,12.50,84.65,12.78,0.1093,0.97,2.49
47,9,36.61,37.33,4,22.54,16.55,110.59,22.54,0.1929,0.57,1.49
47,10,36.31,20.05,1,6.52,41.05,272.76,5.63,0.0375,0.74,3.92
47,11,31.11,43.18,4,20.29,6.57,49.42,20.29,0.1736,1.19,3.62
47,12,20.09,31.92,2,20.42,4.11,36.79,20.42,0.2711,1.00,3.46
47,13,31.61,24.79,2,22.15,10.61,72.87,22.15,0.2940,1.20,2.62
47,14,11.89,34.69,3,5.88,12.18,82.61,5.88,0.1011,1.52,3.50
47,15,39.71,20.88,1,27.25,40.84,271.36,23.54,0.1569,0.50,2.33
47,16,33.31,18.31,1,22.86,41.11,273.10,19.75,0.1316,1.02,4.79
47,17,47.82,21.90,1,10.61,37.34,248.10,9.17,0.0611,0.60,3.27
47,18,46.90,45.27,4,26.31,13.75,92.52,26.31,0.2251,0.50,0.10
47,19,42.90,2.93,1,18.35,45.45,301.95,15.85,0.1057,1.48,4.60
47,20,32.02,22.73,2,20.55,9.96,68.94,20.55,0.2728,0.93,4.38
47,21,46.11,12.29,1,11.58,47.51,315.65,10.01,0.0667,1.19,5.57
47,22,48.55,23.00,1,27.58,36.18,240.41,23.83,0.1589,0.97,1.38
47,23,38.82,41.40,4,10.43,30.21,200.77,10.43,0.0892,0.65,1.09
47,24,25.47,8.24,1,23.93,36.98,245.69,20.67,0.1378,1.73,0.94
48,0,42.68,0.80,1,8.09,42.51,282.41,6.99,0.0466,0.84,4.88
48,1,12.90,42.31,3,25.91,20.26,134.90,25.91,0.4455,0.95,3.01
48,2,12.42,47.74,3,26.37,12.01,81.57,26.37,0.4533,1.34,2.00
48,3,27.29,18.17,2,12.21,10.26,70.78,12.21,0.1621,1.87,2.49
48,4,37.74,44.61,4,5.33,17.40,116.11,5.33,0.0456,0.50,2.11
48,5,45.41,41.71,4,19.20,18.02,120.19,19.20,0.1643,1.04,2.16
48,6,34.43,16.71,1,9.05,43.73,290.54,7.82,0.0521,0.66,2.66
48,7,44.68,17.23,1,7.81,43.89,291.61,6.75,0.0450,0.64,1.19
48,8,35.80,47.39,4,12.78,11.06,75.66,12.78,0.1093,0.94,2.16
48,9,36.64,37.83,4,22.54,17.76,118.47,22.54,0.1929,0.50,1.51
48,10,35.62,19.62,1,6.52,41.23,273.90,5.63,0.0375,0.82,3.70
48,11,30.29,42.26,4,20.29,5.19,42.12,20.29,0.1736,1.22,3.98
48,12,19.24,31.60,2,20.42,3.41,33.48,20.42,0.2711,0.90,3.50
48,13,30.45,25.01,2,22.15,13.14,88.64,22.15,0.2940,1.19,2.95
48,14,10.75,33.74,3,5.88,10.88,74.54,5.88,0.1011,1.48,3.84
48,15,39.31,21.23,1,27.25,40.42,268.52,23.54,0.1569,0.53,2.43
48,16,33.67,17.37,1,22.86,42.32,281.19,19.75,0.1316,1.01,5.08
48,17,47.27,21.98,1,10.61,37.55,249.46,9.17,0.0611,0.55,2.99
48,18,47.47,45.43,4,26.31,13.15,88.74,26.31,0.2251,0.59,0.27
48,19,42.93,1.51,1,18.35,43.35,287.99,15.85,0.1057,1.42,4.73
48,20,31.81,21.84,2,20.55,10.00,69.21,20.55,0.2728,0.92,4.49
48,21,47.21,11.80,1,11.58,45.82,304.40,10.01,0.0667,1.20,5.86
48,22,48.91,23.92,1,27.58,35.40,235.20,23.83,0.1589,0.99,1.20
48,23,38.97,41.93,4,10.43,28.09,186.67,10.43,0.0892,0.56,1.30
48,24,26.46,9.61,1,23.93,38.00,252.44,20.67,0.1378,1.69,0.94
49,0,42.88,0.01,1,8.09,41.44,275.35,6.99,0.0466,0.81,4.96
49,1,12.15,42.74,3,25.91,21.47,142.84,25.91,0.4455,0.86,2.62
49,2,11.55,48.66,3,26.37,11.46,78.12,26.37,0.4533,1.26,2.32
49,3,25.97,19.38,2,12.21,12.86,86.90,12.21,0.1621,1.79,2.40
49,4,37.59,45.09,4,5.33,16.29,108.91,5.33,0.0456,0.50,1.87
49,5,44.79,42.58,4,19.20,18.54,123.61,19.20,0.1643,1.06,2.19
49,6,33.95,17.12,1,9.05,42.83,284.56,7.82,0.0521,0.63,2.43
49,7,45.05,17.77,1,7.81,42.94,285.28,6.75,0.0450,0.65,0.97
49,8,35.47,48.35,4,12.78,9.80,68.01,12.78,0.1093,1.02,1.91
49,9,36.81,38.37,4,22.54,19.49,129.79,22.54,0.1929,0.57,1.27
49,10,35.08,18.98,1,6.52,41.64,276.65,5.63,0.0375,0.84,4.01
49,11,29.22,41.72,4,20.29,3.38,33.34,20.29,0.1736,1.20,3.61
49,12,18.35,31.37,2,20.42,2.38,28.99,20.42,0.2711,0.92,3.39
49,13,29.34,25.34,2,22.15,16.01,107.09,22.15,0.2940,1.16,2.85
49,14,9.40,33.30,3,5.88,10.50,72.22,5.88,0.1011,1.42,3.46
49,15,38.82,21.49,1,27.25,40.07,266.23,23.54,0.1569,0.55,2.64
49,16,34.05,16.51,1,22.86,43.58,289.57,19.75,0.1316,0.94,5.13
49,17,46.77,22.01,1,10.61,37.77,250.91,9.17,0.0611,0.50,3.10
49,18,47.97,45.72,4,26.31,12.57,85.08,26.31,0.2251,0.58,0.53
49,19,43.26,0.05,1,18.35,41.34,274.68,15.85,0.1057,1.50,4.94
49,20,31.34,21.00,2,20.55,10.23,70.59,20.55,0.2728,0.96,4.20
49,21,48.29,11.52,1,11.58,44.17,293.47,10.01,0.0667,1.12,6.03
49,22,48.93,24.98,1,27.58,34.70,230.56,23.83,0.1589,1.06,1.55
49,23,39.14,42.51,4,10.43,25.82,171.64,10.43,0.0892,0.60,1.30
49,24,27.81,10.45,1,23.93,39.36,261.52,20.67,0.1378,1.59,0.56
50,0,42.82,0.00,1,8.09,41.45,275.37,8.09,0.0554,0.85,1.63
50,1,11.47,43.28,3,25.91,21.47,142.82,25.91,0.4455,0.87,2.47
50,2,10.95,49.76,3,26.37,10.52,72.37,26.37,0.4533,1.26,2.07
50,3,24.27,20.19,2,12.21,14.40,96.69,12.21,0.1621,1.88,2.69
50,4,37.60,45.59,4,5.33,15.45,103.43,5.33,0.0369,0.50,1.55
50,5,44.45,43.62,4,19.20,17.98,119.93,19.20,0.1329,1.10,1.89
50,6,33.58,17.73,1,9.05,41.88,278.23,9.05,0.0620,0.72,2.12
50,7,45.62,18.25,1,7.81,41.97,278.83,7.81,0.0535,0.75,0.70
50,8,35.17,49.37,4,12.78,8.68,61.32,12.78,0.0885,1.06,1.86
50,9,36.99,38.85,4,22.54,21.15,140.72,22.54,0.1560,0.51,1.21
50,10,34.70,18.20,1,6.52,42.26,280.76,6.52,0.0446,0.86,4.26
50,11,28.11,41.54,4,20.29,1.65,25.99,20.29,0.1404,1.13,3.30
50,12,17.41,31.23,2,20.42,1.11,23.90,20.42,0.2711,0.94,3.29
50,13,28.37,25.96,2,22.15,18.68,124.47,22.15,0.2940,1.14,2.58
50,14,8.24,32.45,3,5.88,8.86,62.40,5.88,0.1011,1.44,3.78
50,15,38.40,21.76,1,27.25,39.72,263.87,27.25,0.1866,0.50,2.57
50,16,34.28,15.67,1,22.86,44.76,297.35,22.86,0.1565,0.87,4.97
50,17,46.28,21.93,1,10.61,38.05,252.81,10.61,0.0726,0.50,3.28
50,18,48.53,46.08,4,26.31,11.96,81.23,26.31,0.1821,0.66,0.57
50,19,43.69,0.00,1,18.35,41.11,273.16,18.35,0.1256,1.57,1.30
50,20,30.73,20.37,2,20.55,10.54,72.48,20.55,0.2728,0.88,3.94
50,21,49.33,11.51,1,11.58,42.69,283.60,11.58,0.0793,1.03,6.28
50,22,48.68,26.10,4,27.58,3.43,33.60,27.58,0.1909,1.15,1.79
50,23,39.13,43.17,4,10.43,23.26,154.70,10.43,0.0722,0.66,1.57
50,24,29.32,10.84,1,23.93,41.05,272.74,23.93,0.1638,1.56,0.25
51,0,42.97,0.89,1,8.09,42.51,282.41,8.09,0.0591,0.90,1.41
51,1,10.68,43.51,3,25.91,21.81,145.12,25.91,0.4455,0.82,2.85
51,2,10.63,50.00,3,26.37,10.39,71.55,26.37,0.4533,1.17,4.44
51,3,22.94,21.44,2,12.21,16.24,108.57,12.21,0.1447,1.83,2.39
51,4,37.58,46.15,4,5.33,14.53,97.53,5.33,0.0369,0.56,1.62
51,5,43.92,44.65,4,19.20,17.28,115.34,19.20,0.1329,1.16,2.04
51,6,33.14,18.18,2,9.05,6.61,49.61,9.05,0.1072,0.63,2.35
51,7,46.39,18.52,1,7.81,41.13,273.26,7.81,0.0570,0.81,0.34
51,8,35.07,50.00,4,12.78,8.11,58.03,12.78,0.0885,1.10,4.62
51,9,37.17,39.32,4,22.54,22.71,151.05,22.54,0.1560,0.50,1.21
51,10,34.00,17.57,1,6.52,42.40,281.68,6.52,0.0476,0.94,3.87
51,11,27.05,41.68,4,20.29,0.18,20.60,20.29,0.1404,1.07,3.01
51,12,16.52,30.97,2,20.42,0.08,20.26,20.42,0.2420,0.93,3.43
51,13,27.19,26.21,2,22.15,23.00,152.97,22.15,0.2625,1.20,2.93
51,14,6.92,31.76,3,5.88,7.54,54.77,5.88,0.1011,1.48,3.62
51,15,37.89,21.95,1,27.25,39.42,261.93,27.25,0.1989,0.55,2.78
51,16,34.18,14.83,1,22.86,45.58,302.84,22.86,0.1668,0.85,4.60
51,17,45.71,21.84,1,10.61,38.38,255.02,10.61,0.0774,0.57,3.31
51,18,49.24,46.32,4,26.31,11.35,77.46,26.31,0.1821,0.75,0.32
51,19,43.95,1.55,1,18.35,42.85,284.68,18.35,0.1339,1.57,1.40
51,20,30.05,19.98,2,20.55,10.95,75.00,20.55,0.2436,0.78,3.66
51,21,50.00,11.10,1,11.58,41.87,278.16,11.58,0.0845,1.10,3.53
51,22,48.51,27.26,4,27.58,4.26,37.50,27.58,0.1909,1.17,1.72
51,23,39.28,43.82,4,10.43,21.32,141.86,10.43,0.0722,0.67,1.35
51,24,30.76,11.65,1,23.93,42.77,284.17,23.93,0.1747,1.65,0.51
52,0,43.30,1.63,1,8.09,43.32,287.78,8.09,0.0591,0.81,1.14
52,1,9.88,43.63,3,25.91,21.91,145.77,25.91,0.4455,0.81,3.00
52,2,10.39,48.92,3,26.37,11.65,79.29,26.37,0.4533,1.11,4.49
52,3,21.99,23.01,2,12.21,17.75,118.38,12.21,0.1450,1.84,2.12
52,4,37.62,46.68,4,5.33,13.78,92.74,5.33,0.0369,0.54,1.49
52,5,43.20,45.57,4,19.20,16.57,110.73,19.20,0.1329,1.16,2.24
52,6,32.79,18.62,2,9.05,7.15,52.57,9.05,0.1074,0.56,2.24
52,7,47.18,18.52,1,7.81,40.54,269.35,7.81,0.0570,0.79,0.00
52,8,35.33,48.97,4,12.78,9.14,64.07,12.78,0.0885,1.06,4.96
52,9,37.33,39.79,4,22.54,24.09,160.15,22.54,0.1560,0.50,1.23
52,10,33.31,16.82,1,6.52,42.55,282.68,6.52,0.0476,1.02,3.97
52,11,26.10,42.04,4,20.29,-1.02,16.82,20.29,0.1404,1.01,2.78
52,12,15.79,30.56,2,20.42,-0.48,18.45,20.26,0.2405,0.85,3.65
52,13,26.06,26.47,2,22.15,27.14,180.35,22.15,0.2630,1.17,2.91
52,14,5.44,31.52,3,5.88,6.88,51.08,5.88,0.1011,1.51,3.30
52,15,37.34,22.05,1,27.25,39.20,260.47,27.25,0.1989,0.56,2.96
52,16,33.83,14.16,1,22.86,45.80,304.29,22.86,0.1668,0.75,4.24
52,17,45.13,21.88,1,10.61,38.59,256.38,10.61,0.0774,0.58,3.07
52,18,49.90,46.63,4,26.31,10.78,73.96,26.31,0.1821,0.74,0.44
52,19,44.01,3.15,1,18.35,44.95,298.62,18.35,0.1339,1.60,1.53
52,20,29.30,19.54,2,20.55,11.19,76.43,20.55,0.2440,0.87,3.68
52,21,49.04,10.49,1,11.58,43.24,287.25,11.58,0.0845,1.13,3.71
52,22,47.99,28.24,4,27.58,5.03,41.30,27.58,0.1909,1.11,2.06
52,23,39.58,44.34,4,10.43,20.07,133.65,10.43,0.0722,0.60,1.05
52,24,32.03,12.65,1,23.93,44.21,293.73,23.93,0.1747,1.62,0.67
53,0,43.55,2.39,1,8.09,44.23,293.84,8.09,0.0737,0.81,1.26
53,1,8.99,43.66,3,25.91,21.60,143.68,25.91,0.3382,0.90,3.11
53,2,10.46,47.87,3,26.37,12.94,87.43,26.37,0.3442,1.05,4.78
53,3,21.40,24.66,2,12.21,17.55,117.13,12.21,0.1339,1.75,1.92
53,4,37.85,47.18,4,5.33,13.29,89.64,5.33,0.0378,0.55,1.13
53,5,42.45,46.39,4,19.20,15.71,105.12,19.20,0.1362,1.12,2.31
53,6,32.45,19.09,2,9.05,7.74,55.89,9.05,0.0992,0.58,2.19
53,7,47.91,18.30,1,7.81,40.17,266.87,7.81,0.0712,0.76,5.99
53,8,35.32,47.96,4,12.78,10.01,69.27,12.78,0.0906,1.01,4.70
53,9,37.61,40.21,4,22.54,25.77,171.30,22.54,0.1599,0.50,0.99
53,10,32.85,16.00,1,6.52,42.84,284.64,6.52,0.0594,0.94,4.19
53,11,25.22,42.36,4,20.29,-2.12,13.80,16.82,0.1193,0.94,2.79
53,12,15.00,30.45,3,20.42,-0.20,19.34,18.45,0.2408,0.79,3.27
53,13,24.96,26.52,2,22.15,29.34,194.94,22.15,0.2428,1.10,3.10
53,14,4.04,30.88,3,5.88,5.57,44.08,5.88,0.0768,1.54,3.58
53,15,36.82,21.99,2,27.25,3.75,35.04,27.25,0.2988,0.52,3.25
53,16,33.41,13.43,1,22.86,45.81,304.36,22.86,0.2083,0.84,4.18
53,17,44.55,22.13,1,10.61,38.57,256.27,10.61,0.0967,0.63,2.73
53,18,50.00,47.10,4,26.31,10.53,72.38,26.31,0.1866,0.82,2.53
53,19,44.05,4.83,1,18.35,47.43,315.09,18.35,0.1672,1.68,1.55
53,20,28.69,18.93,2,20.55,10.83,74.23,20.55,0.2253,0.86,3.92
53,21,48.14,9.81,1,11.58,44.63,296.51,11.58,0.1055,1.14,3.79
53,22,47.54,29.31,4,27.58,5.98,46.20,27.58,0.1956,1.16,1.97
53,23,39.70,45.03,4,10.43,18.43,122.87,10.43,0.0740,0.70,1.40
53,24,33.08,13.87,1,23.93,44.98,298.82,23.93,0.2180,1.61,0.85
54,0,44.11,3.07,1,8.09,44.75,297.34,8.09,0.0737,0.87,0.88
54,1,8.18,43.54,3,25.91,21.18,140.95,25.91,0.2838,0.81,3.29
54,2,10.53,46.74,3,26.37,14.58,97.85,26.37,0.2888,1.12,4.77
54,3,20.53,26.22,2,12.21,13.95,93.83,12.21,0.1339,1.79,2.08
54,4,38.11,47.60,4,5.33,12.92,87.27,5.33,0.0429,0.50,1.02
54,5,41.85,47.27,4,19.20,14.55,97.65,19.20,0.1546,1.06,2.17
54,6,32.06,19.55,2,9.05,8.40,59.69,9.05,0.0992,0.59,2.27
54,7,48.58,17.77,1,7.81,40.04,266.00,7.81,0.0712,0.86,5.62
54,8,35.60,46.90,4,12.78,11.34,77.36,12.78,0.1029,1.10,4.97
54,9,37.86,40.64,4,22.54,26.94,179.02,22.54,0.1815,0.50,1.05
54,10,32.26,15.15,1,6.52,42.90,285.02,6.52,0.0594,1.03,4.11
54,11,24.35,42.37,3,20.29,-1.56,15.28,13.80,0.1511,0.87,3.13
54,12,14.19,30.16,3,20.42,0.41,21.40,19.34,0.2118,0.87,3.49
54,13,23.91,26.66,2,22.15,25.67,170.60,22.15,0.2428,1.06,3.00
54,14,2.66,30.44,3,5.88,4.61,39.21,5.88,0.0644,1.45,3.45
54,15,36.23,21.98,2,27.25,4.36,37.96,27.25,0.2988,0.59,3.17
54,16,33.18,12.54,1,22.86,46.09,306.21,22.86,0.2083,0.92,4.46
54,17,43.97,22.46,1,10.61,38.45,255.47,10.61,0.0967,0.67,2.63
54,18,49.39,47.74,4,26.31,10.57,72.64,26.31,0.2119,0.89,2.32
54,19,43.76,6.42,1,18.35,50.48,335.41,18.35,0.1672,1.61,1.75
54,20,28.37,18.17,2,20.55,9.89,68.51,20.55,0.2253,0.82,4.31
54,21,47.29,9.03,1,11.58,45.95,305.29,11.58,0.1055,1.15,3.88
54,22,47.43,30.45,4,27.58,7.04,51.99,27.58,0.2221,1.15,1.66
54,23,39.94,45.62,4,10.43,17.27,115.24,10.43,0.0840,0.64,1.18
54,24,33.79,15.27,1,23.93,44.62,296.44,23.93,0.2180,1.56,1.11
55,0,44.77,3.56,1,8.09,44.84,297.88,8.09,0.0737,0.83,0.65
55,1,7.42,43.58,3,25.91,20.07,133.64,25.91,0.2761,0.77,3.09
55,2,10.33,45.55,3,26.37,16.83,112.40,26.37,0.2809,1.21,4.55
55,3,20.11,28.00,2,12.21,10.69,73.38,12.21,0.1339,1.83,1.80
55,4,38.26,48.16,4,5.33,12.31,83.40,5.33,0.0429,0.57,1.32
55,5,41.06,47.83,4,19.20,13.77,92.66,19.20,0.1546,0.97,2.52
55,6,31.79,20.17,2,9.05,9.11,63.86,9.05,0.0992,0.68,1.98
55,7,49.13,17.22,1,7.81,39.97,265.53,7.81,0.0712,0.78,5.50
55,8,35.65,45.76,4,12.78,12.62,85.38,12.78,0.1029,1.14,4.76
55,9,38.15,41.06,4,22.54,27.80,184.73,22.54,0.1815,0.51,0.97
55,10,31.45,14.47,1,6.52,42.41,281.77,6.52,0.0594,1.06,3.84
55,11,23.53,42.10,3,20.29,-0.52,18.31,15.28,0.1628,0.87,3.46
55,12,13.43,29.89,3,20.42,0.89,23.12,20.42,0.2175,0.80,3.48
55,13,22.95,27.21,2,22.15,19.97,132.95,22.15,0.2428,1.11,2.63
55,14,1.23,30.00,3,5.88,3.70,34.82,5.88,0.0627,1.49,3.44
55,15,35.57,21.82,2,27.25,5.10,41.66,27.25,0.2988,0.68,3.37
55,16,32.94,11.57,1,22.86,46.16,306.66,22.86,0.2083,1.00,4.46
55,17,43.56,22.99,1,10.61,38.07,252.92,10.61,0.0967,0.67,2.23
55,18,48.84,48.34,4,26.31,10.55,72.52,26.31,0.2119,0.82,2.32
55,19,43.37,8.06,1,18.35,54.26,360.49,18.35,0.1672,1.69,1.80
55,20,28.36,17.39,2,20.55,8.77,61.87,20.55,0.2253,0.78,4.70
55,21,46.72,8.12,1,11.58,46.62,309.76,11.58,0.1055,1.07,4.16
55,22,47.42,31.61,4,27.58,8.17,58.37,27.58,0.2221,1.16,1.58
55,23,40.04,46.20,4,10.43,16.17,108.11,10.43,0.0840,0.59,1.41
55,24,34.14,16.88,1,23.93,43.26,287.44,23.93,0.2180,1.65,1.36
56,0,45.43,3.90,1,8.09,44.58,296.22,8.09,0.0737,0.73,0.47
56,1,6.71,43.48,3,25.91,19.19,127.81,25.91,0.2675,0.71,3.28
56,2,10.14,44.28,3,26.37,19.89,132.41,26.37,0.2721,1.28,4.56
56,3,20.02,29.82,2,12.21,7.59,55.07,12.21,0.1339,1.82,1.62
56,4,38.26,48.66,4,5.33,11.71,79.67,5.33,0.0429,0.50,1.56
56,5,40.28,48.23,4,19.20,13.11,88.48,19.20,0.1546,0.87,2.67
56,6,31.72,20.82,2,9.05,9.61,66.85,9.05,0.0992,0.65,1.68
56,7,49.61,16.57,1,7.81,39.97,265.54,7.81,0.0712,0.80,5.34
56,8,35.36,44.56,4,12.78,13.48,90.80,12.78,0.1029,1.24,4.48
56,9,38.41,41.48,4,22.54,27.83,184.96,22.54,0.1815,0.50,1.01
56,10,30.62,13.70,1,6.52,41.83,277.94,6.52,0.0594,1.13,3.89
56,11,22.87,41.70,3,20.29,0.26,20.87,18.31,0.1890,0.77,3.69
56,12,12.65,29.65,3,20.42,1.33,24.75,20.42,0.2107,0.82,3.45
56,13,22.23,28.07,2,22.15,15.51,103.83,22.15,0.2428,1.12,2.27
56,14,0.00,29.52,3,5.88,2.87,31.08,5.88,0.0607,1.50,5.96
56,15,35.00,21.45,2,27.25,5.76,45.06,27.25,0.2988,0.68,3.72
56,16,32.93,10.48,1,22.86,46.43,308.46,22.86,0.2083,1.09,4.71
56,17,43.04,23.36,1,10.61,37.84,251.42,10.61,0.0967,0.64,2.52
56,18,48.20,48.81,4,26.31,10.59,72.78,26.31,0.2119,0.79,2.51
56,19,43.46,9.83,1,18.35,55.77,370.55,18.35,0.1672,1.77,1.52
56,20,28.64,16.66,2,20.55,7.74,55.90,20.55,0.2253,0.77,5.08
56,21,46.05,7.32,1,11.58,47.32,314.41,11.58,0.1055,1.04,4.01
56,22,47.67,32.64,4,27.58,9.10,63.79,27.58,0.2221,1.06,1.33
56,23,39.96,46.84,4,10.43,15.05,100.87,10.43,0.0840,0.64,1.68
56,24,34.12,18.44,1,23.93,41.58,276.22,23.93,0.2180,1.56,1.58
