step,client_id,from_ap,to_ap,client_x,client_y
0,0,,4,24.29,6.44
0,1,,3,9.92,13.23
0,2,,5,31.96,23.48
0,3,,5,26.15,23.67
0,4,,5,39.22,35.24
0,5,,4,24.82,19.12
0,6,,3,15.53,26.28
0,7,,4,28.60,19.32
0,8,,5,23.64,23.01
0,9,,5,29.89,26.96
0,10,,2,24.17,44.11
0,11,,1,8.97,36.15
0,12,,0,40.42,11.44
0,13,,2,27.28,40.91
0,14,,5,40.45,30.78
0,15,,3,15.50,24.88
0,16,,3,9.32,11.54
0,17,,4,24.87,7.84
0,18,,4,21.57,10.17
0,19,,4,34.52,17.71
0,20,,2,17.69,40.68
0,21,,3,7.72,12.88
0,22,,4,10.32,6.33
0,23,,0,40.72,11.04
0,24,,2,23.97,44.81
0,25,,3,15.57,22.89
0,26,,5,43.54,27.87
0,27,,1,13.11,35.49
0,28,,4,24.39,5.10
0,29,,5,44.67,26.31
0,30,,1,8.82,42.72
0,31,,1,12.68,40.26
0,32,,5,32.44,34.89
0,33,,5,38.88,38.06
0,34,,5,43.11,39.59
0,35,,5,36.56,41.11
0,36,,5,24.05,22.45
0,37,,1,11.32,37.28
0,38,,3,9.09,11.81
0,39,,2,29.81,39.08
0,40,,0,43.79,11.98
0,41,,5,36.67,32.35
0,42,,0,37.95,19.98
0,43,,5,34.49,37.03
0,44,,3,13.34,27.24
0,45,,3,19.10,25.19
0,46,,0,42.60,17.54
0,47,,4,16.14,13.77
0,48,,5,29.54,36.95
1,7,4,5,30.31,19.77
1,19,4,0,36.39,17.92
1,26,5,0,44.43,28.03
1,29,5,0,46.25,26.64
1,35,5,2,37.45,41.41
1,45,3,2,20.25,25.36
1,48,5,2,30.22,36.83
2,6,3,2,19.28,27.13
2,16,3,4,12.61,11.42
2,48,2,5,30.96,36.55
3,0,4,0,30.02,5.17
3,1,3,4,15.30,13.39
3,25,3,4,20.65,19.97
3,31,1,2,17.16,41.35
3,34,5,0,47.26,37.59
3,44,3,2,18.85,25.38
4,14,5,0,42.72,30.53
4,15,3,2,22.43,21.33
4,28,4,0,28.12,2.62
5,3,5,0,33.25,20.34
5,15,2,4,23.93,20.01
5,27,1,2,17.10,38.36
5,38,3,4,14.53,13.63
5,44,2,3,20.93,22.11
5,45,2,5,24.75,26.00
6,2,5,0,34.82,22.22
6,36,5,0,31.85,19.85
6,44,3,4,22.26,20.66
7,30,1,2,18.34,46.75
8,4,5,2,44.76,39.98
8,9,5,0,41.30,28.39
8,11,1,2,16.23,32.67
8,32,5,0,42.26,27.34
8,41,5,0,44.07,31.65
8,43,5,0,45.14,34.87
9,5,4,0,30.58,18.09
9,6,2,5,29.97,34.72
9,33,5,0,46.03,36.73
9,34,0,5,43.91,35.65
10,15,4,0,31.94,15.01
10,25,4,0,32.32,12.92
10,29,0,5,41.53,29.29
10,37,1,2,17.21,41.34
12,1,4,0,31.08,19.30
12,17,4,0,30.69,10.11
12,18,4,0,31.77,16.56
13,1,0,5,31.99,21.06
13,7,5,2,34.30,39.27
13,20,2,5,27.64,33.32
13,27,2,1,16.87,45.41
14,6,5,2,36.61,40.45
14,9,0,5,45.27,35.50
14,16,4,5,29.06,20.89
14,24,2,0,48.74,40.17
14,44,4,0,31.57,8.73
16,38,4,5,24.32,21.06
17,8,5,0,44.91,33.20
17,9,5,2,44.65,39.90
17,26,0,2,46.94,41.00
17,35,2,0,49.65,46.01
18,19,0,2,48.37,44.73
18,23,0,5,31.08,21.55
18,47,4,0,31.40,15.43
19,22,4,0,30.38,5.61
19,46,0,4,30.23,19.05
20,1,5,0,42.94,29.33
20,33,0,2,47.45,42.29
20,34,5,2,27.08,33.97
20,35,0,2,49.29,47.14
20,46,4,5,29.02,19.88
20,48,5,0,43.77,32.40
21,24,0,5,43.57,32.23
22,29,5,4,26.86,19.76
23,10,2,0,50.00,47.26
23,23,5,2,23.38,27.60
24,10,0,2,48.77,47.36
25,46,5,2,23.47,23.38
26,3,0,5,37.42,25.05
26,19,2,0,47.34,40.25
27,6,2,5,44.49,38.62
27,31,2,0,50.00,46.22
27,45,5,2,43.17,40.06
27,47,0,4,28.84,6.30
28,0,0,5,46.07,38.42
28,7,2,5,45.32,38.93
28,8,0,2,48.01,43.63
28,21,3,2,18.96,25.32
28,31,0,2,48.47,46.72
28,34,2,1,14.87,35.95
28,38,5,0,34.51,21.05
28,41,0,5,42.06,30.07
29,0,5,2,46.11,39.94
29,1,0,2,46.52,41.70
29,7,5,0,46.74,37.78
29,23,2,1,14.33,32.78
29,42,0,4,27.25,4.12
30,14,0,5,42.22,30.30
30,40,0,5,41.85,32.17
31,16,5,2,38.55,40.32
31,33,2,0,49.83,46.62
31,39,2,5,26.39,30.53
32,29,4,3,14.87,14.48
33,4,2,5,46.08,38.34
33,20,5,0,36.60,22.97
34,4,5,0,46.06,37.26
34,15,0,4,28.69,5.54
34,36,0,4,29.55,11.53
35,3,5,2,28.79,35.84
35,6,5,0,39.45,24.55
35,24,5,2,23.19,22.46
35,30,2,0,49.02,45.01
35,40,5,2,37.71,40.86
36,19,0,5,37.83,25.57
37,11,2,0,50.00,48.30
37,24,2,3,20.00,21.33
37,39,5,4,27.50,20.07
38,11,0,2,48.48,48.61
38,30,0,2,49.46,47.30
39,29,3,4,9.56,8.61
39,33,0,5,45.95,38.02
39,42,4,3,11.90,11.53
40,12,0,4,26.64,1.61
40,46,2,1,16.57,39.30
41,8,2,0,48.64,43.46
41,48,0,5,40.79,28.98
42,0,2,0,47.69,40.96
43,13,2,5,32.61,38.03
43,18,0,4,29.80,11.74
43,36,4,3,17.60,18.22
44,19,5,2,23.41,21.96
44,25,0,2,48.51,44.55
45,9,2,3,18.60,25.49
45,27,1,3,10.96,27.01
45,39,4,0,29.60,5.32
45,44,0,2,45.93,41.24
45,45,2,5,41.95,39.86
46,19,2,3,19.49,22.52
47,2,0,4,26.93,2.13
47,26,2,1,16.85,43.28
48,6,0,4,29.06,5.02
48,7,0,4,30.46,16.55
48,40,2,5,30.69,36.72
49,1,2,1,16.24,42.55
49,23,1,2,17.33,37.24
49,33,5,0,39.28,26.22
49,34,1,2,17.61,47.98
50,6,4,0,27.70,1.79
50,10,2,5,25.12,29.51
50,46,1,2,17.54,48.55
51,19,3,1,13.27,29.44
51,28,0,4,29.12,5.40
51,46,2,1,17.32,47.10
52,10,5,2,23.75,27.37
52,14,5,2,27.47,34.37
52,16,2,5,38.45,39.27
52,18,4,3,18.91,19.83
52,38,0,4,29.33,5.57
52,39,0,4,29.60,7.32
52,40,5,2,25.73,31.48
53,6,0,4,26.05,1.87
53,15,4,3,0.00,2.03
53,24,3,1,8.36,28.03
53,25,2,0,48.71,42.40
53,30,2,0,47.59,41.05
53,42,3,1,5.79,28.07
53,47,4,5,23.86,21.05
54,15,3,4,1.71,1.74
54,27,3,4,15.40,13.24
54,45,5,0,42.68,29.60
55,7,4,3,18.06,17.43
55,33,0,5,32.06,21.01
55,34,2,1,17.20,43.08
55,39,4,0,31.44,12.37
56,23,2,5,30.17,35.78
56,41,5,2,23.64,27.02
57,10,2,5,23.72,21.51
57,25,0,2,46.87,40.33
57,31,2,5,24.30,25.86
57,44,2,5,40.67,39.38
58,10,5,4,24.08,20.55
58,40,2,3,15.56,28.74
60,24,1,2,17.02,38.27
60,25,2,5,42.23,39.79
61,22,0,4,27.18,3.25
61,31,5,4,26.81,19.98
61,33,5,2,22.54,23.11
62,11,2,1,16.56,38.68
62,21,2,5,32.40,37.67
62,25,5,2,39.01,40.33
63,33,2,3,19.18,23.81
63,42,1,2,17.76,43.22
64,6,4,3,16.68,17.86
64,7,3,1,6.70,27.32
64,18,3,1,1.06,25.17
64,23,5,0,38.62,25.07
64,46,1,3,9.91,27.85
65,13,5,4,24.32,20.30
65,20,0,4,30.15,13.76
65,48,5,2,24.97,30.53
66,10,4,0,31.20,15.84
66,17,0,4,30.32,15.91
66,30,0,5,43.40,33.46
66,31,4,0,32.19,13.95
66,36,3,4,6.19,6.31
67,9,3,4,6.78,6.68
67,14,2,3,18.56,24.83
67,29,4,3,17.37,17.21
67,39,0,5,41.87,31.80
69,1,1,2,17.01,38.44
69,33,3,1,9.72,28.77
69,38,4,5,27.18,20.89
70,44,5,4,25.41,20.64
71,2,4,3,12.98,12.95
72,17,4,5,25.19,21.70
72,28,4,2,22.27,21.51
72,39,5,2,39.26,41.03
73,34,1,3,6.13,26.95
73,41,2,1,16.70,40.50
73,45,0,4,30.49,15.61
74,16,5,2,25.77,32.05
74,29,3,2,20.20,24.57
75,17,5,2,22.98,24.73
75,24,2,1,16.46,38.60
75,36,4,3,3.77,5.46
76,1,2,5,27.05,31.61
76,5,0,4,27.81,2.61
76,14,3,4,18.59,17.10
76,22,4,3,8.60,9.74
76,46,3,4,9.60,8.70
76,47,5,2,44.74,40.36
77,3,2,1,16.64,47.07
77,21,5,0,41.06,27.32
77,27,4,5,27.43,21.27
77,34,3,1,12.65,29.01
77,41,1,2,17.49,45.10
78,15,4,5,24.84,22.13
79,34,1,2,15.79,30.15
79,35,2,5,32.30,37.56
80,7,1,3,15.00,29.04
80,19,1,2,15.54,30.38
80,25,2,1,17.46,48.34
80,44,4,3,11.11,11.34
81,7,3,2,16.32,29.28
81,30,5,2,25.68,31.59
81,40,3,4,4.43,4.95
81,47,2,0,49.27,44.26
82,9,4,0,31.56,15.09
82,24,1,3,10.70,27.86
82,42,2,0,50.00,46.62
83,42,0,2,49.04,45.38
83,47,0,2,49.07,45.50
84,1,5,0,39.79,26.03
84,6,3,4,7.31,6.66
84,11,1,2,15.96,28.62
84,29,2,5,26.59,32.43
84,48,2,1,15.39,31.86
85,11,2,3,16.90,27.21
86,19,2,5,25.40,27.56
86,35,5,2,36.09,39.54
86,39,2,0,47.07,38.92
86,46,4,3,4.11,5.30
87,2,3,1,13.04,29.56
87,20,4,3,10.76,10.39
88,17,2,1,16.55,40.69
88,42,2,5,45.35,38.60
89,9,0,5,37.75,25.13
90,11,3,4,22.00,19.67
90,27,5,2,40.20,41.60
90,30,2,1,15.19,31.24
91,2,1,2,15.94,32.23
91,14,4,0,26.93,0.00
91,18,1,2,16.67,37.69
91,29,5,2,31.83,38.21
91,37,2,5,42.62,39.96
92,28,2,1,17.37,47.43
92,40,4,3,9.32,9.95
92,44,3,4,1.45,1.31
94,5,4,3,13.32,13.07
95,15,5,2,41.89,40.16
95,36,3,1,4.89,26.92
96,11,4,0,31.21,12.46
96,16,2,3,15.14,28.79
97,3,1,3,2.37,24.55
97,38,5,2,31.96,38.45
97,42,5,0,40.29,26.40
98,18,2,5,28.45,32.18
98,31,0,4,27.96,3.30
99,1,0,5,37.04,24.57
99,9,5,2,44.65,39.72
99,19,5,0,46.25,35.81
100,15,2,0,49.18,43.67
100,23,0,5,38.53,26.34
100,27,2,0,47.53,40.87
100,33,1,3,2.77,25.62
100,46,3,1,2.05,27.11
101,2,2,1,17.09,42.55
101,22,3,2,17.49,27.79
101,30,1,3,3.09,25.53
102,15,0,2,48.41,43.37
103,9,2,0,49.09,43.81
103,40,3,1,8.41,29.00
103,43,0,5,41.32,29.95
104,13,4,3,0.95,3.19
104,26,1,3,8.82,27.76
105,6,4,0,31.10,8.58
105,9,0,2,48.93,45.84
105,19,0,2,48.53,44.18
106,32,0,4,29.67,8.94
106,34,2,5,40.01,39.38
106,36,1,2,15.70,30.18
106,41,2,5,25.21,28.47
106,45,4,3,7.70,7.96
107,8,0,5,42.85,31.20
107,18,5,0,43.33,31.48
108,24,3,1,11.40,28.71
108,35,2,0,49.01,43.82
109,1,5,2,36.91,40.38
109,5,3,1,10.68,28.97
109,15,2,5,37.97,39.40
109,23,5,2,35.54,39.35
110,3,3,4,12.56,10.31
110,10,0,4,29.23,6.52
111,44,4,0,27.59,2.14
112,19,2,0,49.40,44.92
112,31,4,3,4.42,5.80
112,34,5,0,46.77,36.43
112,35,0,2,48.35,44.29
113,7,2,1,16.71,39.83
114,5,1,2,16.45,32.97
114,8,5,2,45.40,40.43
114,28,1,3,3.68,24.85
114,40,1,2,18.10,44.85
114,43,5,2,29.08,36.85
115,18,0,5,43.14,34.00
116,17,1,2,16.23,35.59
116,26,3,1,2.14,25.90
117,31,3,4,2.53,2.90
117,33,3,4,7.56,7.39
117,42,0,4,28.85,7.46
118,4,0,5,41.91,30.68
118,9,2,5,38.08,39.03
118,25,1,3,4.49,25.23
119,30,3,4,17.58,15.92
119,48,1,2,17.62,47.18
120,15,5,0,35.61,22.19
120,18,5,2,40.24,40.75
120,32,4,2,22.97,21.25
121,0,0,5,38.30,25.93
121,27,0,5,32.56,21.49
121,34,0,2,46.36,40.00
121,41,5,0,38.37,24.38
121,46,1,2,17.61,37.88
122,3,4,0,28.14,1.35
122,32,2,3,20.53,22.45
123,5,2,5,29.01,35.05
124,1,2,0,48.33,41.71
124,17,2,5,27.07,32.88
124,36,2,5,31.45,37.25
124,39,0,4,25.94,0.54
125,43,2,1,15.20,36.04
126,19,0,5,39.57,28.52
127,9,5,0,36.88,22.02
127,13,3,1,0.56,25.51
127,28,3,4,4.88,4.75
128,8,2,5,41.72,39.75
128,16,3,4,7.29,6.84
128,30,4,0,30.44,18.52
128,44,0,5,34.89,22.79
129,27,5,2,24.27,27.73
129,46,2,5,24.25,25.39
130,4,5,2,42.15,40.57
130,21,0,4,30.70,13.83
130,30,0,5,32.39,20.79
130,32,3,1,11.51,29.21
130,42,4,3,14.59,14.96
130,47,2,3,20.21,23.43
131,0,5,2,39.60,40.16
131,25,3,4,9.03,8.42
132,12,4,0,30.73,8.40
132,20,3,4,21.48,20.62
132,46,5,4,25.71,20.15
133,37,5,4,28.82,19.59
134,5,5,0,44.60,31.43
134,14,0,5,44.29,34.79
134,22,2,0,49.23,42.40
134,23,2,5,45.16,38.42
135,7,1,3,4.66,26.13
135,19,5,2,22.89,28.18
135,29,2,1,16.86,43.34
136,2,1,3,9.18,27.06
136,17,5,0,31.85,20.16
136,31,4,0,32.43,13.33
136,39,4,3,7.41,8.10
137,40,2,0,48.90,42.95
138,19,2,3,18.29,25.10
138,22,0,5,46.04,39.20
138,46,4,0,30.84,10.67
139,27,2,1,16.19,40.06
139,33,4,3,10.93,11.11
139,43,1,3,1.81,25.00
139,44,5,2,22.95,25.14
140,40,0,2,47.17,40.98
141,6,0,5,36.35,24.89
141,36,5,0,37.40,24.30
142,11,0,5,44.01,33.71
142,14,5,2,37.69,40.21
142,23,5,0,41.78,28.86
142,30,5,2,31.74,38.34
142,45,3,1,11.72,29.08
143,5,0,5,41.09,30.10
143,17,0,4,30.35,12.24
143,19,3,4,18.58,16.11
143,44,2,3,19.72,23.70
144,38,2,5,29.07,34.90
144,42,3,1,14.13,29.54
145,8,5,4,24.94,19.69
145,15,0,4,28.33,4.64
145,23,0,5,39.09,26.17
145,31,0,5,40.33,28.90
146,42,1,2,15.48,31.76
146,48,2,5,33.59,38.14
147,24,1,3,2.79,24.69
147,26,1,2,17.09,37.28
147,36,0,5,32.19,20.66
147,39,3,1,0.80,26.63
148,16,4,0,27.95,1.13
148,22,5,2,32.54,38.06
149,18,2,3,20.77,21.88
149,20,4,0,31.18,8.43
149,28,4,5,24.01,21.78
149,36,5,0,30.40,19.43
149,43,3,4,15.09,12.76
150,11,5,2,42.15,40.72
150,13,1,2,16.12,35.08
150,36,0,4,29.86,18.58
151,6,5,2,26.26,32.59
151,7,3,4,11.98,10.77
152,5,5,2,25.96,33.20
152,9,0,4,29.51,7.54
152,25,4,0,29.03,3.56
152,31,5,2,39.11,41.57
153,28,5,2,23.92,29.63
153,32,1,3,9.02,27.71
153,35,2,1,15.51,32.08
153,41,0,4,29.59,9.65
154,0,2,5,34.83,38.96
155,15,4,3,12.74,12.42
156,2,3,4,19.98,18.65
156,3,0,4,30.75,13.60
157,22,2,5,25.77,31.06
157,44,3,1,14.08,29.80
158,4,2,5,41.14,39.59
158,10,4,3,19.77,19.88
159,5,2,1,15.65,37.77
159,23,5,2,23.39,28.33
159,28,2,1,16.57,38.53
159,35,1,3,10.70,28.09
160,34,2,1,17.05,47.02
161,10,3,2,20.13,24.48
161,22,5,2,23.80,26.97
163,6,2,1,17.16,43.69
163,9,4,3,19.36,20.64
163,19,4,3,1.63,3.56
163,26,2,5,37.74,39.83
163,30,2,1,16.07,34.88
163,32,3,2,17.49,28.17
164,3,4,3,20.36,19.74
166,1,0,4,26.28,1.07
166,22,2,3,20.89,22.17
166,23,2,3,16.53,27.60
166,24,3,4,3.65,3.84
166,40,2,1,16.10,37.23
167,17,4,2,22.49,21.38
168,7,4,0,27.66,1.89
168,10,2,1,15.97,34.55
168,11,2,0,50.00,46.32
168,15,3,1,0.00,25.50
168,21,4,3,10.57,10.77
168,37,4,3,15.55,15.27
169,4,5,0,45.99,36.46
169,11,0,2,48.92,45.78
169,18,3,4,6.69,6.70
169,46,0,5,43.88,35.41
170,26,5,0,46.68,37.52
170,38,5,0,40.12,27.21
171,36,4,3,9.95,9.65
171,41,4,3,6.70,7.24
172,0,5,0,36.56,22.86
172,8,4,5,28.44,20.36
172,22,3,4,17.62,16.47
172,27,1,2,18.86,46.85
173,2,4,0,30.91,11.03
173,43,4,5,29.46,20.08
173,48,5,2,42.41,40.16
174,13,2,5,28.87,34.84
174,24,4,3,3.03,4.79
174,46,5,2,36.90,40.40
175,9,3,1,0.27,24.98
175,31,2,3,14.72,27.95
176,3,3,1,7.11,28.33
176,42,2,0,50.00,46.65
177,38,0,5,42.32,30.14
177,42,0,2,48.92,45.47
178,19,3,4,21.48,19.45
179,11,2,5,42.99,39.25
179,17,2,1,14.78,31.02
179,37,3,2,16.43,29.20
180,33,3,4,19.46,18.31
180,39,1,3,0.49,23.09
180,42,2,0,48.21,40.83
182,18,4,3,5.64,6.45
182,23,3,1,1.75,25.65
182,43,5,0,40.77,26.79
183,5,1,2,17.75,48.49
183,19,4,0,30.77,18.45
183,37,2,1,15.63,34.68
184,12,0,2,48.57,45.73
184,30,1,2,18.71,48.65
184,47,3,4,9.57,9.25
185,36,3,1,6.05,28.01
186,26,0,5,38.92,26.77
186,35,3,4,20.22,19.37
187,8,5,2,40.63,40.88
188,28,1,3,9.81,26.97
188,45,1,2,16.71,35.93
189,11,5,0,43.22,30.34
189,21,3,1,6.35,27.83
189,25,0,4,29.50,8.56
190,15,1,2,18.38,50.00
190,40,1,2,16.40,31.59
191,34,1,2,15.46,30.93
191,39,3,4,2.69,2.77
192,1,4,0,31.27,16.29
192,8,2,0,49.25,43.96
193,27,2,0,48.06,41.89
194,8,0,2,48.28,43.20
194,24,3,1,11.51,29.60
195,31,3,4,7.34,7.39
196,10,1,2,17.29,43.02
196,23,1,2,16.22,30.67
196,25,4,5,26.89,20.82
196,30,2,5,25.47,29.33
196,39,4,3,2.59,5.82
196,40,2,5,24.60,27.30
196,46,2,0,48.38,39.42
197,34,2,5,25.65,29.57
197,38,5,2,39.96,40.53
197,41,3,2,19.71,24.20
197,43,0,5,37.66,25.20
198,4,0,5,40.60,27.84
199,26,5,2,23.98,27.61
200,3,1,2,17.32,43.10
200,5,2,5,30.07,35.00
200,33,4,0,31.30,13.61
201,30,5,4,26.09,19.78
201,32,2,1,16.89,40.37
202,7,0,4,28.53,5.99
202,8,2,5,35.55,39.21
202,12,2,5,40.47,39.78
202,23,2,5,25.07,29.38
202,40,5,0,30.47,18.71
203,13,5,0,44.72,32.82
203,16,0,4,30.30,10.25
203,34,5,0,32.90,20.88
203,48,2,5,38.33,39.79
204,9,1,2,16.41,31.99
204,22,4,5,25.63,22.12
205,20,0,4,30.39,15.53
205,25,5,2,28.65,35.38
205,28,3,4,13.84,12.13
205,29,1,2,16.59,36.20
206,41,2,1,15.40,33.09
206,43,5,2,22.40,22.45
207,43,2,3,20.85,21.49
208,8,5,2,27.58,34.13
208,26,2,1,15.55,33.81
209,39,3,1,4.92,27.55
210,9,2,5,25.07,27.94
210,10,2,5,33.86,38.10
211,4,5,0,35.91,23.17
211,19,0,4,29.13,8.34
211,22,5,2,26.81,33.00
211,23,5,0,37.46,23.49
212,5,5,0,31.24,19.26
212,37,1,2,16.71,35.78
213,3,2,5,24.58,28.37
213,43,3,4,13.89,12.76
214,6,1,2,16.78,37.85
214,31,4,0,28.57,2.96
215,0,0,4,28.39,4.76
216,28,4,0,27.47,0.00
216,36,1,2,16.23,32.37
216,46,0,4,29.74,9.28
217,8,2,1,15.25,31.33
217,10,5,0,39.08,25.74
218,3,5,2,23.49,22.06
218,7,4,3,8.70,9.21
218,15,2,0,47.85,40.20
218,29,2,5,27.04,32.63
218,32,1,3,8.71,27.33
219,3,2,4,23.20,20.80
219,24,1,2,18.90,46.91
219,48,5,0,41.74,28.43
220,5,0,4,30.51,10.45
220,30,4,3,13.38,13.20
221,1,0,2,48.41,43.99
221,9,5,0,43.59,30.83
221,47,4,5,28.93,20.31
222,13,0,5,44.61,34.23
222,27,0,5,36.93,24.29
223,37,2,3,20.11,23.25
225,25,2,5,32.58,36.88
226,15,0,5,45.76,39.34
226,43,4,3,1.09,3.82
227,35,4,3,15.16,15.29
227,38,2,5,38.53,39.30
227,39,1,2,17.14,42.01
228,24,2,5,29.97,36.22
229,9,0,5,43.83,33.48
229,21,1,2,17.01,38.24
229,23,0,5,34.81,22.65
229,43,3,4,3.12,2.42
230,12,5,2,25.55,31.60
230,13,5,0,42.90,30.92
230,37,3,4,16.29,14.86
230,40,0,4,30.16,8.52
231,7,3,2,20.57,25.51
231,41,1,3,2.98,25.52
231,42,0,5,36.81,25.22
232,22,2,5,39.84,38.82
232,34,0,4,29.15,8.37
233,7,2,5,24.15,25.96
234,3,4,0,28.98,2.82
235,46,4,5,25.21,21.78
236,25,5,0,35.59,22.28
236,30,3,4,12.38,10.79
237,0,4,2,22.76,21.73
237,46,5,2,22.43,24.31
238,10,0,4,30.16,10.36
238,22,5,0,45.09,32.02
238,23,5,2,27.48,34.81
238,24,5,0,35.84,22.29
238,26,1,2,17.75,47.61
238,29,5,0,43.98,32.29
238,38,5,0,39.83,26.02
239,39,2,5,24.10,21.54
239,43,4,3,10.57,10.44
240,19,4,3,3.29,4.29
240,39,5,4,25.22,20.47
240,42,5,2,24.76,32.25
241,5,4,3,7.66,8.57
241,6,2,5,23.64,23.58
241,40,4,3,18.51,19.49
242,9,5,2,24.67,31.24
242,21,2,5,27.73,33.85
242,32,3,4,6.58,6.23
242,34,4,3,20.81,20.46
242,36,2,0,49.96,46.39
243,16,4,3,2.30,3.54
243,27,5,2,34.66,39.02
243,28,0,5,39.96,27.52
243,33,0,4,30.15,8.16
243,44,1,2,16.00,33.17
244,2,0,2,47.26,42.02
244,37,4,0,26.17,0.00
244,46,2,1,16.14,36.00
245,7,5,0,43.23,30.41
245,39,4,0,31.48,16.97
245,40,3,2,18.68,26.10
246,10,4,3,20.94,20.67
246,45,2,5,27.34,33.38
247,14,2,5,35.90,39.15
247,15,5,0,39.26,26.00
247,23,2,3,17.59,26.05
247,37,0,4,28.21,3.51
247,41,3,2,17.07,27.82
248,9,2,3,18.35,25.63
248,30,4,0,26.69,0.00
248,42,2,1,16.60,43.11
250,12,2,1,14.87,29.85
250,40,2,1,15.11,33.75
250,43,3,2,21.96,23.17
250,47,5,2,29.15,36.46
251,20,4,3,5.91,6.78
251,34,3,1,10.38,28.41
252,1,2,1,17.42,49.11
252,12,1,3,14.25,29.06
252,43,2,5,24.90,24.96
253,23,3,4,19.72,18.64
254,7,0,5,44.35,35.51
254,25,0,4,25.75,0.00
254,28,5,2,26.30,33.61
254,36,0,5,42.36,30.45
255,29,0,5,42.78,31.53
255,35,3,4,12.12,10.79
256,6,5,0,31.07,19.48
256,8,1,2,16.20,31.40
256,36,5,0,40.34,27.49
257,24,0,5,36.90,26.01
257,36,0,5,39.07,26.25
258,9,3,4,12.65,11.76
258,19,3,4,13.33,12.11
258,26,2,3,16.70,27.38
258,44,2,3,20.74,22.51
260,21,5,0,37.77,24.79
260,44,3,2,21.58,21.50
261,31,0,2,46.72,39.74
261,36,5,0,34.38,21.78
261,44,2,4,21.97,21.11
262,43,5,0,41.46,27.71
263,34,1,3,4.82,25.84
263,37,4,2,21.88,22.42
264,0,2,1,16.83,43.53
264,7,5,2,26.96,35.48
264,11,0,5,40.42,28.20
264,23,4,0,31.38,16.32
265,5,3,2,16.94,29.13
266,24,5,2,31.50,37.51
266,27,2,5,34.02,38.58
266,33,4,3,14.95,14.79
266,36,0,4,29.75,15.82
266,46,1,2,18.21,41.40
267,2,2,1,16.44,44.62
267,18,3,4,7.15,6.75
267,19,4,3,18.90,18.98
268,25,4,3,17.86,18.06
268,32,4,3,16.36,16.81
269,39,0,5,37.98,25.85
270,5,2,5,24.79,29.14
270,40,1,2,17.17,40.82
271,3,0,5,45.06,36.53
271,7,2,1,16.45,42.35
271,9,4,3,0.00,2.54
271,10,3,4,10.79,9.53
271,26,3,4,14.26,12.91
273,12,3,4,21.16,19.13
273,45,5,0,33.95,21.71
274,19,3,2,17.63,27.51
274,46,2,5,27.40,31.11
275,1,1,3,5.67,26.61
275,3,5,2,42.01,40.52
275,30,0,5,42.82,31.14
275,45,0,5,32.69,21.06
276,42,1,2,18.25,46.14
278,28,2,0,48.08,40.77
278,29,5,2,30.33,36.81
278,31,2,0,47.30,39.54
278,32,3,1,7.49,28.45
279,2,1,3,7.88,26.89
279,27,5,4,28.68,19.11
279,40,2,5,25.90,28.74
280,30,5,2,43.94,40.01
280,39,5,2,23.12,26.14
280,45,5,4,29.31,19.31
281,20,3,4,17.79,16.59
282,24,2,5,32.65,38.05
282,34,3,4,2.99,2.86
282,37,2,1,16.97,46.99
282,46,5,0,39.62,26.59
283,14,5,4,29.75,19.56
283,17,1,2,17.78,44.59
283,43,0,4,29.54,17.14
284,5,5,2,45.06,40.27
284,25,3,1,0.00,24.90
284,39,2,3,19.77,22.21
285,12,4,0,31.59,13.70
285,44,4,0,31.32,14.00
286,5,2,0,47.79,41.66
286,11,5,2,33.57,38.63
286,36,4,3,6.18,7.27
286,40,5,0,33.06,19.96
287,6,0,4,29.57,7.04
287,38,0,5,37.80,25.32
287,41,2,5,32.07,37.17
288,22,0,4,30.68,15.24
288,42,2,5,29.84,35.59
289,2,3,4,16.70,14.60
289,9,3,1,7.15,28.72
290,5,0,2,47.18,44.16
290,33,3,4,3.42,4.25
291,35,4,0,30.63,8.33
291,37,1,2,15.70,30.47
292,8,2,5,26.84,32.75
292,19,2,5,34.47,38.45
292,37,2,3,15.32,28.65
292,43,4,3,16.40,15.79
293,24,5,0,34.97,21.18
294,3,2,1,16.01,45.87
295,1,3,4,8.27,8.10
296,36,3,4,6.28,5.87
296,39,3,4,12.07,10.68
297,10,4,0,32.23,14.71
297,22,4,3,19.28,19.10
297,26,4,3,17.65,18.28
297,30,2,5,38.67,39.54
297,31,0,4,30.54,14.61
298,38,5,2,23.94,29.12
298,41,5,0,44.18,32.71
299,7,1,3,11.41,27.58
299,14,4,3,21.24,21.59
299,19,5,0,46.17,36.44
299,46,0,5,38.90,26.88
300,2,4,0,31.02,7.53
301,14,3,2,20.82,22.87
301,42,5,2,22.81,23.01
302,8,5,4,27.32,19.64
303,42,2,3,20.36,22.90
304,30,5,2,28.52,35.24
304,32,1,2,16.81,35.35
305,18,4,0,31.00,14.26
305,23,0,4,29.02,6.18
305,26,3,1,14.60,29.90
305,31,4,0,28.17,2.53
305,38,2,1,15.25,31.94
305,47,2,1,16.03,35.30
306,19,0,5,42.43,32.43
306,45,4,3,8.10,8.09
307,6,4,3,11.86,11.42
307,34,4,0,32.27,15.06
307,37,3,4,7.17,6.35
308,16,3,1,0.39,25.34
308,26,1,2,16.35,34.38
308,41,0,5,43.26,31.57
309,2,0,4,27.39,3.00
309,31,0,4,27.59,3.22
310,46,5,2,27.35,34.38
311,9,1,2,17.41,39.15
311,14,2,3,15.68,28.57
312,36,4,0,30.87,8.88
314,0,1,2,17.48,44.30
314,5,2,1,14.01,31.82
314,13,0,4,29.32,6.27
314,19,5,2,27.50,35.13
314,37,4,3,0.00,1.77
315,3,1,3,9.38,26.60
316,4,0,4,28.27,4.30
316,15,0,5,31.26,20.44
316,30,2,1,17.45,48.79
316,32,2,4,21.75,20.77
316,43,3,4,20.89,18.70
317,14,3,1,10.89,29.01
317,17,2,1,14.24,30.03
319,9,2,3,17.81,24.76
320,18,0,5,36.91,24.08
320,41,5,2,26.42,33.17
320,42,3,1,0.00,24.69
320,46,2,1,15.20,31.83
320,48,0,2,47.77,42.36
321,1,4,3,6.54,7.36
321,8,4,0,27.23,1.19
321,19,2,1,15.42,39.40
322,2,4,3,11.09,10.85
322,23,4,0,31.41,16.06
322,31,4,5,27.04,20.77
322,33,4,0,30.10,5.43
322,43,4,0,31.56,17.10
323,3,3,4,21.35,19.46
324,9,3,4,18.85,15.93
324,15,5,2,22.42,24.55
324,24,0,4,30.31,13.84
325,7,3,4,6.01,6.23
325,28,0,5,32.05,20.68
326,22,3,2,21.47,23.24
327,39,4,0,30.98,13.25
328,22,2,5,24.49,22.21
328,40,0,4,30.33,11.48
330,29,2,5,25.80,31.29
330,46,1,3,4.00,26.27
331,24,4,2,23.52,21.56
331,28,5,2,23.18,27.03
332,10,0,4,30.19,12.20
332,12,0,4,27.56,3.22
332,22,5,0,30.44,19.39
332,37,3,2,17.75,27.65
333,0,2,5,26.98,32.77
333,17,1,3,3.46,25.78
333,35,0,5,38.83,26.45
334,3,4,0,29.08,1.18
334,39,0,4,30.20,18.95
335,5,1,2,17.65,48.62
335,27,4,2,22.39,21.44
335,44,0,5,42.20,29.98
336,20,4,3,19.24,18.89
336,39,4,5,29.19,20.06
337,10,4,5,25.90,20.93
337,14,1,3,8.33,27.49
337,28,2,1,14.54,34.23
337,31,5,2,32.46,38.99
338,38,1,2,16.12,32.94
339,4,4,3,12.97,12.67
340,10,5,2,23.18,26.13
340,36,0,5,32.00,22.72
341,18,5,2,29.05,36.38
341,27,2,5,24.67,28.45
341,45,3,4,13.21,12.37
343,24,2,1,15.01,34.68
343,32,4,3,9.53,9.84
343,34,0,4,29.68,17.98
343,41,2,5,39.05,39.23
344,17,3,2,15.96,28.46
344,26,2,5,42.24,39.20
345,30,1,3,0.68,24.84
346,9,4,3,12.07,12.18
346,10,2,1,14.83,33.27
346,46,3,4,7.18,5.81
346,48,2,5,33.77,37.71
347,1,3,1,5.72,27.56
347,36,5,2,27.59,35.13
348,2,3,2,18.85,25.77
348,7,4,0,29.36,5.36
348,14,3,2,17.93,26.92
348,34,4,3,21.32,20.92
348,39,5,2,23.29,26.69
348,47,1,3,1.74,25.22
349,35,5,2,26.61,32.99
349,37,2,1,16.55,45.66
350,13,4,3,6.00,6.80
350,38,2,5,28.47,34.22
350,41,5,0,46.19,35.21
350,44,5,2,40.28,40.29
351,22,0,5,41.92,31.73
353,15,2,1,17.31,49.31
353,42,1,2,17.82,50.00
354,0,5,2,45.93,39.85
354,16,1,2,17.83,44.36
355,2,2,5,27.43,33.56
355,14,2,5,24.46,25.14
355,29,5,4,29.17,19.24
355,34,3,1,10.25,28.49
356,31,2,5,34.64,38.20
356,36,2,1,16.26,47.37
356,43,0,5,37.07,24.81
357,12,4,5,26.79,21.06
357,39,2,1,15.16,30.85
358,9,3,1,0.98,25.60
358,20,3,1,7.87,27.75
358,21,0,5,42.55,30.85
358,28,1,2,17.64,50.00
358,40,4,3,10.06,9.91
358,46,4,0,27.50,0.31
359,4,3,1,10.31,28.64
359,22,5,2,35.49,40.39
359,48,5,0,36.32,23.09
360,11,2,5,41.78,39.90
360,27,5,2,38.51,40.05
361,6,3,2,19.14,25.41
362,32,3,1,11.46,29.13
362,34,1,3,1.56,23.97
363,3,0,4,30.11,15.35
364,2,5,2,40.60,40.60
364,17,2,5,37.08,39.62
364,19,1,2,15.86,33.41
364,30,3,4,17.82,15.82
364,43,5,2,25.06,31.96
367,10,1,3,13.60,28.92
368,37,1,3,11.10,27.74
368,41,0,5,36.85,24.37
368,42,2,5,31.83,37.14
369,2,2,0,49.84,42.94
369,3,4,3,20.27,20.26
370,0,2,0,49.27,45.71
370,29,4,0,30.99,11.42
370,38,5,2,44.00,40.07
370,43,2,3,15.39,27.69
371,17,5,0,46.74,35.74
371,31,5,0,34.73,22.13
371,40,3,2,19.09,26.82
372,2,0,2,46.16,42.81
372,21,5,2,44.85,39.80
372,22,2,1,17.06,43.47
372,37,3,2,18.59,26.40
373,25,1,2,16.29,34.37
373,28,2,3,20.45,22.32
374,13,3,4,13.42,12.71
374,34,3,4,3.16,3.52
374,43,3,1,9.00,28.23
375,10,3,4,18.94,15.79
375,26,5,2,25.72,31.33
375,27,2,5,43.25,39.22
375,28,3,4,21.67,18.82
375,30,4,0,31.26,14.33
376,5,2,1,15.59,45.91
376,12,5,0,36.58,23.69
376,24,1,2,17.87,48.33
376,32,1,2,17.71,40.57
376,37,2,5,25.25,28.80
376,39,1,3,3.01,24.88
376,47,3,4,13.47,12.47
377,3,3,1,7.45,28.22
377,16,2,5,30.78,36.73
377,19,2,4,22.21,20.69
377,36,1,2,18.32,46.10
377,42,5,0,38.45,25.18
378,31,0,4,30.69,16.59
379,27,5,0,44.37,32.37
379,34,4,3,4.32,5.37
380,8,0,4,29.05,6.77
380,14,5,2,46.60,39.99
380,17,0,5,43.25,32.53
380,41,5,2,25.91,31.99
381,0,0,5,46.25,38.51
381,11,5,0,41.98,29.15
381,14,2,0,47.88,40.78
383,2,2,5,41.32,38.70
384,46,0,5,43.75,33.64
385,14,0,2,46.76,42.10
385,37,5,2,36.73,40.87
386,17,5,2,41.50,40.26
387,15,1,3,9.21,27.61
388,3,1,3,11.01,27.62
388,39,3,4,10.31,9.81
388,48,0,4,28.64,4.79
389,2,5,0,40.89,27.19
389,26,2,1,15.10,31.01
390,8,4,3,15.88,16.38
390,35,2,5,24.65,28.28
390,41,2,1,16.21,39.84
391,9,1,3,11.11,28.34
391,31,4,0,29.52,4.19
391,38,2,5,36.33,39.41
392,25,2,3,19.74,23.89
392,26,1,3,13.46,28.58
392,43,1,2,17.11,36.72
393,45,4,3,14.49,14.52
393,46,5,2,34.34,39.57
394,17,2,0,49.89,47.54
394,34,3,2,21.89,21.60
395,3,3,4,20.67,18.65
395,47,4,0,30.87,10.14
396,17,0,2,48.58,49.32
396,34,2,5,24.90,21.33
397,5,1,2,17.65,45.99
397,10,4,5,23.87,21.38
397,19,4,0,30.73,7.85
397,37,2,0,48.24,42.79
398,21,2,0,48.90,44.37
399,16,5,0,30.88,19.71
399,27,0,4,29.42,10.20
399,39,4,3,2.84,4.54
400,44,2,0,50.00,48.19
401,8,3,1,0.00,24.74
401,22,1,3,13.98,28.57
401,35,5,0,35.18,22.53
401,44,0,2,48.92,48.78
402,3,4,0,31.52,12.35
402,16,0,4,29.97,18.43
402,38,5,0,41.86,28.25
402,48,4,5,27.97,20.25
403,4,1,2,15.29,30.50
403,25,3,4,15.96,14.21
403,34,5,0,35.68,22.86
405,4,2,3,14.84,27.91
405,6,2,5,38.43,39.93
405,12,0,5,45.68,37.23
406,9,3,4,7.29,6.80
406,14,2,1,16.77,43.95
406,20,1,2,18.19,49.44
407,26,3,4,14.00,12.76
408,12,5,2,45.47,39.51
408,37,0,5,40.02,27.39
408,48,5,0,33.77,21.05
409,42,0,5,31.79,21.61
409,45,3,2,16.59,27.85
410,22,3,4,18.70,17.20
411,9,4,3,0.83,2.73
411,10,5,2,39.10,41.36
411,28,4,0,29.21,4.63
413,9,3,4,1.71,1.99
413,26,4,3,10.01,9.72
413,34,0,5,43.43,31.93
413,37,5,0,33.52,21.29
414,5,2,3,16.37,25.82
414,36,2,5,35.22,39.10
414,46,2,1,17.41,48.62
415,0,5,2,23.97,27.44
415,7,0,4,30.09,18.77
415,18,2,0,48.56,43.57
415,39,3,1,9.20,28.48
415,43,2,0,46.62,38.47
416,13,4,0,30.85,18.83
416,19,0,4,26.54,1.22
416,37,0,4,28.90,18.98
417,4,3,4,14.41,12.92
417,6,5,2,44.52,39.76
417,8,1,2,18.54,48.95
417,16,4,0,30.79,9.89
418,14,1,3,8.92,27.45
418,25,4,0,29.87,4.68
418,30,0,5,35.24,23.00
418,31,0,5,31.00,20.63
419,41,1,2,17.35,44.38
419,45,2,5,25.37,29.46
420,42,5,2,28.28,35.10
421,2,0,4,27.33,3.63
421,22,4,0,29.89,4.11
421,24,2,0,50.00,47.29
422,24,0,2,49.37,47.53
422,27,4,3,0.00,2.05
422,37,4,3,18.96,20.63
422,39,1,2,17.47,37.72
423,10,2,5,45.69,38.94
423,27,3,4,1.62,1.67
423,29,0,4,29.60,7.27
423,30,5,0,31.95,20.23
424,1,1,2,17.82,41.23
424,10,5,0,47.47,38.03
424,13,0,5,36.03,23.46
424,40,2,0,50.00,47.03
425,5,3,4,9.17,8.12
425,15,3,4,7.21,7.09
425,34,5,2,41.38,40.57
425,40,0,2,48.97,47.04
426,0,2,1,14.41,29.73
426,7,4,3,14.89,15.58
426,14,3,4,20.41,17.72
426,21,0,5,39.38,27.28
426,36,5,0,37.26,23.90
426,44,2,1,15.75,40.37
427,30,0,4,30.78,16.51
427,32,2,3,15.36,28.92
428,3,0,5,30.04,19.93
428,45,5,2,28.15,35.48
429,35,0,4,29.91,12.44
429,47,0,5,31.95,22.13
430,48,0,5,40.05,27.48
431,33,0,4,30.84,14.79
432,10,0,5,41.35,29.71
432,20,2,5,33.37,37.93
432,23,0,4,30.69,13.93
433,37,3,1,0.55,26.05
433,41,2,5,29.91,35.68
434,8,2,0,48.89,43.32
434,9,4,5,28.89,19.86
434,17,2,3,19.47,22.23
435,14,4,0,30.31,4.33
435,38,0,4,30.26,8.56
436,21,5,2,29.19,35.93
437,4,4,3,10.11,10.10
437,7,3,1,0.91,26.57
437,8,0,2,46.62,41.95
437,28,0,4,27.85,2.98
437,37,1,3,4.74,25.23
438,3,5,2,29.78,36.81
438,18,0,5,43.08,31.26
438,27,4,0,27.90,0.00
438,39,2,5,37.60,39.80
438,47,5,2,26.80,33.53
439,26,3,4,11.87,10.67
439,43,0,4,30.17,14.68
440,35,4,3,20.79,21.35
441,6,2,0,49.55,46.47
442,35,3,2,20.41,23.32
443,6,0,2,48.95,45.50
443,9,5,2,27.47,34.76
443,10,5,2,23.65,26.22
443,12,2,5,41.14,39.67
443,39,5,0,44.78,33.51
443,42,2,0,50.00,47.73
444,42,0,2,49.20,48.61
444,48,5,2,23.78,27.27
445,2,4,3,0.00,2.34
445,21,2,1,16.26,38.76
445,31,5,0,43.51,31.17
445,37,3,2,17.56,26.86
446,36,0,4,29.86,7.02
447,10,2,3,17.09,26.52
447,13,5,2,39.91,40.55
447,41,5,0,41.39,27.20
448,5,4,5,24.78,20.94
448,25,0,4,29.56,10.43
448,28,4,2,23.57,21.79
449,4,3,4,8.86,7.68
449,7,1,2,17.72,38.74
449,48,2,3,20.27,21.70
450,20,5,0,35.28,21.82
450,37,2,5,24.92,27.83
451,35,2,1,14.78,31.14
451,39,0,5,43.10,31.91
452,12,5,2,35.21,39.94
452,19,4,0,30.85,9.90
452,29,4,3,6.18,6.87
453,1,2,5,29.78,36.08
453,11,0,4,26.20,1.01
453,22,0,4,30.07,16.45
453,44,1,3,14.64,29.29
455,6,2,5,43.52,39.45
455,26,4,0,31.63,19.38
455,36,4,2,22.76,22.74
456,20,0,4,30.73,16.70
456,39,5,2,41.64,40.94
456,44,3,2,18.35,25.87
457,8,2,1,16.10,44.98
457,22,4,5,27.15,20.37
457,44,2,3,19.36,24.53
458,3,2,5,29.00,33.37
458,44,3,2,20.74,23.62
459,10,3,1,0.00,24.67
459,17,3,4,19.06,18.25
459,30,4,3,5.92,7.30
459,43,4,3,15.82,15.66
459,45,2,1,15.65,34.78
459,48,3,4,12.84,11.75
460,10,1,3,1.44,25.13
460,28,2,5,32.52,37.21
460,37,5,0,37.85,24.58
460,40,2,1,17.41,47.37
461,24,2,5,32.07,37.60
461,34,2,0,47.09,40.05
461,38,4,3,0.43,2.81
461,44,2,4,23.78,19.63
461,46,1,3,6.84,26.86
462,9,2,5,30.10,35.22
462,14,0,4,28.98,9.30
462,22,5,2,23.16,25.73
462,27,0,4,30.58,13.44
462,36,2,1,14.11,32.57
463,4,4,0,31.96,12.75
463,5,5,0,45.51,33.09
464,32,3,2,20.60,23.65
465,1,5,2,22.88,23.81
465,33,4,3,13.06,12.58
466,17,4,5,28.68,20.16
466,20,4,3,18.29,17.80
466,28,5,2,43.60,40.00
466,31,0,2,48.76,44.96
466,47,2,5,26.03,31.41
467,1,2,3,21.12,21.98
467,2,3,1,4.39,27.23
467,32,2,5,24.66,24.52
467,43,3,2,15.59,30.81
468,3,5,2,46.12,39.77
468,18,5,2,28.46,34.96
469,7,2,0,49.54,46.83
469,39,2,5,36.50,38.57
470,28,2,0,49.33,45.04
470,30,3,4,4.00,4.14
470,34,0,2,47.29,40.98
470,47,5,2,22.97,26.15
471,3,2,0,48.85,44.48
471,10,3,2,15.83,30.17
471,25,4,3,11.58,12.83
471,27,4,3,16.41,17.69
472,5,0,5,41.76,30.78
472,9,5,0,31.31,20.07
472,14,4,3,9.49,9.69
472,17,5,0,35.99,22.74
472,42,2,1,16.84,39.78
473,28,0,2,49.79,50.00
473,47,2,3,19.28,23.14
474,3,0,2,48.98,49.00
474,34,2,5,44.88,39.13
475,1,3,4,15.70,14.76
475,7,0,5,45.87,37.42
475,46,3,4,10.37,8.89
476,0,1,2,15.48,30.94
476,9,0,4,30.73,14.29
476,24,5,4,28.20,19.65
476,39,5,0,42.73,29.61
476,41,0,4,30.51,10.49
477,11,4,3,14.61,14.39
478,6,5,0,39.64,26.29
478,13,2,0,47.23,40.19
478,28,2,0,48.23,41.26
479,21,1,2,17.56,43.42
479,27,3,1,12.29,28.87
479,48,4,3,14.66,15.16
480,8,1,2,18.37,42.05
480,10,2,5,27.40,33.15
480,29,3,1,1.07,25.32
481,9,4,0,29.90,6.87
481,22,2,1,17.34,48.76
481,25,3,1,9.07,28.01
482,2,1,2,16.29,32.93
482,12,2,3,15.95,27.85
482,26,0,4,30.62,13.03
484,5,5,2,24.68,30.38
484,41,4,3,19.61,19.52
485,4,0,5,36.50,24.20
485,7,5,2,28.90,36.98
485,35,1,2,17.77,43.10
487,41,3,2,19.23,25.03
487,48,3,2,18.44,27.56
488,44,4,3,15.07,15.25
489,36,1,2,18.09,44.54
489,43,2,5,26.97,33.13
490,2,2,5,26.35,32.07
490,4,5,4,30.04,19.29
490,24,4,0,28.04,2.60
490,32,5,2,40.47,40.25
490,46,4,3,11.01,11.73
491,5,2,1,15.19,35.51
491,25,1,2,16.91,36.87
491,38,3,2,19.53,24.50
491,43,5,2,25.17,30.47
491,45,1,2,16.00,30.28
493,0,2,5,24.12,24.08
493,3,2,1,15.81,41.52
493,10,5,2,39.07,40.11
493,41,2,1,15.78,36.07
494,7,2,3,15.98,27.46
494,13,0,5,45.31,35.85
494,14,3,2,21.15,24.01
496,8,2,5,31.32,35.89
497,14,2,5,24.97,26.71
497,18,2,1,17.02,45.36
498,2,5,2,33.35,38.82
498,29,1,3,7.40,27.23
498,46,3,4,18.77,16.80
498,48,2,5,31.20,36.56
499,0,5,4,26.60,20.13
499,43,2,4,21.33,20.26
500,16,0,4,28.30,4.28
500,21,2,5,36.03,38.66
500,26,4,3,1.91,3.20
500,34,5,2,30.61,37.25
500,42,1,3,7.09,27.24
501,38,2,5,27.19,33.26
502,11,3,1,8.75,28.04
502,47,3,1,12.37,29.34
503,9,0,5,34.16,22.13
503,17,0,4,28.08,3.70
503,26,3,4,1.76,2.03
503,45,2,5,27.13,32.57
504,8,5,0,38.94,25.49
504,35,2,5,35.96,39.16
504,36,2,5,35.40,39.14
505,0,4,0,31.41,18.80
505,15,4,3,17.05,16.74
505,20,3,1,14.52,29.60
506,37,0,5,32.72,21.05
506,38,5,2,31.73,38.21
506,46,4,5,28.29,20.34
508,1,4,5,28.24,20.67
508,21,5,0,42.79,29.99
508,44,3,4,16.38,14.12
508,48,5,0,45.62,35.59
510,3,1,3,12.61,27.99
511,4,4,3,8.23,9.53
511,7,3,4,6.54,5.63
511,9,5,2,28.40,35.80
511,27,1,2,15.34,29.10
512,0,0,5,35.18,22.85
512,27,2,3,15.71,27.28
512,35,5,0,47.16,39.35
513,6,0,5,38.25,25.50
513,32,2,0,49.54,45.39
513,33,3,1,5.50,27.18
513,39,0,4,29.35,7.51
513,47,1,2,17.59,45.43
514,3,3,2,19.53,24.67
514,22,1,2,18.37,49.11
514,42,3,2,17.53,27.10
514,46,5,0,38.71,24.57
515,1,5,2,22.69,23.60
515,14,5,0,45.66,33.86
516,44,4,0,30.45,8.78
517,3,2,5,25.04,22.55
517,5,1,3,5.21,26.37
517,30,4,0,30.83,9.23
517,35,0,2,46.65,39.50
517,41,1,2,17.78,40.97
517,45,5,0,40.95,28.24
518,1,2,3,20.13,22.68
518,32,0,2,48.27,43.30
518,35,2,5,44.87,39.31
518,40,1,2,15.46,31.24
518,48,0,5,41.74,31.01
519,7,4,3,3.66,6.48
519,36,5,4,22.34,20.75
520,2,2,5,32.09,37.08
520,17,4,3,4.36,5.87
520,26,4,0,30.47,6.81
520,27,3,4,14.78,13.96
521,3,5,0,32.22,20.03
521,28,0,5,42.11,31.96
521,36,4,3,19.67,19.97
521,47,2,1,16.74,44.16
522,4,3,2,18.55,25.61
522,23,4,0,28.71,3.76
523,12,3,2,21.98,23.10
523,19,0,5,33.35,22.14
524,13,5,0,35.85,22.83
524,38,2,0,48.82,42.55
524,43,4,3,7.44,8.00
525,12,2,5,24.07,24.62
526,4,2,5,25.11,28.07
526,5,3,4,15.48,12.68
526,10,2,0,49.01,44.21
526,48,5,2,35.62,39.82
527,16,4,3,17.00,16.32
527,25,2,5,30.84,36.71
527,32,2,5,44.87,39.60
527,38,0,2,46.93,40.79
527,41,2,5,34.04,38.17
528,6,5,2,27.82,34.61
528,28,5,2,31.28,37.41
528,36,3,4,12.65,11.82
529,10,0,2,48.91,45.36
531,9,2,5,35.20,37.54
531,40,2,5,24.17,24.14
532,18,1,3,6.23,26.44
532,37,5,2,25.92,32.19
533,2,5,2,23.35,25.38
533,17,3,1,1.24,25.76
533,35,5,2,23.57,26.56
534,12,5,0,35.63,22.78
535,4,5,2,34.10,39.35
535,15,3,1,13.09,29.72
535,29,3,2,21.47,21.77
535,36,4,3,4.28,5.75
535,41,5,0,45.87,35.46
536,7,3,2,18.50,26.80
536,35,2,3,17.88,25.22
537,8,0,4,29.31,7.19
537,9,5,0,43.74,31.20
538,2,2,3,18.48,24.68
538,3,0,5,41.39,30.69
538,31,2,3,16.72,27.55
538,43,3,1,13.52,30.58
538,47,1,3,8.87,26.44
539,0,5,2,42.84,40.31
539,28,2,1,17.05,49.97
539,44,0,5,40.96,29.40
540,40,5,0,32.30,19.64
541,5,4,3,15.35,14.73
541,36,3,4,4.55,4.81
542,22,2,0,48.41,42.21
542,34,2,4,22.71,19.71
542,41,0,5,45.35,36.80
542,46,0,4,27.38,2.25
543,6,2,1,16.55,46.55
544,3,5,2,32.06,37.94
544,18,3,2,21.81,21.69
544,27,4,2,23.40,22.20
545,26,0,4,26.59,0.99
545,47,3,4,18.18,16.48
546,18,2,5,24.63,20.93
546,19,5,0,44.85,34.31
546,25,5,0,34.86,21.57
546,44,5,2,33.82,39.72
547,18,5,4,25.92,20.26
547,28,1,2,17.03,38.60
547,38,2,1,15.93,43.86
547,41,5,2,41.03,41.19
548,1,3,4,9.58,9.09
548,5,3,2,16.89,28.34
548,37,2,1,14.83,32.69
549,10,2,5,35.07,38.46
549,18,4,5,28.98,20.12
551,21,0,5,34.38,23.55
551,48,2,3,17.15,26.49
552,11,1,2,16.21,33.94
552,18,5,0,33.57,21.10
552,45,0,4,29.39,8.66
554,3,2,1,16.50,49.44
554,14,0,4,30.67,15.26
554,31,3,4,16.05,14.78
555,7,2,1,17.30,49.22
555,28,2,5,26.42,29.28
556,21,5,4,27.88,19.55
556,26,4,3,10.88,12.83
556,32,5,2,29.95,37.09
556,35,3,4,5.65,5.19
556,36,4,3,14.38,14.04
557,18,0,5,38.99,26.04
557,39,4,0,30.29,5.79
558,2,3,1,0.58,25.02
559,14,4,2,23.41,21.91
559,19,0,5,44.97,36.93
560,22,0,5,41.93,29.94
561,2,1,3,1.97,25.23
561,14,2,3,19.78,23.48
561,17,1,2,16.34,35.66
561,29,2,5,29.92,35.82
561,43,1,2,18.36,47.16
562,28,5,0,37.45,23.24
562,45,4,0,31.22,19.23
562,48,3,4,11.89,10.65
563,36,3,2,18.88,26.19
565,26,3,1,2.65,26.00
566,4,2,1,15.56,38.19
566,20,1,3,11.93,28.56
567,16,3,1,4.41,26.55
567,17,2,5,24.24,27.23
567,18,5,2,39.50,40.74
567,19,5,2,37.66,40.45
567,34,4,3,16.30,15.58
568,26,1,3,1.82,25.39
568,38,1,2,17.71,45.98
568,44,2,3,15.77,26.39
568,47,4,0,31.95,16.09
569,29,5,2,35.93,39.46
569,35,4,3,14.75,15.73
570,8,4,3,1.06,2.50
571,5,2,5,30.55,36.53
571,10,5,0,33.97,21.70
571,17,5,4,25.94,20.55
572,8,3,4,0.00,1.35
573,41,2,5,34.25,38.20
574,3,1,3,0.94,24.20
575,22,5,2,30.10,37.18
575,34,3,2,20.51,24.74
576,0,2,1,17.08,44.63
576,32,2,1,16.79,44.23
576,46,4,3,11.23,11.02
576,48,4,3,8.54,10.12
577,9,0,4,26.73,3.61
577,35,3,2,15.03,29.87
578,26,3,4,15.59,14.42
578,34,2,5,24.36,26.52
578,35,2,1,14.47,31.45
579,23,0,4,26.42,1.64
579,33,1,2,17.59,47.53
580,14,3,4,15.10,13.49
580,21,4,3,6.19,7.64
580,27,2,5,34.76,38.44
580,43,2,0,48.91,40.01
580,46,3,4,16.08,14.37
581,1,4,0,30.97,9.53
581,5,5,0,32.31,19.70
581,15,1,2,17.43,37.74
582,2,3,4,16.60,14.70
582,7,1,2,18.57,44.49
582,17,4,0,28.07,2.90
582,31,4,3,13.02,13.58
584,12,0,5,30.34,19.83
584,43,0,5,44.69,37.25
585,42,2,5,37.52,39.73
586,3,3,4,13.41,11.30
586,17,0,4,27.03,3.05
586,20,3,4,20.55,19.44
586,30,0,5,36.53,23.76
586,41,5,2,45.65,39.56
587,36,2,5,28.27,34.60
588,4,1,2,17.75,48.03
588,5,0,4,30.21,9.02
588,48,3,1,5.14,27.66
589,14,4,0,31.61,16.09
589,38,2,0,50.00,48.62
589,39,0,5,40.41,29.18
589,41,2,0,48.14,41.75
589,46,4,5,28.46,20.48
590,12,5,2,22.20,25.29
590,15,2,5,26.42,32.03
590,16,1,2,15.17,29.71
590,34,5,0,39.57,25.63
590,38,0,2,49.74,50.00
591,9,4,3,3.00,4.76
591,44,3,4,13.22,11.61
592,38,2,0,49.85,47.04
593,12,2,3,17.13,25.98
593,16,2,3,16.73,27.57
593,26,4,3,13.20,13.08
593,31,3,2,22.25,21.65
593,45,0,5,31.20,20.84
594,7,2,5,29.74,35.74
595,2,4,0,29.37,5.61
595,9,3,4,1.05,0.51
595,21,3,1,12.29,29.19
595,28,0,5,42.05,31.00
595,31,2,5,24.47,21.96
595,33,2,5,33.33,37.59
595,41,0,2,48.58,45.60
596,6,1,2,16.90,33.40
596,36,5,4,28.32,18.72
597,12,3,1,10.72,29.00
598,17,4,3,18.49,17.88
598,27,5,0,32.27,20.50
599,23,4,3,0.58,2.27
599,38,0,5,45.62,38.66
599,46,5,0,41.10,27.30
600,39,5,2,26.54,33.45
600,43,5,4,26.21,19.13
601,4,2,5,25.77,30.03
601,19,2,5,26.43,32.00
601,26,3,1,9.62,28.51
602,23,3,4,2.78,3.40
602,28,5,2,35.70,41.12
602,31,5,0,30.67,19.46
602,45,5,2,26.62,33.17
603,15,5,0,41.83,27.85
603,16,3,4,20.03,19.23
604,6,2,5,24.93,27.71
604,18,2,5,23.70,22.97
604,33,5,0,36.37,22.52
606,3,4,5,24.01,21.40
606,5,4,3,16.24,16.72
606,17,3,2,17.97,27.35
606,18,5,4,25.27,20.47
607,4,5,4,27.24,18.96
607,8,4,0,31.60,13.67
607,30,5,2,43.04,40.27
608,3,5,2,23.57,25.36
608,7,5,0,41.54,28.28
608,40,0,5,38.11,25.78
609,13,0,4,29.67,18.69
609,23,4,3,10.80,10.72
609,39,2,1,14.85,31.05
610,18,4,0,31.27,18.51
610,22,2,5,32.98,37.99
611,38,5,0,38.28,25.01
612,19,5,0,36.71,22.72
613,0,1,2,16.73,37.65
614,5,3,1,14.77,30.41
614,8,0,5,33.02,22.13
614,12,1,2,17.24,35.06
614,14,0,5,36.62,25.65
615,5,1,2,15.66,32.20
615,6,5,0,36.47,22.18
615,41,2,5,44.15,39.68
615,44,4,2,23.44,22.48
615,47,0,5,35.92,23.33
616,9,4,0,31.56,17.93
616,36,4,3,2.68,6.00
617,13,4,3,19.78,19.49
618,30,2,0,49.54,45.22
619,16,4,0,30.98,13.25
619,21,1,2,16.76,36.82
619,40,5,2,23.79,29.05
619,41,5,0,45.67,36.19
620,12,2,5,27.52,31.08
620,23,3,2,19.67,26.10
620,42,5,0,32.75,20.41
621,30,0,2,48.36,45.25
622,14,5,2,39.15,40.15
622,43,4,3,19.61,19.45
623,0,2,5,26.93,32.26
623,9,0,5,40.34,27.95
624,48,1,3,1.64,24.46
625,8,5,2,30.97,37.54
625,20,4,3,19.50,19.60
625,43,3,2,19.34,25.34
626,7,0,5,39.46,26.55
626,26,1,2,16.58,37.19
626,40,2,1,14.07,31.61
627,22,5,2,45.59,39.74
627,28,2,1,16.47,39.54
628,12,5,0,40.16,25.52
628,21,2,5,26.97,30.97
628,36,3,4,17.64,16.51
629,13,3,1,10.25,29.67
629,45,2,5,25.41,28.35
629,47,5,2,32.60,38.17
630,4,4,0,32.14,16.38
630,9,5,2,37.35,40.72
631,20,3,2,16.49,28.97
631,22,2,0,48.19,42.38
631,43,2,1,15.23,36.04
632,25,0,4,30.48,13.05
632,26,2,3,17.28,26.19
632,35,1,2,17.71,49.60
634,36,4,5,27.62,22.00
635,3,2,5,35.59,38.37
635,6,0,5,39.90,27.18
635,17,2,3,15.40,27.92
635,34,0,5,40.29,28.74
635,39,1,2,18.54,42.95
636,15,0,4,27.25,2.94
636,18,0,2,46.97,40.48
636,37,1,2,15.80,31.29
636,48,3,4,12.65,11.41
637,0,5,0,46.89,37.09
637,19,0,4,30.63,11.30
637,22,0,2,48.79,46.98
637,45,5,0,34.75,21.11
638,33,0,5,36.02,23.49
639,2,0,5,45.60,36.48
639,5,2,0,48.90,42.71
639,7,5,2,23.19,28.40
639,21,5,0,43.41,30.28
639,24,0,5,31.81,20.51
639,26,3,4,15.92,14.07
639,44,2,5,30.61,36.68
640,25,4,5,28.83,20.94
640,30,2,5,42.02,39.32
641,46,0,4,30.15,8.42
642,0,0,2,45.38,40.21
642,11,2,1,14.89,31.26
642,12,0,5,41.62,30.53
642,14,2,1,15.23,33.06
642,24,5,4,29.28,19.31
643,2,5,2,43.23,40.17
643,5,0,5,45.68,37.84
643,17,3,4,13.86,12.34
644,9,2,1,16.52,44.94
644,34,5,2,34.85,39.10
645,3,5,2,44.01,40.09
645,39,2,5,31.43,36.17
646,6,5,2,42.58,40.38
646,33,5,2,22.85,28.82
647,7,2,1,15.13,32.03
647,14,1,3,7.17,27.27
647,30,5,0,44.14,33.07
648,36,5,2,46.87,39.78
648,44,5,0,33.86,20.12
649,21,0,5,39.33,27.51
649,36,2,0,48.19,41.27
651,12,5,2,35.25,39.54
651,17,4,3,1.92,3.28
651,19,4,3,9.79,10.02
651,28,1,3,8.93,27.48
652,5,5,2,28.78,36.30
652,16,0,5,42.33,30.59
652,18,2,5,36.20,38.86
652,36,0,2,48.84,45.26
652,41,0,2,48.35,43.66
653,17,3,4,1.77,1.81
653,39,5,0,37.53,23.91
654,3,2,0,48.49,43.35
654,4,0,5,44.94,36.60
654,15,4,3,20.09,20.76
654,20,2,5,30.94,36.60
654,33,2,1,17.00,43.26
655,35,2,5,31.99,36.78
655,46,4,3,21.17,21.31
656,8,2,3,17.13,26.87
656,29,2,5,34.68,38.84
656,32,1,3,11.84,28.27
656,46,3,2,21.17,22.66
658,4,5,2,42.63,40.57
658,31,0,5,45.50,37.24
658,38,0,5,31.01,21.21
659,5,2,1,15.90,39.63
659,36,2,0,48.61,42.28
660,9,1,3,4.22,24.58
660,21,5,2,22.92,26.27
660,43,1,2,16.36,30.33
661,3,0,2,49.10,46.48
661,6,2,0,48.86,43.10
661,14,3,4,6.58,4.98
661,31,5,2,43.30,40.54
661,33,1,2,17.37,45.14
662,28,3,4,22.71,21.00
662,48,4,0,31.60,18.31
663,2,2,5,38.36,39.35
663,20,5,0,38.45,24.07
663,23,2,3,18.96,23.58
663,26,4,2,22.05,21.45
663,34,2,5,41.39,39.04
663,37,2,5,28.45,34.23
664,10,0,5,39.10,26.52
664,16,5,2,43.62,40.01
664,19,3,4,7.45,5.87
665,0,2,1,16.16,44.59
665,27,0,5,34.19,22.16
665,48,0,5,34.53,23.14
666,7,1,3,2.01,24.77
666,13,1,3,8.24,26.88
666,15,3,1,8.88,28.17
666,18,5,2,23.63,26.63
666,21,2,1,15.79,33.51
666,43,2,5,26.21,29.76
667,38,5,2,25.08,32.40
668,14,4,3,0.00,1.83
668,17,4,0,29.55,3.54
668,28,4,0,31.69,17.72
668,35,5,2,44.45,40.67
669,14,3,4,1.94,1.48
669,26,2,5,25.90,30.93
669,34,5,0,43.54,31.26
669,42,0,4,28.27,5.09
670,9,3,4,6.93,6.82
670,12,2,5,31.25,36.16
670,18,2,3,19.17,23.35
670,33,2,5,30.70,35.15
671,25,5,2,44.98,40.14
671,29,5,0,43.20,31.17
671,32,3,4,6.23,5.30
671,47,2,3,17.05,26.74
671,48,5,0,43.02,29.49
672,8,3,4,13.37,12.21
672,35,2,0,48.90,42.62
672,40,1,3,15.13,29.07
673,23,3,4,12.09,11.24
674,26,5,2,31.98,37.76
674,38,2,1,15.32,34.92
675,10,5,0,42.69,30.50
675,22,2,1,16.04,40.56
675,35,0,2,47.36,43.42
675,45,0,4,29.48,17.00
676,25,2,0,48.66,42.68
676,43,5,0,42.11,29.53
677,9,4,3,1.42,2.79
677,31,2,0,47.33,40.06
677,44,0,5,38.21,26.03
678,33,5,0,42.29,28.70
679,46,2,1,16.66,46.02
680,4,2,1,16.45,40.20
680,12,5,0,35.69,21.83
680,32,4,3,3.11,5.73
680,38,1,3,10.09,27.46
681,2,5,2,22.69,22.71
682,45,4,3,16.77,17.69
683,24,4,3,10.37,10.83
684,7,3,2,18.52,26.57
684,23,4,3,2.78,4.69
684,34,0,4,29.95,15.53
685,42,4,3,6.19,7.20
686,26,2,0,50.00,46.31
686,37,5,0,43.90,32.15
686,44,5,2,29.52,36.71
687,14,4,0,31.75,14.52
687,15,1,3,13.28,28.48
687,19,4,0,31.96,12.45
687,26,0,2,48.23,46.04
688,43,0,5,37.39,26.39
689,29,0,5,41.89,30.50
689,38,3,4,18.48,17.15
690,17,0,4,30.24,12.04
691,13,3,4,11.99,11.26
691,46,1,3,11.89,28.19
692,0,1,3,12.60,28.63
692,4,1,3,8.44,27.11
692,34,4,3,17.30,16.88
692,39,0,4,30.12,9.79
693,11,1,3,11.58,28.63
693,45,3,1,1.65,26.63
694,3,2,5,38.51,39.89
695,8,4,0,27.98,2.06
695,9,3,2,21.90,21.53
695,18,3,4,5.57,5.73
695,21,1,3,5.04,25.16
695,43,5,2,27.11,35.05
696,2,2,1,15.78,35.24
696,23,3,1,1.79,25.79
696,32,3,1,4.45,27.38
696,47,3,4,2.68,3.39
696,48,0,4,29.40,9.86
697,9,2,5,25.30,21.79
697,17,4,2,21.95,21.31
697,33,0,4,28.84,19.72
697,44,2,1,15.73,34.57
698,5,1,2,17.24,37.84
698,10,0,5,46.30,38.79
698,29,5,2,38.26,40.85
700,9,5,4,30.04,19.09
701,9,4,0,31.06,17.40
701,39,4,3,19.35,18.79
701,46,3,4,11.93,10.71
701,47,4,3,0.96,2.74
702,28,0,4,30.21,9.47
702,41,2,1,16.21,40.10
703,0,3,4,20.26,18.66
703,33,4,3,18.42,18.82
703,36,0,5,40.30,29.44
703,38,4,0,26.62,0.00
704,18,4,3,15.24,15.32
704,42,3,4,15.23,13.95
705,27,5,0,44.86,34.29
705,35,2,5,26.79,32.84
705,37,0,5,43.85,33.07
705,38,0,4,27.71,2.50
705,48,4,3,13.13,12.57
706,5,2,5,25.97,30.70
706,15,3,4,9.93,9.32
706,22,1,2,17.59,42.41
706,26,2,1,16.18,49.53
706,43,2,1,17.47,47.33
708,40,3,4,2.93,3.88
709,20,0,2,47.61,43.44
709,39,3,1,12.78,29.20
710,21,3,4,5.86,6.06
710,29,2,0,50.00,48.17
711,0,4,0,30.91,19.08
711,11,3,4,20.62,19.40
711,18,3,2,19.78,26.05
711,29,0,2,48.70,47.08
711,34,3,4,6.51,6.20
711,36,5,2,41.23,41.23
713,33,3,1,12.29,29.27
714,28,4,3,13.34,14.24
715,31,0,4,29.14,6.30
715,42,4,0,31.36,17.22
716,4,3,4,15.28,13.29
716,14,0,4,29.01,6.47
717,6,0,5,42.37,31.46
717,12,0,4,28.55,6.49
717,18,2,5,26.48,32.27
717,38,4,2,22.92,22.13
717,46,4,0,29.78,6.14
718,1,0,5,43.72,32.54
718,19,0,5,34.83,22.44
718,30,0,5,39.06,26.56
718,35,5,0,34.74,22.28
718,44,1,3,5.64,26.68
719,24,3,1,14.15,29.65
719,39,1,3,1.50,23.87
720,19,5,0,32.49,20.76
720,37,5,2,36.22,40.03
721,5,5,0,44.16,31.32
721,10,5,2,26.11,32.73
721,15,4,3,5.39,6.41
721,16,2,1,17.46,48.11
721,20,2,5,43.52,39.29
722,23,1,3,3.39,25.97
722,24,1,2,15.73,32.40
722,35,0,5,38.78,26.31
722,47,3,1,11.85,28.83
723,19,0,4,30.20,16.98
723,21,4,3,9.57,9.54
724,17,2,5,31.54,35.88
724,33,1,2,17.34,42.18
725,14,4,3,19.70,19.74
725,48,3,4,22.01,20.15
726,3,5,4,25.09,20.62
726,13,4,0,28.64,3.76
726,32,1,3,2.47,23.99
726,45,1,3,0.80,24.91
727,47,1,2,16.05,34.40
727,48,4,5,25.68,20.77
728,7,2,0,49.48,45.07
728,36,2,5,39.30,39.94
729,39,3,4,14.00,11.20
729,43,1,2,18.04,46.54
730,11,4,0,31.05,14.15
730,31,4,3,8.96,10.60
731,18,5,0,44.84,32.12
731,35,5,2,38.61,40.34
732,4,4,0,26.42,0.33
732,5,0,5,42.70,32.67
732,6,5,2,23.77,26.30
732,7,0,2,47.74,42.46
732,17,5,0,40.11,25.49
732,23,3,4,13.90,13.02
733,14,3,1,7.64,29.14
733,19,4,0,27.82,2.47
733,29,2,1,16.91,49.31
734,0,0,5,37.72,25.10
734,10,2,1,16.13,39.45
734,20,5,0,32.56,20.82
735,1,5,2,30.57,37.04
735,6,2,3,19.96,23.63
735,36,5,0,45.40,32.80
736,12,4,3,8.63,8.52
736,19,0,4,26.85,1.34
736,22,2,5,30.84,36.80
736,27,0,4,29.97,17.52
736,28,3,2,21.25,24.30
736,48,5,0,40.97,26.28
737,7,2,5,45.02,39.51
737,20,0,4,29.62,16.61
738,26,1,3,9.20,27.06
738,28,2,5,24.80,24.45
738,43,2,5,30.49,35.23
739,21,3,2,19.20,24.83
739,30,5,0,30.32,19.08
739,32,3,4,3.92,3.45
739,33,2,1,17.08,43.36
739,34,4,5,26.30,21.43
739,39,4,0,27.15,0.26
740,18,0,5,45.89,37.53
740,25,0,4,30.05,11.53
740,30,0,4,30.33,18.58
741,5,5,2,30.94,38.48
741,35,2,0,50.00,47.58
741,38,2,5,27.36,33.19
741,44,3,4,22.01,20.79
741,45,3,4,7.43,6.46
742,0,5,4,25.01,20.34
742,35,0,2,48.72,46.86
742,42,0,5,37.31,25.32
743,18,5,2,42.68,40.23
744,46,0,5,39.77,29.09
745,19,4,0,31.53,13.15
745,20,4,3,16.17,16.71
745,21,2,5,24.22,22.77
745,28,5,0,37.23,24.14
745,31,3,4,14.38,11.49
746,0,4,3,19.05,20.27
746,23,4,0,30.73,19.77
746,43,5,0,32.28,20.58
747,15,3,4,18.34,16.19
747,23,0,5,31.61,20.98
747,26,3,4,16.60,15.66
747,32,4,3,8.25,8.29
748,2,1,2,16.96,40.53
748,21,5,4,25.71,20.46
749,34,5,2,27.92,35.10
749,35,2,5,45.98,37.93
749,36,0,5,42.47,31.50
749,38,5,0,37.75,23.42
749,43,0,4,30.25,15.44
749,44,4,5,26.76,20.39
749,45,4,3,14.41,14.55
750,35,5,0,46.23,36.57
752,13,0,4,30.01,7.55
752,46,5,2,34.23,40.54
752,47,2,1,16.85,42.44
753,9,0,5,38.95,26.60
753,25,4,3,20.60,21.52
754,12,3,1,4.81,27.39
754,20,3,1,1.21,25.49
754,31,4,0,28.81,1.73
754,42,5,2,45.05,39.72
756,3,4,3,4.15,4.98
756,9,5,0,36.11,23.16
756,15,4,0,30.87,11.73
756,42,2,0,47.66,41.20
757,24,2,5,33.27,37.79
757,25,3,2,18.70,25.44
758,25,2,3,17.95,26.22
759,6,3,4,6.46,5.88
759,25,3,2,17.36,27.20
759,29,1,2,18.61,46.63
759,36,5,2,39.58,40.34
759,40,4,0,30.98,16.26
760,0,3,1,1.00,25.41
760,33,1,3,2.68,23.88
760,42,0,2,48.77,44.89
761,14,1,3,6.47,26.58
761,23,5,2,36.90,39.75
761,27,4,3,5.19,6.21
761,44,5,0,33.96,21.14
762,5,2,1,14.90,33.80
762,9,0,4,29.17,18.63
762,18,2,1,16.43,49.83
762,28,0,5,32.59,21.62
762,32,3,2,15.87,30.07
762,45,3,2,17.91,27.03
762,48,0,4,27.25,3.09
763,22,5,0,38.85,25.77
764,25,2,1,14.82,32.64
764,46,2,5,38.68,38.99
765,12,1,2,17.25,37.56
765,21,4,0,26.69,0.65
765,41,1,2,17.05,38.90
766,21,0,4,25.95,0.00
766,39,0,4,26.73,2.40
768,1,2,4,22.97,21.04
768,4,0,5,43.31,33.87
768,28,5,2,21.98,26.52
769,33,3,4,17.18,15.10
769,38,0,4,29.87,9.14
770,14,3,4,14.21,13.30
770,24,5,0,34.33,21.26
770,30,4,0,26.79,0.58
771,28,2,3,16.20,27.11
771,37,2,1,16.63,40.25
772,26,4,3,17.40,17.99
772,43,4,3,19.65,19.10
772,46,5,0,38.46,23.94
773,4,5,2,41.99,40.07
773,27,3,1,0.65,25.92
773,30,0,4,27.30,1.99
774,48,4,3,11.59,12.29
775,28,3,1,9.16,29.66
775,34,2,5,27.97,34.07
775,43,3,2,20.51,24.87
776,6,4,5,27.63,21.76
777,14,4,3,6.00,7.15
777,23,2,1,16.69,48.30
777,26,3,2,19.10,26.66
778,3,3,1,12.68,29.71
778,7,5,2,27.46,34.63
778,31,0,5,32.88,22.78
778,33,4,0,29.49,2.44
778,46,0,4,29.92,17.72
781,5,1,2,18.06,39.04
781,6,5,2,24.32,30.24
781,17,0,2,46.65,39.70
781,21,4,3,16.67,17.38
782,40,0,5,39.71,26.84
783,15,0,4,30.23,18.22
783,33,0,4,29.41,5.76
783,41,2,3,20.59,22.48
783,42,2,5,30.39,36.40
784,31,5,2,23.38,29.09
785,10,1,3,6.33,26.41
785,14,3,4,6.35,6.35
785,15,4,5,27.94,20.22
785,20,1,3,13.62,28.19
785,33,4,0,30.83,9.32
785,41,3,4,21.38,20.56
785,46,4,3,16.59,16.42
786,26,2,1,16.63,42.53
786,29,2,5,40.62,39.44
786,32,2,5,26.29,28.35
787,0,1,2,18.13,47.35
787,18,1,3,14.42,28.78
787,19,0,4,25.33,1.00
787,38,4,3,2.84,4.68
788,15,5,2,23.53,21.72
788,34,5,4,23.60,20.80
789,6,2,1,16.53,42.45
789,31,2,1,14.15,30.94
789,36,2,1,16.03,43.70
789,42,5,2,24.66,30.47
790,16,1,2,15.46,30.32
791,9,4,3,13.10,14.34
791,15,2,3,19.20,23.73
791,21,3,1,6.48,27.27
791,47,1,3,4.45,25.55
792,7,2,1,16.43,42.33
792,8,0,5,42.86,31.35
792,12,2,0,50.00,46.56
792,32,5,0,34.03,20.52
792,38,3,4,4.50,4.63
793,12,0,2,48.46,46.30
793,30,4,3,21.43,21.12
793,35,0,5,36.13,23.81
794,11,0,4,28.35,4.69
794,18,3,4,20.64,18.96
794,34,4,3,17.60,17.83
795,42,2,3,19.54,23.41
796,48,3,2,16.51,28.77
797,15,3,1,10.69,28.87
798,0,2,5,29.13,33.44
798,2,2,5,31.61,37.16
798,17,2,5,39.67,39.87
798,25,1,2,17.46,38.25
798,28,1,2,18.15,39.26
799,1,4,0,29.59,5.50
799,10,3,4,12.45,11.25
799,13,4,3,3.41,4.46
800,4,2,0,49.20,45.10
800,14,4,2,23.48,21.46
800,20,3,4,5.38,5.30
800,23,1,2,17.72,44.73
800,27,1,2,18.55,43.67
801,8,5,2,35.56,40.45
801,14,2,5,24.82,22.20
801,43,2,0,50.00,45.19
802,42,3,4,16.82,14.82
802,43,0,2,48.13,44.48
802,46,3,4,6.19,4.94
803,5,2,5,42.07,39.81
803,9,3,1,0.47,25.56
804,30,3,1,13.07,29.11
804,35,5,2,31.44,37.47
805,19,4,3,5.97,6.97
805,28,2,5,26.33,29.52
805,45,2,5,37.99,39.28
805,48,2,1,17.11,43.14
806,0,5,0,35.17,21.71
806,4,0,2,48.34,43.64
806,43,2,5,42.48,38.96
807,38,4,0,26.63,0.46
808,5,5,0,45.35,33.48
808,21,1,3,14.51,28.49
808,33,0,2,48.87,47.70
808,37,1,2,18.46,46.21
808,39,4,5,29.31,20.05
809,26,1,3,5.01,26.45
809,29,5,4,25.34,19.80
809,34,3,1,2.75,26.44
809,46,4,3,6.38,7.07
810,12,2,5,31.90,37.06
810,24,0,4,30.50,16.26
810,27,2,5,34.82,37.88
810,28,5,4,25.29,20.45
811,6,1,3,2.99,25.84
811,17,5,0,36.60,22.28
811,20,4,3,5.44,6.16
812,40,5,2,23.44,23.31
813,13,3,4,4.86,5.29
813,24,4,5,29.18,20.07
814,3,1,3,7.30,26.58
814,15,1,2,16.91,39.09
814,20,3,4,9.39,9.02
814,47,3,4,14.81,13.55
815,31,1,2,15.55,30.34
816,33,2,0,46.92,39.29
816,40,2,4,22.21,20.57
816,42,4,0,26.77,0.75
817,0,0,4,29.12,5.82
817,27,5,0,44.11,29.89
817,39,5,2,28.81,35.91
818,14,5,2,36.60,40.14
818,21,3,4,18.75,16.80
819,18,4,3,8.84,10.43
819,19,3,4,5.56,5.33
819,26,3,4,17.50,15.88
819,28,4,0,30.02,4.77
820,6,3,2,17.29,27.28
820,23,2,5,37.61,38.69
820,41,4,0,31.26,9.63
820,43,5,4,26.21,20.11
820,44,0,5,35.10,23.13
821,2,5,0,43.39,31.06
821,45,5,0,37.32,23.82
822,12,5,4,27.04,20.23
822,24,5,2,25.64,32.90
822,31,2,4,23.86,20.87
822,36,1,3,0.73,24.94
823,20,4,3,18.57,18.31
823,25,2,0,50.00,47.34
824,8,2,1,16.20,41.24
824,15,2,5,32.53,37.41
824,25,0,2,48.25,46.90
825,32,0,4,30.09,17.74
825,35,2,1,16.61,41.36
825,46,3,4,19.20,16.95
826,4,2,5,38.10,39.83
826,48,1,3,8.66,26.33
827,11,4,3,11.14,11.40
827,16,2,5,38.15,39.77
827,20,3,2,20.04,23.81
827,37,2,5,24.23,26.35
828,7,1,2,16.26,31.94
828,10,4,2,23.52,21.67
828,23,5,0,44.16,32.40
828,31,4,0,32.58,14.57
828,32,4,5,26.45,21.11
830,3,3,4,16.27,14.83
831,21,4,0,30.90,7.01
831,32,5,2,22.57,24.27
831,44,5,2,23.05,23.28
832,0,4,0,30.63,9.16
832,20,2,5,25.15,29.52
833,17,0,4,26.64,3.17
833,44,2,3,20.15,22.88
833,46,4,0,31.92,12.11
834,15,5,0,46.01,35.95
834,39,2,5,31.25,36.51
835,20,5,2,26.90,33.69
835,48,3,4,21.04,18.77
836,27,0,4,29.49,17.12
837,32,2,1,14.12,30.64
838,36,3,4,4.09,4.36
838,42,0,5,43.15,31.67
839,4,5,2,31.78,37.72
839,5,0,4,30.35,13.05
839,41,0,5,40.92,28.76
840,35,1,3,12.16,28.41
840,40,4,0,29.91,5.41
840,43,4,3,1.18,3.51
840,44,3,1,11.25,28.77
841,6,2,0,49.40,42.64
841,9,1,3,1.07,24.02
841,24,2,5,33.40,37.13
841,26,4,3,16.47,16.57
841,39,5,0,40.51,27.46
841,41,5,0,42.58,30.19
841,48,4,0,30.91,19.78
842,10,2,1,15.62,36.68
842,48,0,5,31.88,21.34
843,6,0,2,48.18,43.55
843,15,0,5,43.34,33.39
843,47,4,0,26.68,0.87
844,28,0,5,35.24,23.40
844,42,5,2,36.42,40.88
845,14,2,1,15.28,32.65
845,30,1,2,18.67,45.76
845,34,1,2,16.67,31.05
847,16,5,0,42.52,30.07
847,38,0,5,44.36,35.45
848,1,0,5,33.40,22.26
848,24,5,0,41.55,27.93
848,26,3,1,8.81,28.07
849,3,4,0,26.69,0.11
849,17,4,2,21.93,22.25
849,25,2,1,16.58,42.96
850,13,4,0,31.11,12.12
850,19,4,3,18.25,17.69
850,29,4,0,28.39,2.67
850,37,5,2,43.77,40.43
851,18,3,1,6.99,27.69
851,38,5,2,42.56,40.61
852,3,0,4,27.22,2.15
852,12,4,3,3.36,4.71
852,14,1,3,8.86,27.62
852,20,2,5,31.89,37.22
852,28,5,2,27.97,35.84
852,34,2,5,26.91,31.24
852,44,1,3,3.29,25.59
853,8,1,2,17.09,36.90
853,17,2,5,24.08,26.61
854,9,3,4,16.91,16.10
854,27,4,3,5.92,7.01
855,48,5,2,37.60,40.18
856,11,3,4,4.97,5.30
856,13,0,5,31.12,20.08
856,32,1,2,17.19,36.34
856,42,2,1,16.46,47.69
857,1,5,2,23.14,23.88
858,17,5,2,25.96,31.65
859,28,2,1,16.39,39.64
860,6,2,1,17.29,48.77
860,19,3,2,18.30,26.64
860,21,0,5,43.45,31.96
860,43,3,1,12.90,29.68
861,0,0,5,43.65,33.73
861,1,2,3,18.20,25.34
861,7,2,0,50.00,46.37
861,20,5,2,22.93,24.68
861,30,2,5,30.25,35.65
862,8,2,5,27.56,31.95
862,18,1,3,5.04,25.73
862,27,3,4,3.86,4.53
862,32,2,5,28.82,35.13
862,36,4,0,27.76,2.24
863,20,2,3,19.42,22.76
863,31,0,5,41.99,32.56
863,39,0,4,30.17,9.58
864,9,4,5,29.63,19.66
864,35,3,4,17.43,16.49
864,37,2,5,41.92,39.65
864,45,0,4,30.30,18.09
865,46,0,2,47.93,44.13
866,5,4,3,6.28,6.62
866,7,0,2,47.07,40.08
866,34,5,0,47.27,39.01
867,0,5,2,41.06,41.21
867,7,2,5,46.23,38.87
867,10,1,2,16.56,31.72
867,15,5,2,23.49,22.67
867,21,5,2,39.10,41.40
867,45,4,5,28.01,20.31
868,22,0,4,30.58,16.88
868,24,0,5,29.59,19.76
868,26,1,2,17.05,40.02
869,15,2,4,22.51,21.08
869,30,5,0,39.20,24.75
869,42,1,3,10.75,26.56
869,44,3,4,16.00,14.41
870,3,4,3,19.52,19.43
870,24,5,4,25.79,20.22
870,34,0,2,46.96,40.35
871,13,5,2,39.49,40.09
871,25,1,3,8.72,27.70
871,31,5,2,27.52,35.23
871,32,5,0,44.99,33.50
872,8,5,0,39.01,25.11
872,20,3,1,3.80,27.90
872,24,4,2,21.99,21.36
873,5,3,4,0.00,1.34
873,24,2,3,20.38,22.48
874,45,5,2,24.10,27.10
875,1,3,1,0.85,26.30
875,15,4,3,18.54,18.59
875,18,3,4,15.31,13.36
876,10,2,5,25.17,29.45
876,37,5,0,31.51,19.38
876,42,3,4,22.98,20.72
877,14,3,4,8.88,7.87
877,28,1,2,16.87,39.84
877,37,0,4,30.03,18.08
877,48,2,3,15.80,26.19
878,5,4,3,1.86,4.02
878,25,3,2,17.90,26.61
878,31,2,1,14.75,38.86
879,9,5,2,43.32,40.09
879,27,4,3,13.25,12.85
879,38,2,1,16.96,50.00
880,29,0,5,46.14,37.81
881,24,3,1,6.31,28.25
881,29,5,2,46.43,39.46
881,42,4,0,30.91,16.06
883,3,3,1,6.99,27.55
883,6,1,2,17.11,35.59
883,21,2,1,15.81,48.85
883,25,2,5,23.70,23.60
883,32,0,5,38.85,26.63
883,48,3,1,5.10,28.35
884,0,2,0,48.63,42.60
885,26,2,5,32.07,37.42
885,28,2,5,30.58,36.52
886,7,5,2,23.56,26.77
886,39,4,3,7.41,7.92
886,40,0,5,40.29,27.94
886,43,1,2,17.19,41.24
886,45,2,1,15.63,35.48
887,8,0,5,41.79,31.65
888,13,2,0,48.03,40.35
888,35,4,0,29.78,6.68
889,0,0,2,46.65,39.35
889,9,2,0,50.00,46.06
889,19,2,5,42.44,39.92
889,25,5,4,30.11,19.43
890,0,2,5,45.41,38.80
890,25,4,0,30.94,18.45
890,27,3,1,6.09,27.10
891,1,1,2,17.95,43.43
891,7,2,3,16.24,28.10
892,34,2,1,17.14,46.64
893,18,4,3,7.95,9.56
893,19,5,0,46.72,38.28
893,28,5,0,45.07,34.57
893,32,5,2,26.40,33.96
894,24,1,2,17.17,31.06
894,44,4,0,31.28,14.70
895,7,3,1,10.47,28.60
895,8,5,2,30.99,38.84
895,9,0,5,46.22,38.04
895,14,4,3,16.66,16.62
895,23,0,4,30.18,8.80
895,26,5,0,37.18,23.66
895,29,2,5,39.90,39.86
895,33,0,2,47.20,41.22
895,47,0,5,32.86,21.37
896,12,3,1,13.78,30.05
896,31,1,3,13.92,28.98
897,0,5,2,36.96,39.75
897,11,4,0,31.01,15.45
897,13,0,5,42.31,31.25
897,40,5,2,39.33,40.34
897,46,2,3,20.06,21.76
898,5,3,1,1.76,25.46
898,15,3,4,0.32,0.72
898,20,1,3,6.97,26.66
899,24,2,5,24.31,24.77
899,31,3,2,18.35,26.85
900,17,2,5,35.24,38.98
900,19,0,2,45.95,39.97
900,46,3,4,18.60,16.11
901,1,2,5,36.12,39.21
901,15,4,3,0.61,2.61
901,28,0,5,40.69,30.08
901,48,1,2,17.79,49.12
903,31,2,5,24.16,24.76
903,32,2,1,15.95,38.34
904,14,3,1,9.90,29.45
904,21,1,3,1.32,25.06
904,23,4,0,31.30,13.76
904,36,0,5,31.43,20.85
904,42,0,5,40.80,30.88
905,10,5,0,44.31,32.88
905,24,5,0,35.07,20.87
905,30,0,5,38.66,27.74
906,8,2,1,16.56,46.42
907,1,5,0,46.93,37.38
907,13,5,2,24.65,32.56
907,20,3,4,10.50,9.99
907,29,5,0,33.41,21.26
908,28,5,2,36.00,40.67
909,42,5,2,37.48,39.81
909,43,2,5,39.26,39.94
910,5,1,3,7.26,27.11
910,29,0,4,29.83,17.62
910,46,4,0,30.02,4.45
911,22,4,3,16.05,15.32
911,31,5,0,37.54,24.13
912,6,2,1,16.47,41.60
912,25,0,4,29.77,7.75
912,36,5,2,22.85,21.99
912,39,3,4,21.28,20.07
913,9,5,2,24.15,29.75
913,13,2,1,15.54,37.71
913,34,1,2,17.72,49.25
913,38,1,2,17.77,48.43
914,0,2,1,16.59,43.66
914,1,0,5,42.90,31.15
914,18,3,2,21.34,22.81
914,21,3,4,13.53,12.85
914,30,5,2,22.65,26.46
914,36,2,3,20.66,21.80
916,18,2,5,24.02,25.00
916,37,4,5,28.20,20.94
917,22,3,4,21.02,19.84
917,48,2,3,19.91,23.27
918,27,1,3,11.02,28.29
919,15,3,1,7.42,28.52
919,30,2,3,14.01,28.77
920,9,2,3,15.64,28.08
920,14,1,2,18.50,50.00
920,28,2,5,36.97,38.33
920,39,4,0,32.18,17.03
920,45,1,3,10.00,27.86
921,17,5,4,29.73,18.77
921,22,4,5,25.05,21.10
922,42,2,0,46.94,37.78
922,47,5,2,32.55,38.33
922,48,3,4,17.03,14.20
923,1,5,2,28.42,35.57
923,8,1,3,7.13,25.84
923,20,4,3,17.40,17.11
923,30,3,1,6.43,27.32
923,40,2,1,17.26,44.67
925,24,0,4,29.22,5.85
925,30,1,3,3.07,25.78
925,34,2,5,37.78,38.42
925,43,5,2,23.38,22.35
926,3,1,3,4.22,25.63
926,21,4,0,31.91,9.80
926,28,5,0,42.12,28.52
926,31,0,5,43.33,32.14
926,43,2,4,22.67,20.77
928,37,5,2,35.95,40.00
929,33,2,5,25.12,28.09
930,18,5,2,41.50,40.94
930,34,5,0,45.25,34.15
930,41,0,5,33.44,21.58
931,5,3,4,22.10,20.48
931,13,1,3,9.85,28.20
932,1,2,1,15.45,39.44
932,8,3,4,12.73,12.07
932,15,1,2,18.35,42.11
932,20,3,1,8.20,29.02
932,36,3,4,8.04,6.58
933,22,5,0,35.06,22.00
934,27,3,4,8.84,7.23
934,31,5,2,33.97,40.05
934,45,3,4,10.24,9.72
935,6,1,2,18.08,46.11
935,19,2,1,16.99,48.53
935,46,0,5,41.97,31.30
936,3,3,4,15.05,12.61
936,34,0,2,47.35,40.91
937,7,1,2,16.98,35.18
937,30,3,4,11.06,8.71
938,0,1,3,12.72,27.60
938,29,4,5,27.25,20.90
938,33,5,0,37.69,23.12
939,13,3,4,22.99,20.55
939,17,4,0,26.06,0.00
939,40,1,3,12.31,28.46
940,17,0,4,25.78,1.22
941,2,0,5,45.26,36.90
941,10,0,2,47.77,41.87
941,35,0,4,30.61,10.83
941,46,5,2,36.49,40.03
942,24,4,3,9.12,10.51
942,25,4,3,3.31,5.03
943,15,2,5,32.08,36.63
943,18,2,5,38.44,39.31
943,37,2,5,34.19,38.65
944,16,0,4,30.42,12.41
945,3,4,0,27.75,2.45
945,7,2,5,24.78,27.30
945,9,3,4,4.90,4.85
945,13,4,0,31.91,14.52
945,48,4,0,31.79,14.28
946,31,2,1,17.24,45.79
947,12,1,2,16.27,32.01
947,21,0,5,36.95,24.74
947,38,2,0,48.18,41.47
948,2,5,2,41.69,40.42
948,6,2,5,32.46,37.76
949,0,3,4,11.59,10.76
950,26,0,5,34.59,23.12
950,34,2,5,34.03,37.61
950,43,4,3,1.12,3.57
951,5,4,0,28.58,2.88
951,17,4,0,31.38,13.32
951,27,4,3,16.36,16.49
951,29,5,2,31.25,38.95
951,42,0,4,29.37,9.94
952,7,5,0,31.86,19.81
952,19,1,2,17.17,40.38
952,40,3,4,18.88,17.68
953,1,1,3,14.39,29.28
953,9,4,3,3.60,5.79
953,38,0,2,47.79,43.36
954,1,3,2,15.97,29.07
954,15,5,0,41.11,27.33
955,21,5,2,22.74,27.23
955,30,4,5,25.98,21.10
955,45,4,3,12.20,12.37
956,12,2,5,27.08,32.95
956,41,5,2,27.37,33.85
957,6,5,0,36.39,22.08
957,14,2,5,38.96,38.98
957,18,5,4,28.13,18.31
957,44,0,5,38.21,25.60
958,8,4,2,22.99,21.73
958,16,4,5,24.85,21.27
958,34,5,0,34.62,22.11
959,11,0,4,30.22,8.97
959,24,3,4,15.48,14.26
959,26,5,2,32.95,38.98
960,21,2,1,14.85,32.07
960,25,3,1,4.15,27.85
960,27,3,1,13.83,29.80
960,28,0,4,28.91,8.45
960,37,5,4,27.31,19.21
960,39,0,5,42.13,30.45
960,42,4,2,22.59,21.69
963,20,1,3,6.21,25.95
964,1,2,5,28.87,34.19
964,5,0,4,30.27,9.77
964,36,4,0,31.44,15.71
964,47,2,5,43.06,39.56
965,12,5,2,36.54,39.79
965,31,1,3,3.10,24.89
966,23,0,5,31.60,20.62
967,6,0,4,30.09,7.94
967,8,2,1,14.94,34.51
967,30,5,2,35.48,40.26
968,13,0,4,29.23,9.85
969,0,4,3,17.46,18.00
969,24,4,0,29.20,3.27
971,6,4,0,28.27,3.04
971,29,2,5,24.79,28.03
971,39,5,2,24.97,30.30
972,3,0,5,37.54,24.70
972,48,0,4,27.70,5.39
973,20,3,4,11.17,9.51
973,44,5,2,24.76,30.29
973,46,2,3,17.50,26.20
974,4,2,1,16.85,47.76
974,11,4,0,30.97,15.96
974,28,4,3,13.52,14.17
974,31,3,4,17.86,16.16
974,43,3,2,15.31,30.73
974,45,3,1,6.41,27.72
975,6,0,4,26.89,1.46
976,5,4,5,26.54,21.06
976,9,3,2,21.36,22.20
976,10,2,5,37.73,39.29
976,19,2,5,24.08,24.63
976,29,5,4,26.59,19.79
977,1,5,0,41.61,28.70
977,13,4,3,12.24,13.26
977,32,1,2,16.30,33.29
977,39,2,3,15.83,27.32
978,0,3,1,5.69,27.56
978,9,2,5,23.73,21.43
978,18,4,3,15.89,15.73
979,14,5,2,22.88,22.60
980,5,5,2,23.57,23.30
980,8,1,3,2.88,25.19
981,3,5,2,29.14,37.59
981,12,2,5,42.26,39.56
981,31,4,0,30.73,18.09
981,44,2,3,15.59,27.48
982,30,2,5,42.28,38.56
982,35,4,0,28.38,3.01
983,26,2,3,20.81,22.46
983,34,0,4,28.89,4.76
984,18,3,2,20.14,24.98
985,12,5,0,44.82,33.61
985,17,0,4,30.22,9.16
985,26,3,4,22.50,19.85
986,9,5,0,33.32,20.38
986,28,3,1,0.91,25.39
986,37,4,3,14.94,15.87
987,5,2,3,17.53,26.63
987,30,5,0,43.37,30.38
987,38,2,5,30.95,36.85
988,29,4,0,27.91,0.95
989,7,0,4,30.40,16.17
989,14,2,1,14.03,29.74
989,27,1,2,18.15,49.31
989,28,1,3,3.26,25.76
989,38,5,2,28.88,35.53
990,13,3,4,8.85,7.72
990,18,2,5,27.33,32.80
991,6,4,5,25.67,20.89
991,10,5,0,41.33,27.67
991,21,1,3,0.00,23.56
991,42,2,1,15.97,35.04
992,0,1,2,17.33,35.50
992,7,4,5,29.04,20.42
992,34,4,5,28.20,20.60
993,3,2,1,17.19,46.59
993,16,5,2,43.95,40.26
993,17,4,5,25.19,21.43
994,2,2,3,18.40,24.63
994,5,3,1,12.12,28.83
994,8,3,4,6.77,5.21
994,20,4,2,22.63,21.20
994,23,5,2,30.06,36.59
995,28,3,1,12.84,29.26
995,33,0,5,35.46,22.91
996,20,2,5,24.29,24.50
996,22,0,4,30.31,12.52
996,37,3,2,16.83,29.57
997,4,1,3,6.05,26.94
997,19,5,0,36.55,23.53
997,24,0,5,37.14,24.82
998,1,0,4,30.36,10.39
998,6,5,0,34.04,21.43
998,17,5,2,24.29,28.60
998,42,1,3,11.99,28.53
999,7,5,2,25.49,31.00
999,28,1,2,16.81,34.73
1000,18,5,0,42.92,30.83
1000,32,2,5,29.65,35.38
