step,ap_id,x,y,tx_power,channel,bandwidth,noise_floor,max_throughput,allocated_throughput,duty_cycle,num_clients,inc_energy_dbm
0,0,10,10,25,1,20,-95.0,150.0,58.467717273188626,0.3898,3,-46.21
0,1,40,10,25,11,20,-95.0,150.0,22.76893898294004,0.1518,2,-55.55
0,2,25,25,25,1,20,-95.0,150.0,125.932208193234,0.8395,8,-50.12
0,3,10,40,25,1,20,-95.0,150.0,86.78049513739442,0.5785,7,-38.25
0,4,40,40,25,1,20,-95.0,150.0,110.18078092472224,0.7345,5,-34.33
1,0,10,10,25,1,20,-95.0,150.0,58.467717273188626,0.3898,3,-47.51
1,1,40,10,25,11,20,-95.0,150.0,35.53394079787239,0.2369,3,-55.31
1,2,25,25,25,1,20,-95.0,150.0,113.16720637830166,0.7544,7,-50.20
1,3,10,40,25,1,20,-95.0,150.0,86.78049513739442,0.5785,7,-37.96
1,4,40,40,25,1,20,-95.0,150.0,110.18078092472224,0.7345,5,-19.80
2,0,10,10,25,1,20,-95.0,150.0,57.31476328746669,0.3821,3,-48.78
2,1,40,10,25,11,20,-95.0,150.0,35.53394079787239,0.2369,3,-54.97
2,2,25,25,25,1,20,-95.0,150.0,91.81749328058743,0.6121,6,-50.02
2,3,10,40,25,1,20,-95.0,150.0,86.78049513739442,0.5785,7,-27.05
2,4,40,40,25,1,20,-95.0,150.0,128.6343951313262,0.8576,6,-33.03
3,0,10,10,25,1,20,-95.0,150.0,56.00603762192387,0.3734,3,-50.44
3,1,40,10,25,11,20,-95.0,150.0,43.20179405886053,0.2880,4,-54.55
3,2,25,25,25,1,20,-95.0,150.0,91.81749328058743,0.6121,6,-49.82
3,3,10,40,25,1,20,-95.0,150.0,79.48947976292196,0.5299,6,-20.13
3,4,40,40,25,1,20,-95.0,150.0,131.20601437760058,0.8747,6,-41.44
4,0,10,10,25,1,20,-95.0,150.0,43.33860539971185,0.2889,2,-52.05
4,1,40,10,25,11,20,-95.0,150.0,43.20179405886053,0.2880,4,-54.09
4,2,25,25,25,1,20,-95.0,150.0,103.32025770322738,0.6888,7,-49.70
4,3,10,40,25,1,20,-95.0,150.0,78.22934045319462,0.5215,6,-36.38
4,4,40,40,25,1,20,-95.0,150.0,134.40547717065306,0.8960,6,-45.39
5,0,10,10,25,1,20,-95.0,150.0,43.33860539971185,0.2889,2,-53.50
5,1,40,10,25,11,20,-95.0,150.0,43.20179405886053,0.2880,4,-53.63
5,2,25,25,25,1,20,-95.0,150.0,104.88151276971512,0.6992,7,-49.72
5,3,10,40,25,1,20,-95.0,150.0,60.67590133824743,0.4045,5,-41.56
5,4,40,40,25,1,20,-95.0,150.0,148.6391701958755,0.9909,7,-47.55
6,0,10,10,25,1,20,-95.0,150.0,43.33860539971185,0.2889,2,-54.59
6,1,40,10,25,11,20,-95.0,150.0,53.00562159016014,0.3534,5,-53.17
6,2,25,25,25,1,20,-95.0,150.0,97.42098231952862,0.6495,6,-49.87
6,3,10,40,25,1,20,-95.0,150.0,60.67590133824743,0.4045,5,-44.40
6,4,40,40,25,1,20,-95.0,150.0,150.0,1.0000,7,-49.03
7,0,10,10,25,1,20,-95.0,150.0,43.33860539971185,0.2889,2,-55.36
7,1,40,10,25,11,20,-95.0,150.0,53.00562159016014,0.3534,5,-52.99
7,2,25,25,25,1,20,-95.0,150.0,109.50191891803375,0.7300,7,-50.03
7,3,10,40,25,1,20,-95.0,150.0,52.00113798432103,0.3467,4,-46.43
7,4,40,40,25,1,20,-95.0,150.0,149.99999999999997,1.0000,7,-50.01
8,0,10,10,25,1,20,-95.0,150.0,43.33860539971185,0.2889,2,-55.98
8,1,40,10,25,11,20,-95.0,150.0,53.00562159016014,0.3534,5,-53.06
8,2,25,25,25,1,20,-95.0,150.0,111.4450278070563,0.7430,7,-50.08
8,3,10,40,25,1,20,-95.0,150.0,52.00113798432103,0.3467,4,-48.17
8,4,40,40,25,1,20,-95.0,150.0,149.99999999999997,1.0000,7,-50.52
9,0,10,10,25,1,20,-95.0,150.0,26.295627165313373,0.1753,1,-56.47
9,1,40,10,25,11,20,-95.0,150.0,53.00562159016014,0.3534,5,-53.09
9,2,25,25,25,1,20,-95.0,150.0,127.92090678608768,0.8528,8,-49.82
9,3,10,40,25,1,20,-95.0,150.0,52.00113798432103,0.3467,4,-49.68
9,4,40,40,25,1,20,-95.0,150.0,149.99999999999997,1.0000,7,-50.84
10,0,10,10,25,1,20,-95.0,150.0,26.295627165313373,0.1753,1,-56.81
10,1,40,10,25,11,20,-95.0,150.0,53.00562159016014,0.3534,5,-52.98
10,2,25,25,25,1,20,-95.0,150.0,126.45896689991766,0.8431,8,-49.50
10,3,10,40,25,1,20,-95.0,150.0,52.00113798432103,0.3467,4,-50.93
10,4,40,40,25,1,20,-95.0,150.0,149.99999999999997,1.0000,7,-51.32
11,0,10,10,25,1,20,-95.0,150.0,26.295627165313373,0.1753,1,-57.07
11,1,40,10,25,11,20,-95.0,150.0,53.00562159016014,0.3534,5,-52.93
11,2,25,25,25,1,20,-95.0,150.0,128.48800604145478,0.8566,8,-49.17
11,3,10,40,25,1,20,-95.0,150.0,52.00113798432103,0.3467,4,-52.06
11,4,40,40,25,1,20,-95.0,150.0,149.99999999999997,1.0000,7,-51.54
12,0,10,10,25,1,20,-95.0,150.0,26.295627165313373,0.1753,1,-57.29
12,1,40,10,25,11,20,-95.0,150.0,45.656046576076264,0.3044,4,-52.64
12,2,25,25,25,1,20,-95.0,150.0,128.48800604145478,0.8566,8,-48.97
12,3,10,40,25,1,20,-95.0,150.0,52.00113798432103,0.3467,4,-53.01
12,4,40,40,25,1,20,-95.0,150.0,150.00000000000003,1.0000,8,-51.57
13,0,10,10,25,1,20,-95.0,150.0,22.18557350997065,0.1479,1,-57.47
13,1,40,10,25,11,20,-95.0,150.0,45.656046576076264,0.3044,4,-52.11
13,2,25,25,25,1,20,-95.0,150.0,128.48800604145478,0.8566,8,-48.41
13,3,10,40,25,1,20,-95.0,150.0,52.00113798432103,0.3467,4,-53.81
13,4,40,40,25,1,20,-95.0,150.0,150.00000000000003,1.0000,8,-51.40
14,0,10,10,25,1,20,-95.0,150.0,0.0,0.0000,0,-57.63
14,1,40,10,25,11,20,-95.0,150.0,65.00391356249075,0.4334,5,-51.29
14,2,25,25,25,1,20,-95.0,150.0,133.09459271609586,0.8873,8,-47.55
14,3,10,40,25,1,20,-95.0,150.0,38.36243466039949,0.2557,3,-54.45
14,4,40,40,25,1,20,-95.0,150.0,150.0,1.0000,9,-51.31
15,0,10,10,25,1,20,-95.0,150.0,0.0,0.0000,0,-57.77
15,1,40,10,25,11,20,-95.0,150.0,71.95167374138964,0.4797,5,-50.41
15,2,25,25,25,1,20,-95.0,150.0,142.1267093653763,0.9475,9,-46.44
15,3,10,40,25,1,20,-95.0,150.0,38.36243466039949,0.2557,3,-54.94
15,4,40,40,25,1,20,-95.0,150.0,150.00000000000003,1.0000,8,-51.36
16,0,10,10,25,1,20,-95.0,150.0,0.0,0.0000,0,-57.87
16,1,40,10,25,11,20,-95.0,150.0,71.95167374138964,0.4797,5,-49.93
16,2,25,25,25,1,20,-95.0,150.0,142.1267093653763,0.9475,9,-44.74
16,3,10,40,25,1,20,-95.0,150.0,38.36243466039949,0.2557,3,-55.32
16,4,40,40,25,1,20,-95.0,150.0,150.00000000000003,1.0000,8,-51.27
17,0,10,10,25,1,20,-95.0,150.0,0.0,0.0000,0,-57.96
17,1,40,10,25,11,20,-95.0,150.0,71.95167374138964,0.4797,5,-49.91
17,2,25,25,25,1,20,-95.0,150.0,150.00000000000006,1.0000,10,-42.82
17,3,10,40,25,1,20,-95.0,150.0,17.340993989345648,0.1156,2,-55.46
17,4,40,40,25,1,20,-95.0,150.0,150.00000000000003,1.0000,8,-51.15
18,0,10,10,25,1,20,-95.0,150.0,0.0,0.0000,0,-58.03
18,1,40,10,25,11,20,-95.0,150.0,71.95167374138964,0.4797,5,-50.35
18,2,25,25,25,1,20,-95.0,150.0,150.0,1.0000,10,-40.84
18,3,10,40,25,1,20,-95.0,150.0,17.340993989345648,0.1156,2,-55.55
18,4,40,40,25,1,20,-95.0,150.0,150.00000000000003,1.0000,8,-50.81
19,0,10,10,25,1,20,-95.0,150.0,0.0,0.0000,0,-58.07
19,1,40,10,25,11,20,-95.0,150.0,80.98379039067012,0.5399,6,-50.67
19,2,25,25,25,1,20,-95.0,150.0,147.1350632265473,0.9809,9,-40.66
19,3,10,40,25,1,20,-95.0,150.0,17.340993989345648,0.1156,2,-55.63
19,4,40,40,25,1,20,-95.0,150.0,150.00000000000003,1.0000,8,-50.12
20,0,10,10,25,1,20,-95.0,150.0,0.0,0.0000,0,-58.08
20,1,40,10,25,11,20,-95.0,150.0,80.98379039067012,0.5399,6,-51.30
20,2,25,25,25,1,20,-95.0,150.0,125.42163934937265,0.8361,8,-41.90
20,3,10,40,25,1,20,-95.0,150.0,17.340993989345648,0.1156,2,-55.62
20,4,40,40,25,1,20,-95.0,150.0,150.0,1.0000,9,-49.22
21,0,10,10,25,1,20,-95.0,150.0,0.0,0.0000,0,-58.08
21,1,40,10,25,11,20,-95.0,150.0,80.98379039067012,0.5399,6,-51.56
21,2,25,25,25,1,20,-95.0,150.0,125.42163934937265,0.8361,8,-43.87
21,3,10,40,25,1,20,-95.0,150.0,17.340993989345648,0.1156,2,-55.60
21,4,40,40,25,1,20,-95.0,150.0,150.0,1.0000,9,-48.17
22,0,10,10,25,1,20,-95.0,150.0,0.0,0.0000,0,-58.05
22,1,40,10,25,11,20,-95.0,150.0,80.98379039067012,0.5399,6,-51.26
22,2,25,25,25,1,20,-95.0,150.0,123.69259542897295,0.8246,8,-45.25
22,3,10,40,25,1,20,-95.0,150.0,17.340993989345648,0.1156,2,-55.66
22,4,40,40,25,1,20,-95.0,150.0,150.0,1.0000,9,-46.89
23,0,10,10,25,1,20,-95.0,150.0,0.0,0.0000,0,-58.03
23,1,40,10,25,11,20,-95.0,150.0,80.98379039067012,0.5399,6,-50.65
23,2,25,25,25,1,20,-95.0,150.0,100.59294781577402,0.6706,7,-46.55
23,3,10,40,25,1,20,-95.0,150.0,17.340993989345648,0.1156,2,-55.64
23,4,40,40,25,1,20,-95.0,150.0,150.0,1.0000,10,-45.26
24,0,10,10,25,1,20,-95.0,150.0,0.0,0.0000,0,-58.02
24,1,40,10,25,11,20,-95.0,150.0,80.98379039067012,0.5399,6,-48.87
24,2,25,25,25,1,20,-95.0,150.0,83.53164709371077,0.5569,6,-47.70
24,3,10,40,25,1,20,-95.0,150.0,31.967516423949448,0.2131,3,-55.65
24,4,40,40,25,1,20,-95.0,150.0,150.0,1.0000,10,-43.17
25,0,10,10,25,1,20,-95.0,150.0,0.0,0.0000,0,-58.03
25,1,40,10,25,11,20,-95.0,150.0,80.98379039067012,0.5399,6,-46.57
25,2,25,25,25,1,20,-95.0,150.0,83.28655454556606,0.5552,6,-48.66
25,3,10,40,25,1,20,-95.0,150.0,32.42826147894399,0.2162,3,-55.73
25,4,40,40,25,1,20,-95.0,150.0,150.0,1.0000,10,-40.04
26,0,10,10,25,1,20,-95.0,150.0,0.0,0.0000,0,-58.02
26,1,40,10,25,11,20,-95.0,150.0,80.98379039067012,0.5399,6,-44.18
26,2,25,25,25,1,20,-95.0,150.0,102.64393518670515,0.6843,7,-49.36
26,3,10,40,25,1,20,-95.0,150.0,33.720244931538836,0.2248,3,-55.85
26,4,40,40,25,1,20,-95.0,150.0,150.00000000000003,1.0000,9,-35.95
27,0,10,10,25,1,20,-95.0,150.0,0.0,0.0000,0,-58.03
27,1,40,10,25,11,20,-95.0,150.0,80.98379039067012,0.5399,6,-41.11
27,2,25,25,25,1,20,-95.0,150.0,85.04936375587393,0.5670,6,-50.02
27,3,10,40,25,1,20,-95.0,150.0,35.61724098927904,0.2374,3,-55.95
27,4,40,40,25,1,20,-95.0,150.0,150.0,1.0000,10,-33.43
28,0,10,10,25,1,20,-95.0,150.0,12.553089798319547,0.0837,1,-58.04
28,1,40,10,25,11,20,-95.0,150.0,80.98379039067012,0.5399,6,-41.57
28,2,25,25,25,1,20,-95.0,150.0,75.7258753520187,0.5048,5,-50.59
28,3,10,40,25,1,20,-95.0,150.0,38.36243466039949,0.2557,3,-56.04
28,4,40,40,25,1,20,-95.0,150.0,150.00000000000003,1.0000,10,-36.92
29,0,10,10,25,1,20,-95.0,150.0,12.553089798319547,0.0837,1,-58.01
29,1,40,10,25,11,20,-95.0,150.0,91.84930406997285,0.6123,7,-42.84
29,2,25,25,25,1,20,-95.0,150.0,75.53755035804583,0.5036,5,-50.97
29,3,10,40,25,1,20,-95.0,150.0,27.685245975069634,0.1846,2,-56.24
29,4,40,40,25,1,20,-95.0,150.0,150.00000000000003,1.0000,10,-41.71
30,0,10,10,25,1,20,-95.0,150.0,12.553089798319547,0.0837,1,-58.00
30,1,40,10,25,11,20,-95.0,150.0,91.84930406997285,0.6123,7,-44.06
30,2,25,25,25,1,20,-95.0,150.0,75.53755035804583,0.5036,5,-51.26
30,3,10,40,25,1,20,-95.0,150.0,27.685245975069634,0.1846,2,-56.42
30,4,40,40,25,1,20,-95.0,150.0,150.00000000000003,1.0000,10,-45.31
31,0,10,10,25,1,20,-95.0,150.0,12.553089798319547,0.0837,1,-57.96
31,1,40,10,25,11,20,-95.0,150.0,91.84930406997285,0.6123,7,-44.69
31,2,25,25,25,1,20,-95.0,150.0,75.53755035804583,0.5036,5,-51.38
31,3,10,40,25,1,20,-95.0,150.0,27.685245975069634,0.1846,2,-56.58
31,4,40,40,25,1,20,-95.0,150.0,150.00000000000003,1.0000,10,-47.74
32,0,10,10,25,1,20,-95.0,150.0,12.553089798319547,0.0837,1,-57.93
32,1,40,10,25,11,20,-95.0,150.0,91.84930406997285,0.6123,7,-45.96
32,2,25,25,25,1,20,-95.0,150.0,82.20135566206163,0.5480,6,-51.41
32,3,10,40,25,1,20,-95.0,150.0,21.02144067105384,0.1401,1,-56.61
32,4,40,40,25,1,20,-95.0,150.0,150.00000000000003,1.0000,10,-48.89
33,0,10,10,25,1,20,-95.0,150.0,12.553089798319547,0.0837,1,-57.93
33,1,40,10,25,11,20,-95.0,150.0,112.71785565458089,0.7515,8,-47.36
33,2,25,25,25,1,20,-95.0,150.0,126.96305608319841,0.8464,8,-51.29
33,3,10,40,25,1,20,-95.0,150.0,21.02144067105384,0.1401,1,-56.50
33,4,40,40,25,1,20,-95.0,150.0,130.42460683809762,0.8695,7,-48.99
34,0,10,10,25,1,20,-95.0,150.0,12.553089798319547,0.0837,1,-57.96
34,1,40,10,25,11,20,-95.0,150.0,112.71785565458089,0.7515,8,-48.05
34,2,25,25,25,1,20,-95.0,150.0,105.23174336959619,0.7015,7,-51.17
34,3,10,40,25,1,20,-95.0,150.0,21.02144067105384,0.1401,1,-56.29
34,4,40,40,25,1,20,-95.0,150.0,150.00000000000003,1.0000,8,-48.31
35,0,10,10,25,1,20,-95.0,150.0,12.553089798319547,0.0837,1,-57.96
35,1,40,10,25,11,20,-95.0,150.0,112.71785565458089,0.7515,8,-48.24
35,2,25,25,25,1,20,-95.0,150.0,115.45608071605399,0.7697,7,-50.91
35,3,10,40,25,1,20,-95.0,150.0,21.02144067105384,0.1401,1,-55.86
35,4,40,40,25,1,20,-95.0,150.0,149.76144052025103,0.9984,8,-46.76
36,0,10,10,25,1,20,-95.0,150.0,12.553089798319547,0.0837,1,-58.01
36,1,40,10,25,11,20,-95.0,150.0,121.39261900850727,0.8093,9,-47.94
36,2,25,25,25,1,20,-95.0,150.0,106.7813173621276,0.7119,6,-50.61
36,3,10,40,25,1,20,-95.0,150.0,21.02144067105384,0.1401,1,-55.32
36,4,40,40,25,1,20,-95.0,150.0,150.0,1.0000,8,-43.86
37,0,10,10,25,1,20,-95.0,150.0,12.553089798319547,0.0837,1,-58.07
37,1,40,10,25,11,20,-95.0,150.0,124.78683346432564,0.8319,9,-47.14
37,2,25,25,25,1,20,-95.0,150.0,106.7813173621276,0.7119,6,-50.35
37,3,10,40,25,1,20,-95.0,150.0,21.02144067105384,0.1401,1,-54.38
37,4,40,40,25,1,20,-95.0,150.0,147.8667670807503,0.9858,8,-43.68
38,0,10,10,25,1,20,-95.0,150.0,12.553089798319547,0.0837,1,-58.12
38,1,40,10,25,11,20,-95.0,150.0,124.78683346432564,0.8319,9,-45.74
38,2,25,25,25,1,20,-95.0,150.0,75.51597792566531,0.5034,4,-50.29
38,3,10,40,25,1,20,-95.0,150.0,41.83181671327266,0.2789,2,-53.09
38,4,40,40,25,1,20,-95.0,150.0,150.0,1.0000,9,-46.28
39,0,10,10,25,1,20,-95.0,150.0,12.553089798319547,0.0837,1,-58.17
39,1,40,10,25,11,20,-95.0,150.0,124.78683346432564,0.8319,9,-43.79
39,2,25,25,25,1,20,-95.0,150.0,94.41133204748316,0.6294,5,-50.35
39,3,10,40,25,1,20,-95.0,150.0,39.046450123634806,0.2603,2,-51.89
39,4,40,40,25,1,20,-95.0,150.0,131.0004869558796,0.8733,8,-48.80
40,0,10,10,25,1,20,-95.0,150.0,12.553089798319547,0.0837,1,-58.20
40,1,40,10,25,11,20,-95.0,150.0,133.32807150510556,0.8889,9,-43.98
40,2,25,25,25,1,20,-95.0,150.0,64.84057728549305,0.4323,4,-50.39
40,3,10,40,25,1,20,-95.0,150.0,45.62297480350033,0.3042,2,-50.77
40,4,40,40,25,1,20,-95.0,150.0,150.0,1.0000,9,-49.96
41,0,10,10,25,1,20,-95.0,150.0,12.553089798319547,0.0837,1,-58.22
41,1,40,10,25,11,20,-95.0,150.0,140.61908687957805,0.9375,10,-46.02
41,2,25,25,25,1,20,-95.0,150.0,65.48640810336778,0.4366,4,-50.49
41,3,10,40,25,1,20,-95.0,150.0,45.62297480350033,0.3042,2,-49.10
41,4,40,40,25,1,20,-95.0,150.0,144.57802316601519,0.9639,8,-50.21
42,0,10,10,25,1,20,-95.0,150.0,0.0,0.0000,0,-58.22
42,1,40,10,25,11,20,-95.0,150.0,149.99999999999997,1.0000,11,-47.84
42,2,25,25,25,1,20,-95.0,150.0,61.88978472991273,0.4126,4,-50.74
42,3,10,40,25,1,20,-95.0,150.0,45.62297480350033,0.3042,2,-47.31
42,4,40,40,25,1,20,-95.0,150.0,144.57802316601519,0.9639,8,-49.69
43,0,10,10,25,1,20,-95.0,150.0,0.0,0.0000,0,-58.22
43,1,40,10,25,11,20,-95.0,150.0,149.99999999999997,1.0000,11,-48.95
43,2,25,25,25,1,20,-95.0,150.0,61.75164372878156,0.4117,4,-51.05
43,3,10,40,25,1,20,-95.0,150.0,45.62297480350033,0.3042,2,-46.08
43,4,40,40,25,1,20,-95.0,150.0,144.57802316601519,0.9639,8,-47.99
44,0,10,10,25,1,20,-95.0,150.0,0.0,0.0000,0,-58.17
44,1,40,10,25,11,20,-95.0,150.0,149.99999999999997,1.0000,11,-49.65
44,2,25,25,25,1,20,-95.0,150.0,61.14934786463363,0.4077,4,-51.50
44,3,10,40,25,1,20,-95.0,150.0,45.62297480350033,0.3042,2,-44.25
44,4,40,40,25,1,20,-95.0,150.0,144.57802316601519,0.9639,8,-43.92
45,0,10,10,25,1,20,-95.0,150.0,0.0,0.0000,0,-58.10
45,1,40,10,25,11,20,-95.0,150.0,150.0,1.0000,12,-50.47
45,2,25,25,25,1,20,-95.0,150.0,42.27131250765541,0.2818,3,-51.91
45,3,10,40,25,1,20,-95.0,150.0,45.62297480350033,0.3042,2,-44.46
45,4,40,40,25,1,20,-95.0,150.0,144.57802316601519,0.9639,8,-37.23
46,0,10,10,25,1,20,-95.0,150.0,0.0,0.0000,0,-58.01
46,1,40,10,25,11,20,-95.0,150.0,150.0,1.0000,12,-50.91
46,2,25,25,25,1,20,-95.0,150.0,42.27131250765541,0.2818,3,-52.33
46,3,10,40,25,1,20,-95.0,150.0,45.62297480350033,0.3042,2,-48.07
46,4,40,40,25,1,20,-95.0,150.0,141.00679361178172,0.9400,8,-36.60
47,0,10,10,25,1,20,-95.0,150.0,0.0,0.0000,0,-57.91
47,1,40,10,25,11,20,-95.0,150.0,150.0,1.0000,12,-51.23
47,2,25,25,25,1,20,-95.0,150.0,42.27131250765541,0.2818,3,-52.51
47,3,10,40,25,1,20,-95.0,150.0,45.62297480350033,0.3042,2,-50.44
47,4,40,40,25,1,20,-95.0,150.0,136.62499083503974,0.9108,8,-43.93
48,0,10,10,25,1,20,-95.0,150.0,0.0,0.0000,0,-57.81
48,1,40,10,25,11,20,-95.0,150.0,150.0,1.0000,12,-51.21
48,2,25,25,25,1,20,-95.0,150.0,40.62624047160603,0.2708,3,-52.58
48,3,10,40,25,1,20,-95.0,150.0,61.5088903123393,0.4101,3,-52.34
48,4,40,40,25,1,20,-95.0,150.0,116.79526684758149,0.7786,7,-47.38
49,0,10,10,25,1,20,-95.0,150.0,0.0,0.0000,0,-57.75
49,1,40,10,25,11,20,-95.0,150.0,150.0,1.0000,12,-50.85
49,2,25,25,25,1,20,-95.0,150.0,40.62624047160603,0.2708,3,-52.49
49,3,10,40,25,1,20,-95.0,150.0,61.16482400196518,0.4078,3,-53.78
49,4,40,40,25,1,20,-95.0,150.0,116.79526684758149,0.7786,7,-49.10
50,0,10,10,25,1,20,-95.0,150.0,0.0,0.0000,0,-57.70
50,1,40,10,25,11,20,-95.0,150.0,150.0,1.0000,12,-49.90
50,2,25,25,25,1,20,-95.0,150.0,40.62624047160603,0.2708,3,-52.39
50,3,10,40,25,1,20,-95.0,150.0,64.35821193756553,0.4291,3,-54.65
50,4,40,40,25,1,20,-95.0,150.0,116.79526684758149,0.7786,7,-49.57
51,0,10,10,25,1,20,-95.0,150.0,0.0,0.0000,0,-57.69
51,1,40,10,25,11,20,-95.0,150.0,150.0,1.0000,12,-48.34
51,2,25,25,25,1,20,-95.0,150.0,40.62624047160603,0.2708,3,-52.23
51,3,10,40,25,1,20,-95.0,150.0,68.80664654617301,0.4587,3,-55.12
51,4,40,40,25,1,20,-95.0,150.0,116.79526684758149,0.7786,7,-48.96
52,0,10,10,25,1,20,-95.0,150.0,0.0,0.0000,0,-57.72
52,1,40,10,25,11,20,-95.0,150.0,150.0,1.0000,12,-46.53
52,2,25,25,25,1,20,-95.0,150.0,40.62624047160603,0.2708,3,-52.14
52,3,10,40,25,1,20,-95.0,150.0,73.40573112193402,0.4894,3,-55.36
52,4,40,40,25,1,20,-95.0,150.0,116.79526684758149,0.7786,7,-47.35
53,0,10,10,25,1,20,-95.0,150.0,0.0,0.0000,0,-57.75
53,1,40,10,25,11,20,-95.0,150.0,150.0,1.0000,12,-44.81
53,2,25,25,25,1,20,-95.0,150.0,38.99109764504504,0.2599,3,-52.05
53,3,10,40,25,1,20,-95.0,150.0,73.40573112193402,0.4894,3,-55.44
53,4,40,40,25,1,20,-95.0,150.0,116.79526684758149,0.7786,7,-44.11
54,0,10,10,25,1,20,-95.0,150.0,0.0,0.0000,0,-57.83
54,1,40,10,25,11,20,-95.0,150.0,150.0,1.0000,11,-44.05
54,2,25,25,25,1,20,-95.0,150.0,68.51176448069131,0.4567,5,-51.92
54,3,10,40,25,1,20,-95.0,150.0,73.40573112193402,0.4894,3,-55.30
54,4,40,40,25,1,20,-95.0,150.0,95.92671526297346,0.6395,6,-39.21
55,0,10,10,25,1,20,-95.0,150.0,0.0,0.0000,0,-57.90
55,1,40,10,25,11,20,-95.0,150.0,150.0,1.0000,11,-42.76
55,2,25,25,25,1,20,-95.0,150.0,70.18401699379385,0.4679,5,-51.88
55,3,10,40,25,1,20,-95.0,150.0,73.40573112193402,0.4894,3,-55.18
55,4,40,40,25,1,20,-95.0,150.0,95.92671526297346,0.6395,6,-41.68
56,0,10,10,25,1,20,-95.0,150.0,0.0,0.0000,0,-57.95
56,1,40,10,25,11,20,-95.0,150.0,150.0,1.0000,11,-38.98
56,2,25,25,25,1,20,-95.0,150.0,69.63080572026723,0.4642,5,-51.80
56,3,10,40,25,1,20,-95.0,150.0,73.40573112193402,0.4894,3,-55.07
56,4,40,40,25,1,20,-95.0,150.0,95.92671526297346,0.6395,6,-43.42
57,0,10,10,25,1,20,-95.0,150.0,0.0,0.0000,0,-58.02
57,1,40,10,25,11,20,-95.0,150.0,150.0,1.0000,12,-38.02
57,2,25,25,25,1,20,-95.0,150.0,58.74183434977694,0.3916,4,-51.64
57,3,10,40,25,1,20,-95.0,150.0,73.40573112193402,0.4894,3,-54.57
57,4,40,40,25,1,20,-95.0,150.0,94.86008153413653,0.6324,6,-40.86
58,0,10,10,25,1,20,-95.0,150.0,0.0,0.0000,0,-58.08
58,1,40,10,25,11,20,-95.0,150.0,150.0,1.0000,12,-39.32
58,2,25,25,25,1,20,-95.0,150.0,64.57753457124952,0.4305,5,-51.42
58,3,10,40,25,1,20,-95.0,150.0,89.21817110207307,0.5948,4,-53.57
58,4,40,40,25,1,20,-95.0,150.0,67.82054154504748,0.4521,4,-29.77
59,0,10,10,25,1,20,-95.0,150.0,0.0,0.0000,0,-58.12
59,1,40,10,25,11,20,-95.0,150.0,150.0,1.0000,12,-36.64
59,2,25,25,25,1,20,-95.0,150.0,48.019861575259846,0.3201,4,-50.96
59,3,10,40,25,1,20,-95.0,150.0,99.35450051583462,0.6624,5,-51.60
59,4,40,40,25,1,20,-95.0,150.0,67.82054154504748,0.4521,4,-29.05
60,0,10,10,25,1,20,-95.0,150.0,0.0,0.0000,0,-58.15
60,1,40,10,25,11,20,-95.0,150.0,150.0,1.0000,12,-26.54
60,2,25,25,25,1,20,-95.0,150.0,29.91840436031584,0.1995,3,-50.33
60,3,10,40,25,1,20,-95.0,150.0,119.85969958977665,0.7991,6,-47.26
60,4,40,40,25,1,20,-95.0,150.0,67.82054154504748,0.4521,4,-41.37
61,0,10,10,25,1,20,-95.0,150.0,0.0,0.0000,0,-58.17
61,1,40,10,25,11,20,-95.0,150.0,150.0,1.0000,12,-23.12
61,2,25,25,25,1,20,-95.0,150.0,29.91840436031584,0.1995,3,-48.85
61,3,10,40,25,1,20,-95.0,150.0,127.99993087048747,0.8533,6,-36.22
61,4,40,40,25,1,20,-95.0,150.0,67.82054154504748,0.4521,4,-46.01
62,0,10,10,25,1,20,-95.0,150.0,0.0,0.0000,0,-58.18
62,1,40,10,25,11,20,-95.0,150.0,150.0,1.0000,12,-25.07
62,2,25,25,25,1,20,-95.0,150.0,29.91840436031584,0.1995,3,-47.65
62,3,10,40,25,1,20,-95.0,150.0,136.8211777014101,0.9121,6,-26.72
62,4,40,40,25,1,20,-95.0,150.0,67.82054154504748,0.4521,4,-47.78
63,0,10,10,25,1,20,-95.0,150.0,0.0,0.0000,0,-58.16
63,1,40,10,25,11,20,-95.0,150.0,150.0,1.0000,12,-35.39
63,2,25,25,25,1,20,-95.0,150.0,29.91840436031584,0.1995,3,-45.91
63,3,10,40,25,1,20,-95.0,150.0,136.8211777014101,0.9121,6,-43.87
63,4,40,40,25,1,20,-95.0,150.0,67.82054154504748,0.4521,4,-48.94
64,0,10,10,25,1,20,-95.0,150.0,0.0,0.0000,0,-58.12
64,1,40,10,25,11,20,-95.0,150.0,150.0,1.0000,12,-36.18
64,2,25,25,25,1,20,-95.0,150.0,29.91840436031584,0.1995,3,-45.20
64,3,10,40,25,1,20,-95.0,150.0,136.8211777014101,0.9121,6,-49.41
64,4,40,40,25,1,20,-95.0,150.0,67.82054154504748,0.4521,4,-49.59
65,0,10,10,25,1,20,-95.0,150.0,0.0,0.0000,0,-58.06
65,1,40,10,25,11,20,-95.0,150.0,150.0,1.0000,12,-36.84
65,2,25,25,25,1,20,-95.0,150.0,29.91840436031584,0.1995,3,-45.52
65,3,10,40,25,1,20,-95.0,150.0,136.8211777014101,0.9121,6,-51.49
65,4,40,40,25,1,20,-95.0,150.0,67.82054154504748,0.4521,4,-50.07
66,0,10,10,25,1,20,-95.0,150.0,0.0,0.0000,0,-57.96
66,1,40,10,25,11,20,-95.0,150.0,150.0,1.0000,12,-40.91
66,2,25,25,25,1,20,-95.0,150.0,46.961382594714316,0.3131,4,-46.43
66,3,10,40,25,1,20,-95.0,150.0,136.8211777014101,0.9121,6,-52.13
66,4,40,40,25,1,20,-95.0,150.0,50.777563310649,0.3385,3,-50.47
67,0,10,10,25,1,20,-95.0,150.0,0.0,0.0000,0,-57.85
67,1,40,10,25,11,20,-95.0,150.0,150.0,1.0000,12,-43.61
67,2,25,25,25,1,20,-95.0,150.0,62.38074656357049,0.4159,5,-46.82
67,3,10,40,25,1,20,-95.0,150.0,136.8211777014101,0.9121,6,-52.31
67,4,40,40,25,1,20,-95.0,150.0,35.35819934179284,0.2357,2,-51.20
68,0,10,10,25,1,20,-95.0,150.0,0.0,0.0000,0,-57.72
68,1,40,10,25,11,20,-95.0,150.0,150.0,1.0000,12,-44.70
68,2,25,25,25,1,20,-95.0,150.0,62.38074656357049,0.4159,5,-47.05
68,3,10,40,25,1,20,-95.0,150.0,136.8211777014101,0.9121,6,-52.41
68,4,40,40,25,1,20,-95.0,150.0,35.35819934179284,0.2357,2,-52.16
69,0,10,10,25,1,20,-95.0,150.0,0.0,0.0000,0,-57.59
69,1,40,10,25,11,20,-95.0,150.0,150.0,1.0000,12,-44.54
69,2,25,25,25,1,20,-95.0,150.0,62.38074656357049,0.4159,5,-47.16
69,3,10,40,25,1,20,-95.0,150.0,136.8211777014101,0.9121,6,-52.02
69,4,40,40,25,1,20,-95.0,150.0,35.35819934179284,0.2357,2,-53.13
70,0,10,10,25,1,20,-95.0,150.0,0.0,0.0000,0,-57.47
70,1,40,10,25,11,20,-95.0,150.0,150.0,1.0000,12,-44.18
70,2,25,25,25,1,20,-95.0,150.0,62.38074656357049,0.4159,5,-47.12
70,3,10,40,25,1,20,-95.0,150.0,136.25793673721853,0.9084,6,-51.45
70,4,40,40,25,1,20,-95.0,150.0,35.35819934179284,0.2357,2,-53.88
71,0,10,10,25,1,20,-95.0,150.0,0.0,0.0000,0,-57.33
71,1,40,10,25,11,20,-95.0,150.0,150.0,1.0000,12,-43.44
71,2,25,25,25,1,20,-95.0,150.0,62.38074656357049,0.4159,5,-47.27
71,3,10,40,25,1,20,-95.0,150.0,130.01808717558998,0.8668,6,-50.91
71,4,40,40,25,1,20,-95.0,150.0,35.35819934179284,0.2357,2,-54.51
72,0,10,10,25,1,20,-95.0,150.0,14.08389926830665,0.0939,1,-57.14
72,1,40,10,25,11,20,-95.0,150.0,150.0,1.0000,12,-43.19
72,2,25,25,25,1,20,-95.0,150.0,62.38074656357049,0.4159,5,-47.52
72,3,10,40,25,1,20,-95.0,150.0,112.21964356896362,0.7481,5,-50.40
72,4,40,40,25,1,20,-95.0,150.0,35.35819934179284,0.2357,2,-55.15
73,0,10,10,25,1,20,-95.0,150.0,18.117063274673395,0.1208,1,-57.01
73,1,40,10,25,11,20,-95.0,150.0,150.0,1.0000,12,-44.08
73,2,25,25,25,1,20,-95.0,150.0,62.38074656357049,0.4159,5,-47.99
73,3,10,40,25,1,20,-95.0,150.0,112.21964356896362,0.7481,5,-50.42
73,4,40,40,25,1,20,-95.0,150.0,35.35819934179284,0.2357,2,-55.61
74,0,10,10,25,1,20,-95.0,150.0,22.51114956254462,0.1501,1,-56.87
74,1,40,10,25,11,20,-95.0,150.0,150.0,1.0000,12,-46.34
74,2,25,25,25,1,20,-95.0,150.0,62.38074656357049,0.4159,5,-48.72
74,3,10,40,25,1,20,-95.0,150.0,112.21964356896362,0.7481,5,-50.63
74,4,40,40,25,1,20,-95.0,150.0,35.35819934179284,0.2357,2,-56.03
75,0,10,10,25,1,20,-95.0,150.0,24.60153413244649,0.1640,1,-56.75
75,1,40,10,25,11,20,-95.0,150.0,122.74390797910216,0.8183,10,-47.41
75,2,25,25,25,1,20,-95.0,150.0,118.08616335427183,0.7872,7,-49.28
75,3,10,40,25,1,20,-95.0,150.0,112.21964356896362,0.7481,5,-50.97
75,4,40,40,25,1,20,-95.0,150.0,32.49118718382204,0.2166,2,-56.37
76,0,10,10,25,1,20,-95.0,150.0,24.60153413244649,0.1640,1,-56.60
76,1,40,10,25,11,20,-95.0,150.0,122.74390797910216,0.8183,10,-45.46
76,2,25,25,25,1,20,-95.0,150.0,137.44432890791245,0.9163,8,-49.38
76,3,10,40,25,1,20,-95.0,150.0,112.21964356896362,0.7481,5,-51.27
76,4,40,40,25,1,20,-95.0,150.0,6.663805304015797,0.0444,1,-56.68
77,0,10,10,25,1,20,-95.0,150.0,24.60153413244649,0.1640,1,-56.51
77,1,40,10,25,11,20,-95.0,150.0,122.74390797910216,0.8183,10,-40.48
77,2,25,25,25,1,20,-95.0,150.0,141.60072179514248,0.9440,8,-49.39
77,3,10,40,25,1,20,-95.0,150.0,112.21964356896362,0.7481,5,-51.88
77,4,40,40,25,1,20,-95.0,150.0,6.663805304015797,0.0444,1,-56.91
78,0,10,10,25,1,20,-95.0,150.0,24.60153413244649,0.1640,1,-56.36
78,1,40,10,25,11,20,-95.0,150.0,137.159223990986,0.9144,11,-43.05
78,2,25,25,25,1,20,-95.0,150.0,139.02904668418083,0.9269,8,-48.91
78,3,10,40,25,1,20,-95.0,150.0,112.21964356896362,0.7481,5,-52.48
78,4,40,40,25,1,20,-95.0,150.0,0.0,0.0000,0,-57.08
79,0,10,10,25,1,20,-95.0,150.0,24.60153413244649,0.1640,1,-56.04
79,1,40,10,25,11,20,-95.0,150.0,137.159223990986,0.9144,11,-47.63
79,2,25,25,25,1,20,-95.0,150.0,150.0,1.0000,9,-47.60
79,3,10,40,25,1,20,-95.0,150.0,91.35109198435558,0.6090,4,-52.46
79,4,40,40,25,1,20,-95.0,150.0,0.0,0.0000,0,-57.20
80,0,10,10,25,1,20,-95.0,150.0,24.60153413244649,0.1640,1,-55.61
80,1,40,10,25,11,20,-95.0,150.0,137.159223990986,0.9144,11,-49.75
80,2,25,25,25,1,20,-95.0,150.0,150.0,1.0000,10,-43.65
80,3,10,40,25,1,20,-95.0,150.0,70.32965131330174,0.4689,3,-51.93
80,4,40,40,25,1,20,-95.0,150.0,0.0,0.0000,0,-57.26
81,0,10,10,25,1,20,-95.0,150.0,52.447229206401495,0.3496,3,-54.99
81,1,40,10,25,11,20,-95.0,150.0,126.35650715142945,0.8424,10,-50.68
81,2,25,25,25,1,20,-95.0,150.0,147.32267069180014,0.9822,8,-39.81
81,3,10,40,25,1,20,-95.0,150.0,83.09465312823409,0.5540,4,-51.40
81,4,40,40,25,1,20,-95.0,150.0,0.0,0.0000,0,-57.31
82,0,10,10,25,1,20,-95.0,150.0,65.00031900472104,0.4333,4,-54.04
82,1,40,10,25,11,20,-95.0,150.0,113.80341735310991,0.7587,9,-50.67
82,2,25,25,25,1,20,-95.0,150.0,150.0,1.0000,8,-41.90
82,3,10,40,25,1,20,-95.0,150.0,83.09465312823409,0.5540,4,-51.50
82,4,40,40,25,1,20,-95.0,150.0,0.0,0.0000,0,-57.33
83,0,10,10,25,1,20,-95.0,150.0,72.66817226570917,0.4845,5,-52.53
83,1,40,10,25,11,20,-95.0,150.0,113.80341735310991,0.7587,9,-49.48
83,2,25,25,25,1,20,-95.0,150.0,143.44320562952376,0.9563,7,-46.14
83,3,10,40,25,1,20,-95.0,150.0,83.09465312823409,0.5540,4,-51.46
83,4,40,40,25,1,20,-95.0,150.0,0.0,0.0000,0,-57.33
84,0,10,10,25,1,20,-95.0,150.0,72.66817226570917,0.4845,5,-50.08
84,1,40,10,25,11,20,-95.0,150.0,96.76043911871143,0.6451,8,-47.25
84,2,25,25,25,1,20,-95.0,150.0,150.0,1.0000,8,-46.68
84,3,10,40,25,1,20,-95.0,150.0,83.09465312823409,0.5540,4,-51.44
84,4,40,40,25,1,20,-95.0,150.0,0.0,0.0000,0,-57.32
85,0,10,10,25,1,20,-95.0,150.0,89.71115050010764,0.5981,6,-46.16
85,1,40,10,25,11,20,-95.0,150.0,85.89492543940871,0.5726,7,-45.47
85,2,25,25,25,1,20,-95.0,150.0,143.44320562952376,0.9563,7,-46.61
85,3,10,40,25,1,20,-95.0,150.0,83.09465312823409,0.5540,4,-51.48
85,4,40,40,25,1,20,-95.0,150.0,10.865513679302717,0.0724,1,-57.33
86,0,10,10,25,1,20,-95.0,150.0,89.71115050010764,0.5981,6,-43.93
86,1,40,10,25,11,20,-95.0,150.0,77.22016208548231,0.5148,6,-46.99
86,2,25,25,25,1,20,-95.0,150.0,143.44320562952376,0.9563,7,-47.65
86,3,10,40,25,1,20,-95.0,150.0,83.09465312823409,0.5540,4,-51.11
86,4,40,40,25,1,20,-95.0,150.0,19.54027703322911,0.1303,2,-57.33
87,0,10,10,25,1,20,-95.0,150.0,123.918424614324,0.8261,8,-43.78
87,1,40,10,25,11,20,-95.0,150.0,43.012887971265975,0.2868,4,-48.71
87,2,25,25,25,1,20,-95.0,150.0,142.6168835609977,0.9508,7,-49.69
87,3,10,40,25,1,20,-95.0,150.0,83.09465312823409,0.5540,4,-50.31
87,4,40,40,25,1,20,-95.0,150.0,19.54027703322911,0.1303,2,-57.31
88,0,10,10,25,1,20,-95.0,150.0,142.57993830407202,0.9505,9,-47.08
88,1,40,10,25,11,20,-95.0,150.0,43.012887971265975,0.2868,4,-50.42
88,2,25,25,25,1,20,-95.0,150.0,96.80110491698288,0.6453,5,-51.25
88,3,10,40,25,1,20,-95.0,150.0,92.8984806595337,0.6193,5,-49.54
88,4,40,40,25,1,20,-95.0,150.0,19.54027703322911,0.1303,2,-57.26
89,0,10,10,25,1,20,-95.0,150.0,141.0282650688503,0.9402,9,-49.70
89,1,40,10,25,11,20,-95.0,150.0,43.012887971265975,0.2868,4,-51.33
89,2,25,25,25,1,20,-95.0,150.0,69.3820824285841,0.4625,4,-52.08
89,3,10,40,25,1,20,-95.0,150.0,111.74159160191135,0.7449,6,-48.84
89,4,40,40,25,1,20,-95.0,150.0,19.54027703322911,0.1303,2,-57.17
90,0,10,10,25,1,20,-95.0,150.0,150.00000000000003,1.0000,11,-50.29
90,1,40,10,25,11,20,-95.0,150.0,43.012887971265975,0.2868,4,-51.61
90,2,25,25,25,1,20,-95.0,150.0,41.88999225566187,0.2793,2,-52.51
90,3,10,40,25,1,20,-95.0,150.0,111.47087584224718,0.7431,6,-47.87
90,4,40,40,25,1,20,-95.0,150.0,19.54027703322911,0.1303,2,-57.07
91,0,10,10,25,1,20,-95.0,150.0,150.0,1.0000,10,-49.88
91,1,40,10,25,11,20,-95.0,150.0,43.012887971265975,0.2868,4,-51.48
91,2,25,25,25,1,20,-95.0,150.0,82.06836396111625,0.5471,4,-52.69
91,3,10,40,25,1,20,-95.0,150.0,87.53390774360099,0.5836,5,-46.69
91,4,40,40,25,1,20,-95.0,150.0,19.54027703322911,0.1303,2,-56.97
92,0,10,10,25,1,20,-95.0,150.0,150.0,1.0000,10,-48.75
92,1,40,10,25,11,20,-95.0,150.0,63.88143955587401,0.4259,5,-51.19
92,2,25,25,25,1,20,-95.0,150.0,56.05818511909845,0.3737,3,-52.74
92,3,10,40,25,1,20,-95.0,150.0,90.86685964094892,0.6058,5,-46.73
92,4,40,40,25,1,20,-95.0,150.0,19.54027703322911,0.1303,2,-56.86
93,0,10,10,25,1,20,-95.0,150.0,150.0,1.0000,10,-46.43
93,1,40,10,25,11,20,-95.0,150.0,63.88143955587401,0.4259,5,-50.61
93,2,25,25,25,1,20,-95.0,150.0,62.232992020765465,0.4149,3,-52.71
93,3,10,40,25,1,20,-95.0,150.0,93.76499022154792,0.6251,5,-47.98
93,4,40,40,25,1,20,-95.0,150.0,19.54027703322911,0.1303,2,-56.70
94,0,10,10,25,1,20,-95.0,150.0,136.07625512134936,0.9072,9,-40.81
94,1,40,10,25,11,20,-95.0,150.0,63.88143955587401,0.4259,5,-49.67
94,2,25,25,25,1,20,-95.0,150.0,50.99814928970574,0.3400,2,-52.48
94,3,10,40,25,1,20,-95.0,150.0,106.43229365682234,0.7095,6,-49.48
94,4,40,40,25,1,20,-95.0,150.0,37.57178066768954,0.2505,3,-56.55
95,0,10,10,25,1,20,-95.0,150.0,136.07625512134936,0.9072,9,-38.59
95,1,40,10,25,11,20,-95.0,150.0,63.88143955587401,0.4259,5,-48.87
95,2,25,25,25,1,20,-95.0,150.0,70.7418204927918,0.4716,3,-52.31
95,3,10,40,25,1,20,-95.0,150.0,87.49273506999148,0.5833,5,-50.97
95,4,40,40,25,1,20,-95.0,150.0,39.48219591710735,0.2632,3,-56.37
96,0,10,10,25,1,20,-95.0,150.0,112.54616969246287,0.7503,8,-44.90
96,1,40,10,25,11,20,-95.0,150.0,87.4115249847605,0.5827,6,-47.67
96,2,25,25,25,1,20,-95.0,150.0,69.73082353042317,0.4649,3,-52.09
96,3,10,40,25,1,20,-95.0,150.0,90.37254273698514,0.6025,5,-52.13
96,4,40,40,25,1,20,-95.0,150.0,40.56171770428295,0.2704,3,-56.21
97,0,10,10,25,1,20,-95.0,150.0,112.54616969246287,0.7503,8,-48.65
97,1,40,10,25,11,20,-95.0,150.0,87.4115249847605,0.5827,6,-46.63
97,2,25,25,25,1,20,-95.0,150.0,74.17458674190613,0.4945,3,-52.07
97,3,10,40,25,1,20,-95.0,150.0,93.97604624792217,0.6265,5,-52.83
97,4,40,40,25,1,20,-95.0,150.0,40.56171770428295,0.2704,3,-56.00
98,0,10,10,25,1,20,-95.0,150.0,112.54616969246287,0.7503,8,-50.17
98,1,40,10,25,11,20,-95.0,150.0,87.4115249847605,0.5827,6,-45.16
98,2,25,25,25,1,20,-95.0,150.0,74.17458674190613,0.4945,3,-51.85
98,3,10,40,25,1,20,-95.0,150.0,96.24947502804372,0.6417,5,-53.22
98,4,40,40,25,1,20,-95.0,150.0,40.56171770428295,0.2704,3,-55.76
99,0,10,10,25,1,20,-95.0,150.0,112.54616969246287,0.7503,8,-50.77
99,1,40,10,25,11,20,-95.0,150.0,87.4115249847605,0.5827,6,-41.81
99,2,25,25,25,1,20,-95.0,150.0,74.17458674190613,0.4945,3,-51.48
99,3,10,40,25,1,20,-95.0,150.0,98.31544925316447,0.6554,5,-53.42
99,4,40,40,25,1,20,-95.0,150.0,40.56171770428295,0.2704,3,-55.43
100,0,10,10,25,1,20,-95.0,150.0,112.54616969246287,0.7503,8,-50.43
100,1,40,10,25,11,20,-95.0,150.0,87.4115249847605,0.5827,6,-32.23
100,2,25,25,25,1,20,-95.0,150.0,74.17458674190613,0.4945,3,-51.29
100,3,10,40,25,1,20,-95.0,150.0,98.31544925316447,0.6554,5,-53.57
100,4,40,40,25,1,20,-95.0,150.0,40.56171770428295,0.2704,3,-55.01
101,0,10,10,25,1,20,-95.0,150.0,112.54616969246287,0.7503,8,-49.08
101,1,40,10,25,11,20,-95.0,150.0,87.4115249847605,0.5827,6,-28.35
101,2,25,25,25,1,20,-95.0,150.0,46.39183042347243,0.3093,2,-51.08
101,3,10,40,25,1,20,-95.0,150.0,98.31544925316447,0.6554,5,-53.66
101,4,40,40,25,1,20,-95.0,150.0,60.97233061151232,0.4065,4,-54.64
102,0,10,10,25,1,20,-95.0,150.0,93.73259126778832,0.6249,7,-47.75
102,1,40,10,25,11,20,-95.0,150.0,87.4115249847605,0.5827,6,-38.38
102,2,25,25,25,1,20,-95.0,150.0,65.20540884814696,0.4347,3,-50.84
102,3,10,40,25,1,20,-95.0,150.0,98.31544925316447,0.6554,5,-53.82
102,4,40,40,25,1,20,-95.0,150.0,62.47170982332972,0.4165,4,-54.27
103,0,10,10,25,1,20,-95.0,150.0,93.73259126778832,0.6249,7,-46.98
103,1,40,10,25,11,20,-95.0,150.0,87.4115249847605,0.5827,6,-34.47
103,2,25,25,25,1,20,-95.0,150.0,65.20540884814696,0.4347,3,-50.42
103,3,10,40,25,1,20,-95.0,150.0,98.31544925316447,0.6554,5,-54.02
103,4,40,40,25,1,20,-95.0,150.0,67.78401245820635,0.4519,4,-53.87
104,0,10,10,25,1,20,-95.0,150.0,75.7058275683746,0.5047,5,-46.35
104,1,40,10,25,11,20,-95.0,150.0,94.76109999884439,0.6317,7,-12.92
104,2,25,25,25,1,20,-95.0,150.0,75.88259753347681,0.5059,4,-50.03
104,3,10,40,25,1,20,-95.0,150.0,98.31544925316447,0.6554,5,-54.15
104,4,40,40,25,1,20,-95.0,150.0,68.34447402271664,0.4556,4,-53.29
105,0,10,10,25,1,20,-95.0,150.0,66.67371091909412,0.4445,4,-48.46
105,1,40,10,25,11,20,-95.0,150.0,94.76109999884439,0.6317,7,-37.44
105,2,25,25,25,1,20,-95.0,150.0,75.88259753347681,0.5059,4,-49.55
105,3,10,40,25,1,20,-95.0,150.0,107.34756590244496,0.7157,6,-54.26
105,4,40,40,25,1,20,-95.0,150.0,68.34447402271664,0.4556,4,-52.64
106,0,10,10,25,1,20,-95.0,150.0,66.67371091909412,0.4445,4,-50.91
106,1,40,10,25,11,20,-95.0,150.0,94.76109999884439,0.6317,7,-42.34
106,2,25,25,25,1,20,-95.0,150.0,75.88259753347681,0.5059,4,-48.69
106,3,10,40,25,1,20,-95.0,150.0,107.34756590244496,0.7157,6,-54.20
106,4,40,40,25,1,20,-95.0,150.0,68.34447402271664,0.4556,4,-52.04
107,0,10,10,25,1,20,-95.0,150.0,66.67371091909412,0.4445,4,-52.55
107,1,40,10,25,11,20,-95.0,150.0,94.76109999884439,0.6317,7,-34.06
107,2,25,25,25,1,20,-95.0,150.0,75.88259753347681,0.5059,4,-47.59
107,3,10,40,25,1,20,-95.0,150.0,107.34756590244496,0.7157,6,-54.07
107,4,40,40,25,1,20,-95.0,150.0,68.34447402271664,0.4556,4,-51.28
108,0,10,10,25,1,20,-95.0,150.0,66.67371091909412,0.4445,4,-53.62
108,1,40,10,25,11,20,-95.0,150.0,94.76109999884439,0.6317,7,-37.61
108,2,25,25,25,1,20,-95.0,150.0,51.28106340103032,0.3419,3,-45.90
108,3,10,40,25,1,20,-95.0,150.0,107.34756590244496,0.7157,6,-53.70
108,4,40,40,25,1,20,-95.0,150.0,89.93770213750206,0.5996,5,-50.12
109,0,10,10,25,1,20,-95.0,150.0,66.67371091909412,0.4445,4,-54.22
109,1,40,10,25,11,20,-95.0,150.0,94.76109999884439,0.6317,7,-46.47
109,2,25,25,25,1,20,-95.0,150.0,51.28106340103032,0.3419,3,-41.46
109,3,10,40,25,1,20,-95.0,150.0,107.34756590244496,0.7157,6,-53.26
109,4,40,40,25,1,20,-95.0,150.0,89.60254265423382,0.5974,5,-48.60
110,0,10,10,25,1,20,-95.0,150.0,66.67371091909412,0.4445,4,-54.89
110,1,40,10,25,11,20,-95.0,150.0,94.76109999884439,0.6317,7,-50.18
110,2,25,25,25,1,20,-95.0,150.0,51.28106340103032,0.3419,3,-31.31
110,3,10,40,25,1,20,-95.0,150.0,107.34756590244496,0.7157,6,-52.74
110,4,40,40,25,1,20,-95.0,150.0,92.94600815516314,0.6196,5,-47.09
111,0,10,10,25,1,20,-95.0,150.0,66.67371091909412,0.4445,4,-55.39
111,1,40,10,25,11,20,-95.0,150.0,94.76109999884439,0.6317,7,-52.05
111,2,25,25,25,1,20,-95.0,150.0,51.28106340103032,0.3419,3,-40.67
111,3,10,40,25,1,20,-95.0,150.0,107.34756590244496,0.7157,6,-52.02
111,4,40,40,25,1,20,-95.0,150.0,92.94600815516314,0.6196,5,-45.85
112,0,10,10,25,1,20,-95.0,150.0,59.005857658105995,0.3934,3,-55.82
112,1,40,10,25,11,20,-95.0,150.0,94.76109999884439,0.6317,7,-53.06
112,2,25,25,25,1,20,-95.0,150.0,51.28106340103032,0.3419,3,-46.61
112,3,10,40,25,1,20,-95.0,150.0,115.01541916343308,0.7668,7,-50.98
112,4,40,40,25,1,20,-95.0,150.0,92.94600815516314,0.6196,5,-44.12
113,0,10,10,25,1,20,-95.0,150.0,55.60158274762906,0.3707,3,-56.15
113,1,40,10,25,11,20,-95.0,150.0,81.12239667492284,0.5408,6,-53.65
113,2,25,25,25,1,20,-95.0,150.0,51.28106340103032,0.3419,3,-49.07
113,3,10,40,25,1,20,-95.0,150.0,130.188350802318,0.8679,8,-49.43
113,4,40,40,25,1,20,-95.0,150.0,92.94600815516314,0.6196,5,-42.65
114,0,10,10,25,1,20,-95.0,150.0,55.60158274762906,0.3707,3,-56.40
114,1,40,10,25,11,20,-95.0,150.0,81.12239667492284,0.5408,6,-54.00
114,2,25,25,25,1,20,-95.0,150.0,51.28106340103032,0.3419,3,-50.22
114,3,10,40,25,1,20,-95.0,150.0,130.18201500445895,0.8679,8,-47.64
114,4,40,40,25,1,20,-95.0,150.0,92.94600815516314,0.6196,5,-41.59
115,0,10,10,25,1,20,-95.0,150.0,32.85559842625689,0.2190,3,-56.50
115,1,40,10,25,11,20,-95.0,150.0,103.86838099629502,0.6925,6,-54.16
115,2,25,25,25,1,20,-95.0,150.0,51.28106340103032,0.3419,3,-50.91
115,3,10,40,25,1,20,-95.0,150.0,132.05839739783158,0.8804,8,-45.33
115,4,40,40,25,1,20,-95.0,150.0,92.94600815516314,0.6196,5,-40.91
116,0,10,10,25,1,20,-95.0,150.0,32.85559842625689,0.2190,3,-56.57
116,1,40,10,25,11,20,-95.0,150.0,103.86838099629502,0.6925,6,-54.25
116,2,25,25,25,1,20,-95.0,150.0,51.28106340103032,0.3419,3,-51.44
116,3,10,40,25,1,20,-95.0,150.0,132.05839739783158,0.8804,8,-45.36
116,4,40,40,25,1,20,-95.0,150.0,92.94600815516314,0.6196,5,-39.92
117,0,10,10,25,1,20,-95.0,150.0,32.85559842625689,0.2190,3,-56.57
117,1,40,10,25,11,20,-95.0,150.0,125.65867728732096,0.8377,7,-54.24
117,2,25,25,25,1,20,-95.0,150.0,18.81357842467453,0.1254,1,-52.25
117,3,10,40,25,1,20,-95.0,150.0,132.05839739783158,0.8804,8,-47.48
117,4,40,40,25,1,20,-95.0,150.0,103.623196840493,0.6908,6,-40.55
118,0,10,10,25,1,20,-95.0,150.0,53.72415001086492,0.3582,4,-56.56
118,1,40,10,25,11,20,-95.0,150.0,104.79012570271291,0.6986,6,-54.03
118,2,25,25,25,1,20,-95.0,150.0,18.81357842467453,0.1254,1,-52.92
118,3,10,40,25,1,20,-95.0,150.0,132.05839739783158,0.8804,8,-50.13
118,4,40,40,25,1,20,-95.0,150.0,103.623196840493,0.6908,6,-42.10
119,0,10,10,25,1,20,-95.0,150.0,41.17106021254537,0.2745,3,-56.44
119,1,40,10,25,11,20,-95.0,150.0,117.34321550103246,0.7823,7,-53.65
119,2,25,25,25,1,20,-95.0,150.0,18.81357842467453,0.1254,1,-53.34
119,3,10,40,25,1,20,-95.0,150.0,132.05839739783158,0.8804,8,-51.31
119,4,40,40,25,1,20,-95.0,150.0,103.623196840493,0.6908,6,-44.07
120,0,10,10,25,1,20,-95.0,150.0,41.17106021254537,0.2745,3,-56.25
120,1,40,10,25,11,20,-95.0,150.0,101.9238515321763,0.6795,6,-53.02
120,2,25,25,25,1,20,-95.0,150.0,18.81357842467453,0.1254,1,-53.52
120,3,10,40,25,1,20,-95.0,150.0,132.05839739783158,0.8804,8,-51.29
120,4,40,40,25,1,20,-95.0,150.0,119.04256080934915,0.7936,7,-44.75
121,0,10,10,25,1,20,-95.0,150.0,41.17106021254537,0.2745,3,-56.05
121,1,40,10,25,11,20,-95.0,150.0,101.9238515321763,0.6795,6,-52.13
121,2,25,25,25,1,20,-95.0,150.0,18.81357842467453,0.1254,1,-53.60
121,3,10,40,25,1,20,-95.0,150.0,132.05839739783158,0.8804,8,-49.95
121,4,40,40,25,1,20,-95.0,150.0,119.04256080934915,0.7936,7,-40.85
122,0,10,10,25,1,20,-95.0,150.0,41.17106021254537,0.2745,3,-55.70
122,1,40,10,25,11,20,-95.0,150.0,101.9238515321763,0.6795,6,-51.05
122,2,25,25,25,1,20,-95.0,150.0,28.617405955974146,0.1908,2,-53.61
122,3,10,40,25,1,20,-95.0,150.0,122.25456986653197,0.8150,7,-47.32
122,4,40,40,25,1,20,-95.0,150.0,119.04256080934915,0.7936,7,-32.15
123,0,10,10,25,1,20,-95.0,150.0,41.17106021254537,0.2745,3,-55.18
123,1,40,10,25,11,20,-95.0,150.0,101.9238515321763,0.6795,6,-49.55
123,2,25,25,25,1,20,-95.0,150.0,28.617405955974146,0.1908,2,-53.66
123,3,10,40,25,1,20,-95.0,150.0,122.25456986653197,0.8150,7,-43.01
123,4,40,40,25,1,20,-95.0,150.0,119.04256080934915,0.7936,7,-43.49
124,0,10,10,25,1,20,-95.0,150.0,56.905292217654136,0.3794,4,-54.68
124,1,40,10,25,11,20,-95.0,150.0,101.9238515321763,0.6795,6,-47.60
124,2,25,25,25,1,20,-95.0,150.0,28.617405955974146,0.1908,2,-53.64
124,3,10,40,25,1,20,-95.0,150.0,105.21159163213346,0.7014,6,-39.06
124,4,40,40,25,1,20,-95.0,150.0,119.04256080934915,0.7936,7,-48.40
125,0,10,10,25,1,20,-95.0,150.0,67.04206664371316,0.4469,5,-54.19
125,1,40,10,25,11,20,-95.0,150.0,101.9238515321763,0.6795,6,-44.23
125,2,25,25,25,1,20,-95.0,150.0,18.81357842467453,0.1254,1,-53.58
125,3,10,40,25,1,20,-95.0,150.0,102.25041734850072,0.6817,6,-37.33
125,4,40,40,25,1,20,-95.0,150.0,119.04256080934915,0.7936,7,-50.56
126,0,10,10,25,1,20,-95.0,150.0,70.10303429468385,0.4674,5,-53.69
126,1,40,10,25,11,20,-95.0,150.0,101.9238515321763,0.6795,6,-41.19
126,2,25,25,25,1,20,-95.0,150.0,19.668181718711832,0.1311,1,-53.40
126,3,10,40,25,1,20,-95.0,150.0,102.25041734850072,0.6817,6,-38.83
126,4,40,40,25,1,20,-95.0,150.0,109.21087898947667,0.7281,7,-51.92
127,0,10,10,25,1,20,-95.0,150.0,58.214038446943846,0.3881,4,-53.29
127,1,40,10,25,11,20,-95.0,150.0,117.34321550103246,0.7823,7,-43.88
127,2,25,25,25,1,20,-95.0,150.0,27.7827563184337,0.1852,1,-53.01
127,3,10,40,25,1,20,-95.0,150.0,105.98330251415263,0.7066,6,-42.86
127,4,40,40,25,1,20,-95.0,150.0,100.96322955102,0.6731,7,-52.82
128,0,10,10,25,1,20,-95.0,150.0,58.214038446943846,0.3881,4,-52.71
128,1,40,10,25,11,20,-95.0,150.0,117.34321550103246,0.7823,7,-46.82
128,2,25,25,25,1,20,-95.0,150.0,52.38429045088019,0.3492,2,-52.31
128,3,10,40,25,1,20,-95.0,150.0,105.98330251415263,0.7066,6,-46.98
128,4,40,40,25,1,20,-95.0,150.0,79.08460146356781,0.5272,6,-53.28
129,0,10,10,25,1,20,-95.0,150.0,58.214038446943846,0.3881,4,-51.64
129,1,40,10,25,11,20,-95.0,150.0,117.34321550103246,0.7823,7,-48.99
129,2,25,25,25,1,20,-95.0,150.0,49.447494013120185,0.3296,2,-51.15
129,3,10,40,25,1,20,-95.0,150.0,105.98330251415263,0.7066,6,-49.02
129,4,40,40,25,1,20,-95.0,150.0,79.08460146356781,0.5272,6,-53.32
130,0,10,10,25,1,20,-95.0,150.0,58.214038446943846,0.3881,4,-49.77
130,1,40,10,25,11,20,-95.0,150.0,117.34321550103246,0.7823,7,-50.10
130,2,25,25,25,1,20,-95.0,150.0,52.38429045088019,0.3492,2,-49.27
130,3,10,40,25,1,20,-95.0,150.0,105.98330251415263,0.7066,6,-50.07
130,4,40,40,25,1,20,-95.0,150.0,79.08460146356781,0.5272,6,-52.99
131,0,10,10,25,1,20,-95.0,150.0,58.214038446943846,0.3881,4,-45.58
131,1,40,10,25,11,20,-95.0,150.0,117.34321550103246,0.7823,7,-50.87
131,2,25,25,25,1,20,-95.0,150.0,52.38429045088019,0.3492,2,-45.42
131,3,10,40,25,1,20,-95.0,150.0,96.17947498285301,0.6412,5,-50.15
131,4,40,40,25,1,20,-95.0,150.0,88.88842899486743,0.5926,7,-52.39
132,0,10,10,25,1,20,-95.0,150.0,58.214038446943846,0.3881,4,-37.98
132,1,40,10,25,11,20,-95.0,150.0,117.34321550103246,0.7823,7,-51.14
132,2,25,25,25,1,20,-95.0,150.0,52.38429045088019,0.3492,2,-37.22
132,3,10,40,25,1,20,-95.0,150.0,96.17947498285301,0.6412,5,-50.24
132,4,40,40,25,1,20,-95.0,150.0,88.88842899486743,0.5926,7,-51.34
133,0,10,10,25,1,20,-95.0,150.0,58.214038446943846,0.3881,4,-41.12
133,1,40,10,25,11,20,-95.0,150.0,117.34321550103246,0.7823,7,-51.20
133,2,25,25,25,1,20,-95.0,150.0,52.38429045088019,0.3492,2,-12.80
133,3,10,40,25,1,20,-95.0,150.0,96.17947498285301,0.6412,5,-50.14
133,4,40,40,25,1,20,-95.0,150.0,88.88842899486743,0.5926,7,-49.59
134,0,10,10,25,1,20,-95.0,150.0,58.214038446943846,0.3881,4,-46.02
134,1,40,10,25,11,20,-95.0,150.0,117.34321550103246,0.7823,7,-51.15
134,2,25,25,25,1,20,-95.0,150.0,65.14929226581253,0.4343,3,-36.08
134,3,10,40,25,1,20,-95.0,150.0,83.41447316792065,0.5561,4,-50.09
134,4,40,40,25,1,20,-95.0,150.0,88.88842899486743,0.5926,7,-47.04
135,0,10,10,25,1,20,-95.0,150.0,58.214038446943846,0.3881,4,-46.44
135,1,40,10,25,11,20,-95.0,150.0,117.34321550103246,0.7823,7,-50.84
135,2,25,25,25,1,20,-95.0,150.0,65.14929226581253,0.4343,3,-41.61
135,3,10,40,25,1,20,-95.0,150.0,83.41447316792065,0.5561,4,-50.59
135,4,40,40,25,1,20,-95.0,150.0,88.88842899486743,0.5926,7,-42.66
136,0,10,10,25,1,20,-95.0,150.0,58.214038446943846,0.3881,4,-44.92
136,1,40,10,25,11,20,-95.0,150.0,87.93342587564449,0.5862,6,-50.66
136,2,25,25,25,1,20,-95.0,150.0,65.14929226581253,0.4343,3,-45.43
136,3,10,40,25,1,20,-95.0,150.0,83.41447316792065,0.5561,4,-51.32
136,4,40,40,25,1,20,-95.0,150.0,118.2982186202554,0.7887,8,-39.43
137,0,10,10,25,1,20,-95.0,150.0,58.214038446943846,0.3881,4,-35.87
137,1,40,10,25,11,20,-95.0,150.0,87.93342587564449,0.5862,6,-50.18
137,2,25,25,25,1,20,-95.0,150.0,65.14929226581253,0.4343,3,-47.88
137,3,10,40,25,1,20,-95.0,150.0,82.60057006154648,0.5507,4,-51.88
137,4,40,40,25,1,20,-95.0,150.0,116.92273911578694,0.7795,8,-43.69
138,0,10,10,25,1,20,-95.0,150.0,51.55023314292805,0.3437,3,-29.58
138,1,40,10,25,11,20,-95.0,150.0,87.93342587564449,0.5862,6,-49.93
138,2,25,25,25,1,20,-95.0,150.0,71.81309756982833,0.4788,4,-49.90
138,3,10,40,25,1,20,-95.0,150.0,81.55601101584605,0.5437,4,-52.60
138,4,40,40,25,1,20,-95.0,150.0,118.2982186202554,0.7887,8,-46.33
139,0,10,10,25,1,20,-95.0,150.0,51.55023314292805,0.3437,3,-44.44
139,1,40,10,25,11,20,-95.0,150.0,87.93342587564449,0.5862,6,-50.71
139,2,25,25,25,1,20,-95.0,150.0,71.81309756982833,0.4788,4,-50.91
139,3,10,40,25,1,20,-95.0,150.0,80.38578216373764,0.5359,4,-53.21
139,4,40,40,25,1,20,-95.0,150.0,118.2982186202554,0.7887,8,-47.34
140,0,10,10,25,1,20,-95.0,150.0,51.55023314292805,0.3437,3,-47.82
140,1,40,10,25,11,20,-95.0,150.0,87.93342587564449,0.5862,6,-51.14
140,2,25,25,25,1,20,-95.0,150.0,71.81309756982833,0.4788,4,-51.33
140,3,10,40,25,1,20,-95.0,150.0,79.79031796163903,0.5319,4,-53.69
140,4,40,40,25,1,20,-95.0,150.0,118.2982186202554,0.7887,8,-47.83
141,0,10,10,25,1,20,-95.0,150.0,51.55023314292805,0.3437,3,-49.36
141,1,40,10,25,11,20,-95.0,150.0,87.93342587564449,0.5862,6,-51.45
141,2,25,25,25,1,20,-95.0,150.0,71.81309756982833,0.4788,4,-51.34
141,3,10,40,25,1,20,-95.0,150.0,81.5476971215628,0.5437,4,-54.02
141,4,40,40,25,1,20,-95.0,150.0,118.2982186202554,0.7887,8,-48.19
142,0,10,10,25,1,20,-95.0,150.0,59.21808640391618,0.3948,4,-50.07
142,1,40,10,25,11,20,-95.0,150.0,87.93342587564449,0.5862,6,-51.59
142,2,25,25,25,1,20,-95.0,150.0,71.81309756982833,0.4788,4,-51.04
142,3,10,40,25,1,20,-95.0,150.0,73.33759590707214,0.4889,3,-54.21
142,4,40,40,25,1,20,-95.0,150.0,118.2982186202554,0.7887,8,-48.63
143,0,10,10,25,1,20,-95.0,150.0,80.14316395038568,0.5343,5,-50.19
143,1,40,10,25,11,20,-95.0,150.0,80.58385086156062,0.5372,5,-51.36
143,2,25,25,25,1,20,-95.0,150.0,72.9657690601764,0.4864,5,-50.57
143,3,10,40,25,1,20,-95.0,150.0,49.45099274161914,0.3297,2,-54.21
143,4,40,40,25,1,20,-95.0,150.0,118.2982186202554,0.7887,8,-48.63
144,0,10,10,25,1,20,-95.0,150.0,62.95106895175464,0.4197,4,-49.90
144,1,40,10,25,11,20,-95.0,150.0,80.58385086156062,0.5372,5,-50.89
144,2,25,25,25,1,20,-95.0,150.0,85.61215590131934,0.5707,6,-50.04
144,3,10,40,25,1,20,-95.0,150.0,49.45099274161914,0.3297,2,-53.78
144,4,40,40,25,1,20,-95.0,150.0,118.2982186202554,0.7887,8,-48.68
145,0,10,10,25,1,20,-95.0,150.0,62.95106895175464,0.4197,4,-49.04
145,1,40,10,25,11,20,-95.0,150.0,80.58385086156062,0.5372,5,-49.96
145,2,25,25,25,1,20,-95.0,150.0,70.1859495548112,0.4679,5,-49.50
145,3,10,40,25,1,20,-95.0,150.0,75.55748587517965,0.5037,4,-53.03
145,4,40,40,25,1,20,-95.0,150.0,107.62102993492553,0.7175,7,-49.31
146,0,10,10,25,1,20,-95.0,150.0,62.95106895175464,0.4197,4,-45.35
146,1,40,10,25,11,20,-95.0,150.0,80.58385086156062,0.5372,5,-48.95
146,2,25,25,25,1,20,-95.0,150.0,73.60872976579225,0.4907,5,-48.75
146,3,10,40,25,1,20,-95.0,150.0,77.04275881991958,0.5136,4,-52.03
146,4,40,40,25,1,20,-95.0,150.0,107.62102993492553,0.7175,7,-49.47
147,0,10,10,25,1,20,-95.0,150.0,62.95106895175464,0.4197,4,-37.59
147,1,40,10,25,11,20,-95.0,150.0,80.58385086156062,0.5372,5,-49.07
147,2,25,25,25,1,20,-95.0,150.0,73.94256088295344,0.4930,5,-47.49
147,3,10,40,25,1,20,-95.0,150.0,82.70604006606773,0.5514,4,-50.72
147,4,40,40,25,1,20,-95.0,150.0,107.62102993492553,0.7175,7,-48.75
148,0,10,10,25,1,20,-95.0,150.0,62.95106895175464,0.4197,4,-43.71
148,1,40,10,25,11,20,-95.0,150.0,80.58385086156062,0.5372,5,-49.75
148,2,25,25,25,1,20,-95.0,150.0,73.94256088295344,0.4930,5,-45.09
148,3,10,40,25,1,20,-95.0,150.0,87.9109377453827,0.5861,4,-50.42
148,4,40,40,25,1,20,-95.0,150.0,107.62102993492553,0.7175,7,-47.13
149,0,10,10,25,1,20,-95.0,150.0,62.95106895175464,0.4197,4,-45.93
149,1,40,10,25,11,20,-95.0,150.0,101.45240244616865,0.6763,6,-51.64
149,2,25,25,25,1,20,-95.0,150.0,72.5954074568865,0.4840,5,-41.62
149,3,10,40,25,1,20,-95.0,150.0,67.1543390415406,0.4477,3,-51.43
149,4,40,40,25,1,20,-95.0,150.0,107.62102993492553,0.7175,7,-44.25
150,0,10,10,25,1,20,-95.0,150.0,62.95106895175464,0.4197,4,-45.62
150,1,40,10,25,11,20,-95.0,150.0,101.45240244616865,0.6763,6,-52.57
150,2,25,25,25,1,20,-95.0,150.0,82.31343630068514,0.5488,6,-36.59
150,3,10,40,25,1,20,-95.0,150.0,67.1543390415406,0.4477,3,-52.21
150,4,40,40,25,1,20,-95.0,150.0,98.58891328564506,0.6573,6,-38.64
151,0,10,10,25,1,20,-95.0,150.0,62.95106895175464,0.4197,4,-46.76
151,1,40,10,25,11,20,-95.0,150.0,101.45240244616865,0.6763,6,-53.03
151,2,25,25,25,1,20,-95.0,150.0,82.86272465146797,0.5524,6,-30.64
151,3,10,40,25,1,20,-95.0,150.0,67.1543390415406,0.4477,3,-52.18
151,4,40,40,25,1,20,-95.0,150.0,98.58891328564506,0.6573,6,-27.59
152,0,10,10,25,1,20,-95.0,150.0,62.95106895175464,0.4197,4,-49.25
152,1,40,10,25,11,20,-95.0,150.0,101.45240244616865,0.6763,6,-53.27
152,2,25,25,25,1,20,-95.0,150.0,82.86272465146797,0.5524,6,-26.31
152,3,10,40,25,1,20,-95.0,150.0,67.1543390415406,0.4477,3,-51.36
152,4,40,40,25,1,20,-95.0,150.0,98.58891328564506,0.6573,6,-23.66
153,0,10,10,25,1,20,-95.0,150.0,62.95106895175464,0.4197,4,-51.49
153,1,40,10,25,11,20,-95.0,150.0,108.11620775018444,0.7208,7,-53.37
153,2,25,25,25,1,20,-95.0,150.0,76.19891934745218,0.5080,5,-31.41
153,3,10,40,25,1,20,-95.0,150.0,67.1543390415406,0.4477,3,-50.00
153,4,40,40,25,1,20,-95.0,150.0,98.58891328564506,0.6573,6,-36.28
154,0,10,10,25,1,20,-95.0,150.0,45.90809071735617,0.3061,3,-52.96
154,1,40,10,25,11,20,-95.0,150.0,104.59523460114536,0.6973,7,-53.22
154,2,25,25,25,1,20,-95.0,150.0,118.57573286278216,0.7905,7,-36.17
154,3,10,40,25,1,20,-95.0,150.0,38.45994500376355,0.2564,2,-47.43
154,4,40,40,25,1,20,-95.0,150.0,98.58891328564506,0.6573,6,-42.01
155,0,10,10,25,1,20,-95.0,150.0,45.90809071735617,0.3061,3,-53.92
155,1,40,10,25,11,20,-95.0,150.0,104.59523460114536,0.6973,7,-53.00
155,2,25,25,25,1,20,-95.0,150.0,116.29009090145456,0.7753,7,-38.55
155,3,10,40,25,1,20,-95.0,150.0,38.45994500376355,0.2564,2,-43.19
155,4,40,40,25,1,20,-95.0,150.0,98.58891328564506,0.6573,6,-45.12
156,0,10,10,25,1,20,-95.0,150.0,61.32745468621233,0.4088,4,-54.51
156,1,40,10,25,11,20,-95.0,150.0,89.17587063228922,0.5945,6,-52.64
156,2,25,25,25,1,20,-95.0,150.0,113.14464290137172,0.7543,6,-36.25
156,3,10,40,25,1,20,-95.0,150.0,38.45994500376355,0.2564,2,-36.20
156,4,40,40,25,1,20,-95.0,150.0,105.93848829972893,0.7063,7,-46.38
157,0,10,10,25,1,20,-95.0,150.0,61.32745468621233,0.4088,4,-54.65
157,1,40,10,25,11,20,-95.0,150.0,89.17587063228922,0.5945,6,-52.18
157,2,25,25,25,1,20,-95.0,150.0,116.60833026094843,0.7774,6,-31.17
157,3,10,40,25,1,20,-95.0,150.0,38.45994500376355,0.2564,2,-18.10
157,4,40,40,25,1,20,-95.0,150.0,105.93848829972893,0.7063,7,-45.57
158,0,10,10,25,1,20,-95.0,150.0,61.32745468621233,0.4088,4,-54.21
158,1,40,10,25,11,20,-95.0,150.0,68.30731904768118,0.4554,5,-51.53
158,2,25,25,25,1,20,-95.0,150.0,100.14987249151437,0.6677,5,-34.38
158,3,10,40,25,1,20,-95.0,150.0,55.502923238162026,0.3700,3,-27.79
158,4,40,40,25,1,20,-95.0,150.0,126.80703988433699,0.8454,8,-44.75
159,0,10,10,25,1,20,-95.0,150.0,61.32745468621233,0.4088,4,-53.66
159,1,40,10,25,11,20,-95.0,150.0,68.30731904768118,0.4554,5,-50.87
159,2,25,25,25,1,20,-95.0,150.0,100.12482900627921,0.6675,5,-40.95
159,3,10,40,25,1,20,-95.0,150.0,71.80594065347543,0.4787,4,-38.34
159,4,40,40,25,1,20,-95.0,150.0,107.99346145966244,0.7200,7,-46.28
160,0,10,10,25,1,20,-95.0,150.0,61.32745468621233,0.4088,4,-53.02
160,1,40,10,25,11,20,-95.0,150.0,68.30731904768118,0.4554,5,-50.15
160,2,25,25,25,1,20,-95.0,150.0,98.51880308416727,0.6568,5,-44.87
160,3,10,40,25,1,20,-95.0,150.0,70.33074038885044,0.4689,4,-44.17
160,4,40,40,25,1,20,-95.0,150.0,107.99346145966244,0.7200,7,-47.38
161,0,10,10,25,1,20,-95.0,150.0,61.32745468621233,0.4088,4,-52.35
161,1,40,10,25,11,20,-95.0,150.0,68.30731904768118,0.4554,5,-49.70
161,2,25,25,25,1,20,-95.0,150.0,94.31225097838126,0.6287,5,-46.79
161,3,10,40,25,1,20,-95.0,150.0,72.63188227946577,0.4842,4,-47.67
161,4,40,40,25,1,20,-95.0,150.0,107.99346145966244,0.7200,7,-48.02
162,0,10,10,25,1,20,-95.0,150.0,80.17592527290114,0.5345,5,-51.53
162,1,40,10,25,11,20,-95.0,150.0,46.51702275665524,0.3101,4,-49.08
162,2,25,25,25,1,20,-95.0,150.0,72.37031748240737,0.4825,4,-47.58
162,3,10,40,25,1,20,-95.0,150.0,74.31650166283656,0.4954,4,-49.60
162,4,40,40,25,1,20,-95.0,150.0,129.78375775068838,0.8652,8,-48.18
163,0,10,10,25,1,20,-95.0,150.0,84.61529243161459,0.5641,5,-50.77
163,1,40,10,25,11,20,-95.0,150.0,46.51702275665524,0.3101,4,-48.14
163,2,25,25,25,1,20,-95.0,150.0,72.37031748240737,0.4825,4,-47.61
163,3,10,40,25,1,20,-95.0,150.0,74.31650166283656,0.4954,4,-50.61
163,4,40,40,25,1,20,-95.0,150.0,129.78375775068838,0.8652,8,-47.97
164,0,10,10,25,1,20,-95.0,150.0,102.57493852230891,0.6838,6,-50.62
164,1,40,10,25,11,20,-95.0,150.0,46.51702275665524,0.3101,4,-47.45
164,2,25,25,25,1,20,-95.0,150.0,59.817227684087825,0.3988,3,-46.75
164,3,10,40,25,1,20,-95.0,150.0,74.31650166283656,0.4954,4,-51.12
164,4,40,40,25,1,20,-95.0,150.0,129.78375775068838,0.8652,8,-48.13
165,0,10,10,25,1,20,-95.0,150.0,102.57493852230891,0.6838,6,-50.57
165,1,40,10,25,11,20,-95.0,150.0,46.51702275665524,0.3101,4,-47.64
165,2,25,25,25,1,20,-95.0,150.0,59.817227684087825,0.3988,3,-45.49
165,3,10,40,25,1,20,-95.0,150.0,74.31650166283656,0.4954,4,-51.77
165,4,40,40,25,1,20,-95.0,150.0,129.78375775068838,0.8652,8,-48.45
166,0,10,10,25,1,20,-95.0,150.0,102.57493852230891,0.6838,6,-50.62
166,1,40,10,25,11,20,-95.0,150.0,46.51702275665524,0.3101,4,-48.41
166,2,25,25,25,1,20,-95.0,150.0,59.817227684087825,0.3988,3,-43.34
166,3,10,40,25,1,20,-95.0,150.0,74.31650166283656,0.4954,4,-52.14
166,4,40,40,25,1,20,-95.0,150.0,129.34423448311315,0.8623,8,-48.36
167,0,10,10,25,1,20,-95.0,150.0,102.57493852230891,0.6838,6,-50.47
167,1,40,10,25,11,20,-95.0,150.0,46.51702275665524,0.3101,4,-48.99
167,2,25,25,25,1,20,-95.0,150.0,90.32896547734018,0.6022,5,-41.00
167,3,10,40,25,1,20,-95.0,150.0,74.31650166283656,0.4954,4,-52.76
167,4,40,40,25,1,20,-95.0,150.0,90.5701405940008,0.6038,6,-48.94
168,0,10,10,25,1,20,-95.0,150.0,102.57493852230891,0.6838,6,-50.85
168,1,40,10,25,11,20,-95.0,150.0,78.06381975286826,0.5204,6,-48.99
168,2,25,25,25,1,20,-95.0,150.0,56.85605340045508,0.3790,3,-38.14
168,3,10,40,25,1,20,-95.0,150.0,74.31650166283656,0.4954,4,-53.26
168,4,40,40,25,1,20,-95.0,150.0,90.5701405940008,0.6038,6,-49.31
169,0,10,10,25,1,20,-95.0,150.0,102.57493852230891,0.6838,6,-51.11
169,1,40,10,25,11,20,-95.0,150.0,88.69181419697557,0.5913,6,-48.79
169,2,25,25,25,1,20,-95.0,150.0,56.85605340045508,0.3790,3,-35.44
169,3,10,40,25,1,20,-95.0,150.0,74.31650166283656,0.4954,4,-53.28
169,4,40,40,25,1,20,-95.0,150.0,90.5701405940008,0.6038,6,-49.71
170,0,10,10,25,1,20,-95.0,150.0,102.57493852230891,0.6838,6,-51.19
170,1,40,10,25,11,20,-95.0,150.0,88.69181419697557,0.5913,6,-48.62
170,2,25,25,25,1,20,-95.0,150.0,56.85605340045508,0.3790,3,-32.78
170,3,10,40,25,1,20,-95.0,150.0,74.31650166283656,0.4954,4,-52.78
170,4,40,40,25,1,20,-95.0,150.0,90.5701405940008,0.6038,6,-49.36
171,0,10,10,25,1,20,-95.0,150.0,94.90708526132079,0.6327,5,-50.89
171,1,40,10,25,11,20,-95.0,150.0,88.69181419697557,0.5913,6,-48.40
171,2,25,25,25,1,20,-95.0,150.0,91.85175240259466,0.6123,6,-34.54
171,3,10,40,25,1,20,-95.0,150.0,74.31650166283656,0.4954,4,-52.30
171,4,40,40,25,1,20,-95.0,150.0,62.352013995308894,0.4157,4,-48.39
172,0,10,10,25,1,20,-95.0,150.0,94.90708526132079,0.6327,5,-51.41
172,1,40,10,25,11,20,-95.0,150.0,88.69181419697557,0.5913,6,-47.94
172,2,25,25,25,1,20,-95.0,150.0,89.22651058915977,0.5948,6,-38.50
172,3,10,40,25,1,20,-95.0,150.0,73.47374560448212,0.4898,4,-51.85
172,4,40,40,25,1,20,-95.0,150.0,62.352013995308894,0.4157,4,-45.56
173,0,10,10,25,1,20,-95.0,150.0,94.90708526132079,0.6327,5,-52.29
173,1,40,10,25,11,20,-95.0,150.0,109.75710028992745,0.7317,7,-47.57
173,2,25,25,25,1,20,-95.0,150.0,66.44640609482175,0.4430,5,-41.58
173,3,10,40,25,1,20,-95.0,150.0,68.45535777664547,0.4564,4,-51.65
173,4,40,40,25,1,20,-95.0,150.0,62.352013995308894,0.4157,4,-42.32
174,0,10,10,25,1,20,-95.0,150.0,94.90708526132079,0.6327,5,-53.31
174,1,40,10,25,11,20,-95.0,150.0,114.98744136228893,0.7666,7,-45.78
174,2,25,25,25,1,20,-95.0,150.0,66.44640609482175,0.4430,5,-43.47
174,3,10,40,25,1,20,-95.0,150.0,64.19842267014432,0.4280,4,-51.37
174,4,40,40,25,1,20,-95.0,150.0,62.352013995308894,0.4157,4,-40.36
175,0,10,10,25,1,20,-95.0,150.0,70.3055511288743,0.4687,4,-53.95
175,1,40,10,25,11,20,-95.0,150.0,138.66792902343374,0.9245,8,-44.49
175,2,25,25,25,1,20,-95.0,150.0,77.12359478015162,0.5142,6,-43.78
175,3,10,40,25,1,20,-95.0,150.0,35.85655665907301,0.2390,2,-51.30
175,4,40,40,25,1,20,-95.0,150.0,77.07070614503243,0.5138,5,-42.49
176,0,10,10,25,1,20,-95.0,150.0,70.3055511288743,0.4687,4,-54.29
176,1,40,10,25,11,20,-95.0,150.0,139.58897549473542,0.9306,8,-45.85
176,2,25,25,25,1,20,-95.0,150.0,77.12359478015162,0.5142,6,-42.28
176,3,10,40,25,1,20,-95.0,150.0,35.85655665907301,0.2390,2,-51.90
176,4,40,40,25,1,20,-95.0,150.0,80.81154198861006,0.5387,5,-45.43
177,0,10,10,25,1,20,-95.0,150.0,54.88618716001813,0.3659,3,-54.03
177,1,40,10,25,11,20,-95.0,150.0,132.92517019071963,0.8862,7,-48.37
177,2,25,25,25,1,20,-95.0,150.0,99.20676405302356,0.6614,8,-42.16
177,3,10,40,25,1,20,-95.0,150.0,35.85655665907301,0.2390,2,-52.29
177,4,40,40,25,1,20,-95.0,150.0,85.73617339968328,0.5716,5,-48.58
178,0,10,10,25,1,20,-95.0,150.0,54.88618716001813,0.3659,3,-53.13
178,1,40,10,25,11,20,-95.0,150.0,132.92517019071963,0.8862,7,-49.72
178,2,25,25,25,1,20,-95.0,150.0,114.36045548133768,0.7624,9,-44.22
178,3,10,40,25,1,20,-95.0,150.0,18.81357842467453,0.1254,1,-52.63
178,4,40,40,25,1,20,-95.0,150.0,90.13477031374259,0.6009,5,-50.21
179,0,10,10,25,1,20,-95.0,150.0,54.88618716001813,0.3659,3,-51.27
179,1,40,10,25,11,20,-95.0,150.0,132.92517019071963,0.8862,7,-50.42
179,2,25,25,25,1,20,-95.0,150.0,112.91604097784366,0.7528,9,-46.84
179,3,10,40,25,1,20,-95.0,150.0,18.81357842467453,0.1254,1,-52.72
179,4,40,40,25,1,20,-95.0,150.0,90.13477031374259,0.6009,5,-51.28
180,0,10,10,25,1,20,-95.0,150.0,54.88618716001813,0.3659,3,-47.80
180,1,40,10,25,11,20,-95.0,150.0,132.92517019071963,0.8862,7,-50.70
180,2,25,25,25,1,20,-95.0,150.0,116.24974228742204,0.7750,9,-48.12
180,3,10,40,25,1,20,-95.0,150.0,18.81357842467453,0.1254,1,-53.03
180,4,40,40,25,1,20,-95.0,150.0,90.13477031374259,0.6009,5,-52.10
181,0,10,10,25,1,20,-95.0,150.0,54.88618716001813,0.3659,3,-41.29
181,1,40,10,25,11,20,-95.0,150.0,123.89305354143914,0.8260,6,-50.96
181,2,25,25,25,1,20,-95.0,150.0,117.61400567571438,0.7841,9,-49.05
181,3,10,40,25,1,20,-95.0,150.0,26.481431685662663,0.1765,2,-53.08
181,4,40,40,25,1,20,-95.0,150.0,90.13477031374259,0.6009,5,-52.54
182,0,10,10,25,1,20,-95.0,150.0,54.88618716001813,0.3659,3,-33.19
182,1,40,10,25,11,20,-95.0,150.0,123.89305354143914,0.8260,6,-50.71
182,2,25,25,25,1,20,-95.0,150.0,107.81017814441476,0.7187,8,-49.72
182,3,10,40,25,1,20,-95.0,150.0,36.285259216962274,0.2419,3,-53.12
182,4,40,40,25,1,20,-95.0,150.0,88.91609757590857,0.5928,5,-52.85
183,0,10,10,25,1,20,-95.0,150.0,54.88618716001813,0.3659,3,-36.79
183,1,40,10,25,11,20,-95.0,150.0,123.89305354143914,0.8260,6,-49.85
183,2,25,25,25,1,20,-95.0,150.0,90.76719991001629,0.6051,7,-49.84
183,3,10,40,25,1,20,-95.0,150.0,36.285259216962274,0.2419,3,-52.84
183,4,40,40,25,1,20,-95.0,150.0,103.78508995642949,0.6919,6,-52.96
184,0,10,10,25,1,20,-95.0,150.0,75.75473874462617,0.5050,4,-44.93
184,1,40,10,25,11,20,-95.0,150.0,99.29151940899266,0.6619,5,-48.07
184,2,25,25,25,1,20,-95.0,150.0,94.50018245785475,0.6300,7,-49.43
184,3,10,40,25,1,20,-95.0,150.0,36.285259216962274,0.2419,3,-51.99
184,4,40,40,25,1,20,-95.0,150.0,101.40467605834775,0.6760,6,-53.12
185,0,10,10,25,1,20,-95.0,150.0,70.57444686295126,0.4705,4,-49.77
185,1,40,10,25,11,20,-95.0,150.0,99.29151940899266,0.6619,5,-45.56
185,2,25,25,25,1,20,-95.0,150.0,94.50018245785475,0.6300,7,-48.76
185,3,10,40,25,1,20,-95.0,150.0,50.0340611735761,0.3336,4,-50.77
185,4,40,40,25,1,20,-95.0,150.0,86.15630787708723,0.5744,5,-53.40
