{
  "type": "array",
  "items": {
    "type": "object",
    "properties": {
      "scans": {
        "type": "array",
        "items": {
          "type": "object",
          "properties": {
            "timestamp": {
              "type": "float"
            },
            "center_frequency_hz": {
              "type": "float"
            },
            "dwell_time": {
              "type": "float"
            },
            "cca_busy_pct": {
              "type": "float"
            },
            "mean_energy": {
              "type": "float"
            },
            "wifi_airtime_pct": {
              "type": "float"
            },
            "noise_floor_dbm": {
              "type": "float"
            },
            "snr_db": {
              "type": "float"
            },
            "nonwifi_classifier_predictions": {
              "type": "array",
              "items": {
                "type": "object",
                "properties": {
                  "start_us": {
                    "type": "float"
                  },
                  "end_us": {
                    "type": "float"
                  },
                  "predicted_label": {
                    "type": "str"
                  },
                  "confidence": {
                    "type": "float"
                  },
                  "center_freq_abs_hz": {
                    "type": "float"
                  },
                  "bandwidth_hz": {
                    "type": "float"
                  },
                  "duty_cycle": {
                    "type": "float"
                  }
                }
              }
            }
          }
        }
      },
      "epoch_end_timestamp": {
        "type": "float"
      },
      "epoch_t": {
        "type": "int"
      },
      "actual_rewards": {
        "type": "array",
        "items": {
          "type": "float"
        }
      },
      "reward_this_epoch": {
        "type": "float"
      },
      "equal_rewards": {
        "type": "float"
      },
      "random_rewards": {
        "type": "float"
      },
      "optimal": {
        "type": "int"
      }
    }
  }
}
