{
  "num_epochs": 3647,
  "total_scans": 21882,
  "distinct_frequencies": 3,
  "frequency_counts": {
    "2412000000.0": 7294,
    "2437000000.0": 7294,
    "2462000000.0": 7294
  },
  "total_dwell_time_seconds": 7749875.0,
  "wall_clock_timespan_seconds": 49815.192952394485,
  "reward_stats": {
    "count": 10941,
    "sum": -7354.7,
    "avg": -0.6722146056119185,
    "min": -1.6,
    "max": -0.1
  },
  "label_stats": {
    "Zigbee": {
      "count": 32146,
      "avg_duty_cycle": 0.012051791740131613,
      "duty_min": 0.00034638032559736605,
      "duty_max": 0.7279843444227007,
      "avg_confidence": 0.9930715935333901,
      "confidence_min": 0.9930715935334873,
      "confidence_max": 0.9930715935334873,
      "avg_bandwidth": 13985526.970696198,
      "bandwidth_min": 312500.0,
      "bandwidth_max": 17500000.0
    },
    "BLE": {
      "count": 138118,
      "avg_duty_cycle": 0.004613195544733469,
      "duty_min": 0.00034638032559736605,
      "duty_max": 1.0,
      "avg_confidence": 0.8667775621820281,
      "confidence_min": 0.5333333333333333,
      "confidence_max": 1.0,
      "avg_bandwidth": 9299084.387987083,
      "bandwidth_min": 312500.0,
      "bandwidth_max": 17500000.0
    }
  },
  "snr_db": {
    "min": 69.94902640092877,
    "max": 80.73203581050171,
    "avg": 78.52495695688596
  },
  "noise_floor_dbm": {
    "min": -52.235786312728976,
    "max": -44.20724198616723,
    "avg": -51.81433772951856
  }
}
